Year,Units,Time series,Area,COMMENT_OBS_0,Länder,GeoCode,Value
2007,Gini coefficient,<u>Time series of the indicator:</u> Gini coefficient of equivalised disposable income,Germany,,,,0.304
2008,Gini coefficient,<u>Time series of the indicator:</u> Gini coefficient of equivalised disposable income,Germany,,,,0.302
2009,Gini coefficient,<u>Time series of the indicator:</u> Gini coefficient of equivalised disposable income,Germany,,,,0.291
2010,Gini coefficient,<u>Time series of the indicator:</u> Gini coefficient of equivalised disposable income,Germany,,,,0.293
2011,Gini coefficient,<u>Time series of the indicator:</u> Gini coefficient of equivalised disposable income,Germany,,,,0.29
2012,Gini coefficient,<u>Time series of the indicator:</u> Gini coefficient of equivalised disposable income,Germany,,,,0.283
2013,Gini coefficient,<u>Time series of the indicator:</u> Gini coefficient of equivalised disposable income,Germany,,,,0.297
2014,Gini coefficient,<u>Time series of the indicator:</u> Gini coefficient of equivalised disposable income,Germany,,,,0.307
2015,Gini coefficient,<u>Time series of the indicator:</u> Gini coefficient of equivalised disposable income,Germany,,,,0.301
2016,Gini coefficient,<u>Time series of the indicator:</u> Gini coefficient of equivalised disposable income,Germany,,,,0.295
2017,Gini coefficient,<u>Time series of the indicator:</u> Gini coefficient of equivalised disposable income,Germany,,,,0.291
2018,Gini coefficient,<u>Time series of the indicator:</u> Gini coefficient of equivalised disposable income,Germany,,,,0.311
2019,Gini coefficient,<u>Time series of the indicator:</u> Gini coefficient of equivalised disposable income,Germany,,,,0.297
2020,Gini coefficient,<u>Time series of the indicator:</u> Gini coefficient of equivalised disposable income,Germany,,,,0.305
2021,Gini coefficient,<u>Time series of the indicator:</u> Gini coefficient of equivalised disposable income,Germany,,,,0.312
2022,Gini coefficient,<u>Time series of the indicator:</u> Gini coefficient of equivalised disposable income,Germany,,,,0.29
2023,Gini coefficient,<u>Time series of the indicator:</u> Gini coefficient of equivalised disposable income,Germany,,,,0.294
2024,Gini coefficient,<u>Time series of the indicator:</u> Gini coefficient of equivalised disposable income,Germany,,,,0.295
2007,Gini coefficient,<u>Time series of the indicator:</u> Gini coefficient of equivalised disposable income,European Union,,,,0.306
2008,Gini coefficient,<u>Time series of the indicator:</u> Gini coefficient of equivalised disposable income,European Union,,,,0.31
2009,Gini coefficient,<u>Time series of the indicator:</u> Gini coefficient of equivalised disposable income,European Union,,,,0.306
2010,Gini coefficient,<u>Time series of the indicator:</u> Gini coefficient of equivalised disposable income,European Union,,,,0.305
2011,Gini coefficient,<u>Time series of the indicator:</u> Gini coefficient of equivalised disposable income,European Union,,,,0.308
2012,Gini coefficient,<u>Time series of the indicator:</u> Gini coefficient of equivalised disposable income,European Union,,,,0.305
2013,Gini coefficient,<u>Time series of the indicator:</u> Gini coefficient of equivalised disposable income,European Union,,,,0.305
2014,Gini coefficient,<u>Time series of the indicator:</u> Gini coefficient of equivalised disposable income,European Union,,,,0.309
2015,Gini coefficient,<u>Time series of the indicator:</u> Gini coefficient of equivalised disposable income,European Union,,,,0.308
2016,Gini coefficient,<u>Time series of the indicator:</u> Gini coefficient of equivalised disposable income,European Union,,,,0.306
2017,Gini coefficient,<u>Time series of the indicator:</u> Gini coefficient of equivalised disposable income,European Union,,,,0.303
2018,Gini coefficient,<u>Time series of the indicator:</u> Gini coefficient of equivalised disposable income,European Union,,,,0.304
2019,Gini coefficient,<u>Time series of the indicator:</u> Gini coefficient of equivalised disposable income,European Union,,,,0.302
2020,Gini coefficient,<u>Time series of the indicator:</u> Gini coefficient of equivalised disposable income,European Union,,,,0.3
2021,Gini coefficient,<u>Time series of the indicator:</u> Gini coefficient of equivalised disposable income,European Union,,,,0.302
2022,Gini coefficient,<u>Time series of the indicator:</u> Gini coefficient of equivalised disposable income,European Union,,,,0.296
2023,Gini coefficient,<u>Time series of the indicator:</u> Gini coefficient of equivalised disposable income,European Union,,,,0.296
2024,Gini coefficient,<u>Time series of the indicator:</u> Gini coefficient of equivalised disposable income,European Union,,,,0.293
2007,Gini coefficient,<u>Additional time series:</u> Gini coefficient of equivalised disposable income before social transfers,Germany,,,,0.373
2008,Gini coefficient,<u>Additional time series:</u> Gini coefficient of equivalised disposable income before social transfers,Germany,,,,0.367
2009,Gini coefficient,<u>Additional time series:</u> Gini coefficient of equivalised disposable income before social transfers,Germany,,,,0.355
2010,Gini coefficient,<u>Additional time series:</u> Gini coefficient of equivalised disposable income before social transfers,Germany,,,,0.359
2011,Gini coefficient,<u>Additional time series:</u> Gini coefficient of equivalised disposable income before social transfers,Germany,,,,0.358
2012,Gini coefficient,<u>Additional time series:</u> Gini coefficient of equivalised disposable income before social transfers,Germany,,,,0.345
2013,Gini coefficient,<u>Additional time series:</u> Gini coefficient of equivalised disposable income before social transfers,Germany,,,,0.362
2014,Gini coefficient,<u>Additional time series:</u> Gini coefficient of equivalised disposable income before social transfers,Germany,,,,0.371
2015,Gini coefficient,<u>Additional time series:</u> Gini coefficient of equivalised disposable income before social transfers,Germany,,,,0.363
2016,Gini coefficient,<u>Additional time series:</u> Gini coefficient of equivalised disposable income before social transfers,Germany,,,,0.359
2017,Gini coefficient,<u>Additional time series:</u> Gini coefficient of equivalised disposable income before social transfers,Germany,,,,0.35
2018,Gini coefficient,<u>Additional time series:</u> Gini coefficient of equivalised disposable income before social transfers,Germany,,,,0.366
2019,Gini coefficient,<u>Additional time series:</u> Gini coefficient of equivalised disposable income before social transfers,Germany,,,,0.352
2020,Gini coefficient,<u>Additional time series:</u> Gini coefficient of equivalised disposable income before social transfers,Germany,,,,0.362
2021,Gini coefficient,<u>Additional time series:</u> Gini coefficient of equivalised disposable income before social transfers,Germany,,,,0.381
2022,Gini coefficient,<u>Additional time series:</u> Gini coefficient of equivalised disposable income before social transfers,Germany,r,,,0.356
2023,Gini coefficient,<u>Additional time series:</u> Gini coefficient of equivalised disposable income before social transfers,Germany,,,,0.358
2024,Gini coefficient,<u>Additional time series:</u> Gini coefficient of equivalised disposable income before social transfers,Germany,,,,0.355
2007,Gini coefficient,<u>Additional time series:</u> Gini coefficient of equivalised disposable income before social transfers,European Union,,,,0.361
2008,Gini coefficient,<u>Additional time series:</u> Gini coefficient of equivalised disposable income before social transfers,European Union,,,,0.361
2009,Gini coefficient,<u>Additional time series:</u> Gini coefficient of equivalised disposable income before social transfers,European Union,,,,0.36
2010,Gini coefficient,<u>Additional time series:</u> Gini coefficient of equivalised disposable income before social transfers,European Union,,,,0.363
2011,Gini coefficient,<u>Additional time series:</u> Gini coefficient of equivalised disposable income before social transfers,European Union,,,,0.366
2012,Gini coefficient,<u>Additional time series:</u> Gini coefficient of equivalised disposable income before social transfers,European Union,,,,0.36
2013,Gini coefficient,<u>Additional time series:</u> Gini coefficient of equivalised disposable income before social transfers,European Union,,,,0.363
2014,Gini coefficient,<u>Additional time series:</u> Gini coefficient of equivalised disposable income before social transfers,European Union,,,,0.366
2015,Gini coefficient,<u>Additional time series:</u> Gini coefficient of equivalised disposable income before social transfers,European Union,,,,0.365
2016,Gini coefficient,<u>Additional time series:</u> Gini coefficient of equivalised disposable income before social transfers,European Union,,,,0.362
2017,Gini coefficient,<u>Additional time series:</u> Gini coefficient of equivalised disposable income before social transfers,European Union,,,,0.359
2018,Gini coefficient,<u>Additional time series:</u> Gini coefficient of equivalised disposable income before social transfers,European Union,,,,0.359
2019,Gini coefficient,<u>Additional time series:</u> Gini coefficient of equivalised disposable income before social transfers,European Union,s,,,0.355
2020,Gini coefficient,<u>Additional time series:</u> Gini coefficient of equivalised disposable income before social transfers,European Union,,,,0.349
2021,Gini coefficient,<u>Additional time series:</u> Gini coefficient of equivalised disposable income before social transfers,European Union,,,,0.36
2022,Gini coefficient,<u>Additional time series:</u> Gini coefficient of equivalised disposable income before social transfers,European Union,,,,0.349
2023,Gini coefficient,<u>Additional time series:</u> Gini coefficient of equivalised disposable income before social transfers,European Union,,,,0.347
2024,Gini coefficient,<u>Additional time series:</u> Gini coefficient of equivalised disposable income before social transfers,European Union,,,,0.344
2007,Gini coefficient,<u>Additional time series:</u> Gini coefficient of equivalised market income,Germany,.,,,
2008,Gini coefficient,<u>Additional time series:</u> Gini coefficient of equivalised market income,Germany,.,,,
2009,Gini coefficient,<u>Additional time series:</u> Gini coefficient of equivalised market income,Germany,.,,,
2010,Gini coefficient,<u>Additional time series:</u> Gini coefficient of equivalised market income,Germany,.,,,
2011,Gini coefficient,<u>Additional time series:</u> Gini coefficient of equivalised market income,Germany,.,,,
2012,Gini coefficient,<u>Additional time series:</u> Gini coefficient of equivalised market income,Germany,.,,,
2013,Gini coefficient,<u>Additional time series:</u> Gini coefficient of equivalised market income,Germany,.,,,
2014,Gini coefficient,<u>Additional time series:</u> Gini coefficient of equivalised market income,Germany,.,,,
2015,Gini coefficient,<u>Additional time series:</u> Gini coefficient of equivalised market income,Germany,.,,,
2016,Gini coefficient,<u>Additional time series:</u> Gini coefficient of equivalised market income,Germany,.,,,
2017,Gini coefficient,<u>Additional time series:</u> Gini coefficient of equivalised market income,Germany,.,,,
2018,Gini coefficient,<u>Additional time series:</u> Gini coefficient of equivalised market income,Germany,.,,,
2019,Gini coefficient,<u>Additional time series:</u> Gini coefficient of equivalised market income,Germany,.,,,
2020,Gini coefficient,<u>Additional time series:</u> Gini coefficient of equivalised market income,Germany,,,,0.409
2021,Gini coefficient,<u>Additional time series:</u> Gini coefficient of equivalised market income,Germany,,,,0.454
2022,Gini coefficient,<u>Additional time series:</u> Gini coefficient of equivalised market income,Germany,,,,0.46
2023,Gini coefficient,<u>Additional time series:</u> Gini coefficient of equivalised market income,Germany,,,,0.461
2024,Gini coefficient,<u>Additional time series:</u> Gini coefficient of equivalised market income,Germany,,,,0.477
2007,Gini coefficient,<u>Additional time series:</u> Gini coefficient of wealth,Germany,.,,,
2008,Gini coefficient,<u>Additional time series:</u> Gini coefficient of wealth,Germany,.,,,
2009,Gini coefficient,<u>Additional time series:</u> Gini coefficient of wealth,Germany,.,,,
2010,Gini coefficient,<u>Additional time series:</u> Gini coefficient of wealth,Germany,,,,0.758
2011,Gini coefficient,<u>Additional time series:</u> Gini coefficient of wealth,Germany,.,,,
2012,Gini coefficient,<u>Additional time series:</u> Gini coefficient of wealth,Germany,.,,,
2013,Gini coefficient,<u>Additional time series:</u> Gini coefficient of wealth,Germany,.,,,
2014,Gini coefficient,<u>Additional time series:</u> Gini coefficient of wealth,Germany,,,,0.762
2015,Gini coefficient,<u>Additional time series:</u> Gini coefficient of wealth,Germany,.,,,
2016,Gini coefficient,<u>Additional time series:</u> Gini coefficient of wealth,Germany,.,,,
2017,Gini coefficient,<u>Additional time series:</u> Gini coefficient of wealth,Germany,,,,0.739
2018,Gini coefficient,<u>Additional time series:</u> Gini coefficient of wealth,Germany,.,,,
2019,Gini coefficient,<u>Additional time series:</u> Gini coefficient of wealth,Germany,.,,,
2020,Gini coefficient,<u>Additional time series:</u> Gini coefficient of wealth,Germany,.,,,
2021,Gini coefficient,<u>Additional time series:</u> Gini coefficient of wealth,Germany,,,,0.728
2022,Gini coefficient,<u>Additional time series:</u> Gini coefficient of wealth,Germany,.,,,
2023,Gini coefficient,<u>Additional time series:</u> Gini coefficient of wealth,Germany,,,,0.724
2024,Gini coefficient,<u>Additional time series:</u> Gini coefficient of wealth,Germany,…,,,
2007,Gini coefficient,<u>Additional time series:</u> Gini coefficient of wealth,Eurozone,.,,,
2008,Gini coefficient,<u>Additional time series:</u> Gini coefficient of wealth,Eurozone,.,,,
2009,Gini coefficient,<u>Additional time series:</u> Gini coefficient of wealth,Eurozone,.,,,
2010,Gini coefficient,<u>Additional time series:</u> Gini coefficient of wealth,Eurozone,,,,0.68
2011,Gini coefficient,<u>Additional time series:</u> Gini coefficient of wealth,Eurozone,.,,,
2012,Gini coefficient,<u>Additional time series:</u> Gini coefficient of wealth,Eurozone,.,,,
2013,Gini coefficient,<u>Additional time series:</u> Gini coefficient of wealth,Eurozone,.,,,
2014,Gini coefficient,<u>Additional time series:</u> Gini coefficient of wealth,Eurozone,,,,0.685
2015,Gini coefficient,<u>Additional time series:</u> Gini coefficient of wealth,Eurozone,.,,,
2016,Gini coefficient,<u>Additional time series:</u> Gini coefficient of wealth,Eurozone,.,,,
2017,Gini coefficient,<u>Additional time series:</u> Gini coefficient of wealth,Eurozone,,,,0.695
2018,Gini coefficient,<u>Additional time series:</u> Gini coefficient of wealth,Eurozone,.,,,
2019,Gini coefficient,<u>Additional time series:</u> Gini coefficient of wealth,Eurozone,.,,,
2020,Gini coefficient,<u>Additional time series:</u> Gini coefficient of wealth,Eurozone,.,,,
2021,Gini coefficient,<u>Additional time series:</u> Gini coefficient of wealth,Eurozone,,,,0.694
2022,Gini coefficient,<u>Additional time series:</u> Gini coefficient of wealth,Eurozone,…,,,
2023,Gini coefficient,<u>Additional time series:</u> Gini coefficient of wealth,Eurozone,…,,,
2024,Gini coefficient,<u>Additional time series:</u> Gini coefficient of wealth,Eurozone,…,,,
2007,Gini coefficient,<u>Additional time series:</u> Gini coefficient of equivalised disposable income before social transfers,,.,Baden-Wuerttemberg,code08,
2008,Gini coefficient,<u>Additional time series:</u> Gini coefficient of equivalised disposable income before social transfers,,.,Baden-Wuerttemberg,code08,
2009,Gini coefficient,<u>Additional time series:</u> Gini coefficient of equivalised disposable income before social transfers,,.,Baden-Wuerttemberg,code08,
2010,Gini coefficient,<u>Additional time series:</u> Gini coefficient of equivalised disposable income before social transfers,,.,Baden-Wuerttemberg,code08,
2011,Gini coefficient,<u>Additional time series:</u> Gini coefficient of equivalised disposable income before social transfers,,.,Baden-Wuerttemberg,code08,
2012,Gini coefficient,<u>Additional time series:</u> Gini coefficient of equivalised disposable income before social transfers,,.,Baden-Wuerttemberg,code08,
2013,Gini coefficient,<u>Additional time series:</u> Gini coefficient of equivalised disposable income before social transfers,,.,Baden-Wuerttemberg,code08,
2014,Gini coefficient,<u>Additional time series:</u> Gini coefficient of equivalised disposable income before social transfers,,.,Baden-Wuerttemberg,code08,
2015,Gini coefficient,<u>Additional time series:</u> Gini coefficient of equivalised disposable income before social transfers,,.,Baden-Wuerttemberg,code08,
2016,Gini coefficient,<u>Additional time series:</u> Gini coefficient of equivalised disposable income before social transfers,,.,Baden-Wuerttemberg,code08,
2017,Gini coefficient,<u>Additional time series:</u> Gini coefficient of equivalised disposable income before social transfers,,.,Baden-Wuerttemberg,code08,
2018,Gini coefficient,<u>Additional time series:</u> Gini coefficient of equivalised disposable income before social transfers,,.,Baden-Wuerttemberg,code08,
2019,Gini coefficient,<u>Additional time series:</u> Gini coefficient of equivalised disposable income before social transfers,,.,Baden-Wuerttemberg,code08,
2020,Gini coefficient,<u>Additional time series:</u> Gini coefficient of equivalised disposable income before social transfers,,.,Baden-Wuerttemberg,code08,
2021,Gini coefficient,<u>Additional time series:</u> Gini coefficient of equivalised disposable income before social transfers,,,Baden-Wuerttemberg,code08,0.291
2022,Gini coefficient,<u>Additional time series:</u> Gini coefficient of equivalised disposable income before social transfers,,.,Baden-Wuerttemberg,code08,
2023,Gini coefficient,<u>Additional time series:</u> Gini coefficient of equivalised disposable income before social transfers,,,Baden-Wuerttemberg,code08,0.281
2024,Gini coefficient,<u>Additional time series:</u> Gini coefficient of equivalised disposable income before social transfers,,,Baden-Wuerttemberg,code08,0.284
2007,Gini coefficient,<u>Additional time series:</u> Gini coefficient of equivalised disposable income before social transfers,,.,Bavaria,code09,
2008,Gini coefficient,<u>Additional time series:</u> Gini coefficient of equivalised disposable income before social transfers,,.,Bavaria,code09,
2009,Gini coefficient,<u>Additional time series:</u> Gini coefficient of equivalised disposable income before social transfers,,.,Bavaria,code09,
2010,Gini coefficient,<u>Additional time series:</u> Gini coefficient of equivalised disposable income before social transfers,,.,Bavaria,code09,
2011,Gini coefficient,<u>Additional time series:</u> Gini coefficient of equivalised disposable income before social transfers,,.,Bavaria,code09,
2012,Gini coefficient,<u>Additional time series:</u> Gini coefficient of equivalised disposable income before social transfers,,.,Bavaria,code09,
2013,Gini coefficient,<u>Additional time series:</u> Gini coefficient of equivalised disposable income before social transfers,,.,Bavaria,code09,
2014,Gini coefficient,<u>Additional time series:</u> Gini coefficient of equivalised disposable income before social transfers,,.,Bavaria,code09,
2015,Gini coefficient,<u>Additional time series:</u> Gini coefficient of equivalised disposable income before social transfers,,.,Bavaria,code09,
2016,Gini coefficient,<u>Additional time series:</u> Gini coefficient of equivalised disposable income before social transfers,,.,Bavaria,code09,
2017,Gini coefficient,<u>Additional time series:</u> Gini coefficient of equivalised disposable income before social transfers,,.,Bavaria,code09,
2018,Gini coefficient,<u>Additional time series:</u> Gini coefficient of equivalised disposable income before social transfers,,.,Bavaria,code09,
2019,Gini coefficient,<u>Additional time series:</u> Gini coefficient of equivalised disposable income before social transfers,,.,Bavaria,code09,
2020,Gini coefficient,<u>Additional time series:</u> Gini coefficient of equivalised disposable income before social transfers,,.,Bavaria,code09,
2021,Gini coefficient,<u>Additional time series:</u> Gini coefficient of equivalised disposable income before social transfers,,,Bavaria,code09,0.326
2022,Gini coefficient,<u>Additional time series:</u> Gini coefficient of equivalised disposable income before social transfers,,.,Bavaria,code09,
2023,Gini coefficient,<u>Additional time series:</u> Gini coefficient of equivalised disposable income before social transfers,,,Bavaria,code09,0.302
2024,Gini coefficient,<u>Additional time series:</u> Gini coefficient of equivalised disposable income before social transfers,,,Bavaria,code09,0.308
2007,Gini coefficient,<u>Additional time series:</u> Gini coefficient of equivalised disposable income before social transfers,,.,Berlin,code11,
2008,Gini coefficient,<u>Additional time series:</u> Gini coefficient of equivalised disposable income before social transfers,,.,Berlin,code11,
2009,Gini coefficient,<u>Additional time series:</u> Gini coefficient of equivalised disposable income before social transfers,,.,Berlin,code11,
2010,Gini coefficient,<u>Additional time series:</u> Gini coefficient of equivalised disposable income before social transfers,,.,Berlin,code11,
2011,Gini coefficient,<u>Additional time series:</u> Gini coefficient of equivalised disposable income before social transfers,,.,Berlin,code11,
2012,Gini coefficient,<u>Additional time series:</u> Gini coefficient of equivalised disposable income before social transfers,,.,Berlin,code11,
2013,Gini coefficient,<u>Additional time series:</u> Gini coefficient of equivalised disposable income before social transfers,,.,Berlin,code11,
2014,Gini coefficient,<u>Additional time series:</u> Gini coefficient of equivalised disposable income before social transfers,,.,Berlin,code11,
2015,Gini coefficient,<u>Additional time series:</u> Gini coefficient of equivalised disposable income before social transfers,,.,Berlin,code11,
2016,Gini coefficient,<u>Additional time series:</u> Gini coefficient of equivalised disposable income before social transfers,,.,Berlin,code11,
2017,Gini coefficient,<u>Additional time series:</u> Gini coefficient of equivalised disposable income before social transfers,,.,Berlin,code11,
2018,Gini coefficient,<u>Additional time series:</u> Gini coefficient of equivalised disposable income before social transfers,,.,Berlin,code11,
2019,Gini coefficient,<u>Additional time series:</u> Gini coefficient of equivalised disposable income before social transfers,,.,Berlin,code11,
2020,Gini coefficient,<u>Additional time series:</u> Gini coefficient of equivalised disposable income before social transfers,,.,Berlin,code11,
2021,Gini coefficient,<u>Additional time series:</u> Gini coefficient of equivalised disposable income before social transfers,,,Berlin,code11,0.316
2022,Gini coefficient,<u>Additional time series:</u> Gini coefficient of equivalised disposable income before social transfers,,.,Berlin,code11,
2023,Gini coefficient,<u>Additional time series:</u> Gini coefficient of equivalised disposable income before social transfers,,,Berlin,code11,0.287
2024,Gini coefficient,<u>Additional time series:</u> Gini coefficient of equivalised disposable income before social transfers,,,Berlin,code11,0.293
2007,Gini coefficient,<u>Additional time series:</u> Gini coefficient of equivalised disposable income before social transfers,,.,Brandenburg,code12,
2008,Gini coefficient,<u>Additional time series:</u> Gini coefficient of equivalised disposable income before social transfers,,.,Brandenburg,code12,
2009,Gini coefficient,<u>Additional time series:</u> Gini coefficient of equivalised disposable income before social transfers,,.,Brandenburg,code12,
2010,Gini coefficient,<u>Additional time series:</u> Gini coefficient of equivalised disposable income before social transfers,,.,Brandenburg,code12,
2011,Gini coefficient,<u>Additional time series:</u> Gini coefficient of equivalised disposable income before social transfers,,.,Brandenburg,code12,
2012,Gini coefficient,<u>Additional time series:</u> Gini coefficient of equivalised disposable income before social transfers,,.,Brandenburg,code12,
2013,Gini coefficient,<u>Additional time series:</u> Gini coefficient of equivalised disposable income before social transfers,,.,Brandenburg,code12,
2014,Gini coefficient,<u>Additional time series:</u> Gini coefficient of equivalised disposable income before social transfers,,.,Brandenburg,code12,
2015,Gini coefficient,<u>Additional time series:</u> Gini coefficient of equivalised disposable income before social transfers,,.,Brandenburg,code12,
2016,Gini coefficient,<u>Additional time series:</u> Gini coefficient of equivalised disposable income before social transfers,,.,Brandenburg,code12,
2017,Gini coefficient,<u>Additional time series:</u> Gini coefficient of equivalised disposable income before social transfers,,.,Brandenburg,code12,
2018,Gini coefficient,<u>Additional time series:</u> Gini coefficient of equivalised disposable income before social transfers,,.,Brandenburg,code12,
2019,Gini coefficient,<u>Additional time series:</u> Gini coefficient of equivalised disposable income before social transfers,,.,Brandenburg,code12,
2020,Gini coefficient,<u>Additional time series:</u> Gini coefficient of equivalised disposable income before social transfers,,.,Brandenburg,code12,
2021,Gini coefficient,<u>Additional time series:</u> Gini coefficient of equivalised disposable income before social transfers,,,Brandenburg,code12,0.269
2022,Gini coefficient,<u>Additional time series:</u> Gini coefficient of equivalised disposable income before social transfers,,.,Brandenburg,code12,
2023,Gini coefficient,<u>Additional time series:</u> Gini coefficient of equivalised disposable income before social transfers,,,Brandenburg,code12,0.273
2024,Gini coefficient,<u>Additional time series:</u> Gini coefficient of equivalised disposable income before social transfers,,,Brandenburg,code12,0.259
2007,Gini coefficient,<u>Additional time series:</u> Gini coefficient of equivalised disposable income before social transfers,,.,Bremen,code04,
2008,Gini coefficient,<u>Additional time series:</u> Gini coefficient of equivalised disposable income before social transfers,,.,Bremen,code04,
2009,Gini coefficient,<u>Additional time series:</u> Gini coefficient of equivalised disposable income before social transfers,,.,Bremen,code04,
2010,Gini coefficient,<u>Additional time series:</u> Gini coefficient of equivalised disposable income before social transfers,,.,Bremen,code04,
2011,Gini coefficient,<u>Additional time series:</u> Gini coefficient of equivalised disposable income before social transfers,,.,Bremen,code04,
2012,Gini coefficient,<u>Additional time series:</u> Gini coefficient of equivalised disposable income before social transfers,,.,Bremen,code04,
2013,Gini coefficient,<u>Additional time series:</u> Gini coefficient of equivalised disposable income before social transfers,,.,Bremen,code04,
2014,Gini coefficient,<u>Additional time series:</u> Gini coefficient of equivalised disposable income before social transfers,,.,Bremen,code04,
2015,Gini coefficient,<u>Additional time series:</u> Gini coefficient of equivalised disposable income before social transfers,,.,Bremen,code04,
2016,Gini coefficient,<u>Additional time series:</u> Gini coefficient of equivalised disposable income before social transfers,,.,Bremen,code04,
2017,Gini coefficient,<u>Additional time series:</u> Gini coefficient of equivalised disposable income before social transfers,,.,Bremen,code04,
2018,Gini coefficient,<u>Additional time series:</u> Gini coefficient of equivalised disposable income before social transfers,,.,Bremen,code04,
2019,Gini coefficient,<u>Additional time series:</u> Gini coefficient of equivalised disposable income before social transfers,,.,Bremen,code04,
2020,Gini coefficient,<u>Additional time series:</u> Gini coefficient of equivalised disposable income before social transfers,,.,Bremen,code04,
2021,Gini coefficient,<u>Additional time series:</u> Gini coefficient of equivalised disposable income before social transfers,,,Bremen,code04,0.33
2022,Gini coefficient,<u>Additional time series:</u> Gini coefficient of equivalised disposable income before social transfers,,.,Bremen,code04,
2023,Gini coefficient,<u>Additional time series:</u> Gini coefficient of equivalised disposable income before social transfers,,,Bremen,code04,0.265
2024,Gini coefficient,<u>Additional time series:</u> Gini coefficient of equivalised disposable income before social transfers,,,Bremen,code04,0.299
2007,Gini coefficient,<u>Additional time series:</u> Gini coefficient of equivalised disposable income before social transfers,,.,Hamburg,code02,
2008,Gini coefficient,<u>Additional time series:</u> Gini coefficient of equivalised disposable income before social transfers,,.,Hamburg,code02,
2009,Gini coefficient,<u>Additional time series:</u> Gini coefficient of equivalised disposable income before social transfers,,.,Hamburg,code02,
2010,Gini coefficient,<u>Additional time series:</u> Gini coefficient of equivalised disposable income before social transfers,,.,Hamburg,code02,
2011,Gini coefficient,<u>Additional time series:</u> Gini coefficient of equivalised disposable income before social transfers,,.,Hamburg,code02,
2012,Gini coefficient,<u>Additional time series:</u> Gini coefficient of equivalised disposable income before social transfers,,.,Hamburg,code02,
2013,Gini coefficient,<u>Additional time series:</u> Gini coefficient of equivalised disposable income before social transfers,,.,Hamburg,code02,
2014,Gini coefficient,<u>Additional time series:</u> Gini coefficient of equivalised disposable income before social transfers,,.,Hamburg,code02,
2015,Gini coefficient,<u>Additional time series:</u> Gini coefficient of equivalised disposable income before social transfers,,.,Hamburg,code02,
2016,Gini coefficient,<u>Additional time series:</u> Gini coefficient of equivalised disposable income before social transfers,,.,Hamburg,code02,
2017,Gini coefficient,<u>Additional time series:</u> Gini coefficient of equivalised disposable income before social transfers,,.,Hamburg,code02,
2018,Gini coefficient,<u>Additional time series:</u> Gini coefficient of equivalised disposable income before social transfers,,.,Hamburg,code02,
2019,Gini coefficient,<u>Additional time series:</u> Gini coefficient of equivalised disposable income before social transfers,,.,Hamburg,code02,
2020,Gini coefficient,<u>Additional time series:</u> Gini coefficient of equivalised disposable income before social transfers,,,Hamburg,code02,
2021,Gini coefficient,<u>Additional time series:</u> Gini coefficient of equivalised disposable income before social transfers,,,Hamburg,code02,0.364
2022,Gini coefficient,<u>Additional time series:</u> Gini coefficient of equivalised disposable income before social transfers,,.,Hamburg,code02,
2023,Gini coefficient,<u>Additional time series:</u> Gini coefficient of equivalised disposable income before social transfers,,,Hamburg,code02,0.295
2024,Gini coefficient,<u>Additional time series:</u> Gini coefficient of equivalised disposable income before social transfers,,,Hamburg,code02,0.294
2007,Gini coefficient,<u>Additional time series:</u> Gini coefficient of equivalised disposable income before social transfers,,.,Hesse,code06,
2008,Gini coefficient,<u>Additional time series:</u> Gini coefficient of equivalised disposable income before social transfers,,.,Hesse,code06,
2009,Gini coefficient,<u>Additional time series:</u> Gini coefficient of equivalised disposable income before social transfers,,.,Hesse,code06,
2010,Gini coefficient,<u>Additional time series:</u> Gini coefficient of equivalised disposable income before social transfers,,.,Hesse,code06,
2011,Gini coefficient,<u>Additional time series:</u> Gini coefficient of equivalised disposable income before social transfers,,.,Hesse,code06,
2012,Gini coefficient,<u>Additional time series:</u> Gini coefficient of equivalised disposable income before social transfers,,.,Hesse,code06,
2013,Gini coefficient,<u>Additional time series:</u> Gini coefficient of equivalised disposable income before social transfers,,.,Hesse,code06,
2014,Gini coefficient,<u>Additional time series:</u> Gini coefficient of equivalised disposable income before social transfers,,.,Hesse,code06,
2015,Gini coefficient,<u>Additional time series:</u> Gini coefficient of equivalised disposable income before social transfers,,.,Hesse,code06,
2016,Gini coefficient,<u>Additional time series:</u> Gini coefficient of equivalised disposable income before social transfers,,.,Hesse,code06,
2017,Gini coefficient,<u>Additional time series:</u> Gini coefficient of equivalised disposable income before social transfers,,.,Hesse,code06,
2018,Gini coefficient,<u>Additional time series:</u> Gini coefficient of equivalised disposable income before social transfers,,.,Hesse,code06,
2019,Gini coefficient,<u>Additional time series:</u> Gini coefficient of equivalised disposable income before social transfers,,.,Hesse,code06,
2020,Gini coefficient,<u>Additional time series:</u> Gini coefficient of equivalised disposable income before social transfers,,.,Hesse,code06,
2021,Gini coefficient,<u>Additional time series:</u> Gini coefficient of equivalised disposable income before social transfers,,,Hesse,code06,0.34
2022,Gini coefficient,<u>Additional time series:</u> Gini coefficient of equivalised disposable income before social transfers,,.,Hesse,code06,
2023,Gini coefficient,<u>Additional time series:</u> Gini coefficient of equivalised disposable income before social transfers,,,Hesse,code06,0.308
2024,Gini coefficient,<u>Additional time series:</u> Gini coefficient of equivalised disposable income before social transfers,,,Hesse,code06,0.305
2007,Gini coefficient,<u>Additional time series:</u> Gini coefficient of equivalised disposable income before social transfers,,.,Mecklenburg Western Pomerania,code13,
2008,Gini coefficient,<u>Additional time series:</u> Gini coefficient of equivalised disposable income before social transfers,,.,Mecklenburg Western Pomerania,code13,
2009,Gini coefficient,<u>Additional time series:</u> Gini coefficient of equivalised disposable income before social transfers,,.,Mecklenburg Western Pomerania,code13,
2010,Gini coefficient,<u>Additional time series:</u> Gini coefficient of equivalised disposable income before social transfers,,.,Mecklenburg Western Pomerania,code13,
2011,Gini coefficient,<u>Additional time series:</u> Gini coefficient of equivalised disposable income before social transfers,,.,Mecklenburg Western Pomerania,code13,
2012,Gini coefficient,<u>Additional time series:</u> Gini coefficient of equivalised disposable income before social transfers,,.,Mecklenburg Western Pomerania,code13,
2013,Gini coefficient,<u>Additional time series:</u> Gini coefficient of equivalised disposable income before social transfers,,.,Mecklenburg Western Pomerania,code13,
2014,Gini coefficient,<u>Additional time series:</u> Gini coefficient of equivalised disposable income before social transfers,,.,Mecklenburg Western Pomerania,code13,
2015,Gini coefficient,<u>Additional time series:</u> Gini coefficient of equivalised disposable income before social transfers,,.,Mecklenburg Western Pomerania,code13,
2016,Gini coefficient,<u>Additional time series:</u> Gini coefficient of equivalised disposable income before social transfers,,.,Mecklenburg Western Pomerania,code13,
2017,Gini coefficient,<u>Additional time series:</u> Gini coefficient of equivalised disposable income before social transfers,,.,Mecklenburg Western Pomerania,code13,
2018,Gini coefficient,<u>Additional time series:</u> Gini coefficient of equivalised disposable income before social transfers,,.,Mecklenburg Western Pomerania,code13,
2019,Gini coefficient,<u>Additional time series:</u> Gini coefficient of equivalised disposable income before social transfers,,.,Mecklenburg Western Pomerania,code13,
2020,Gini coefficient,<u>Additional time series:</u> Gini coefficient of equivalised disposable income before social transfers,,,Mecklenburg Western Pomerania,code13,
2021,Gini coefficient,<u>Additional time series:</u> Gini coefficient of equivalised disposable income before social transfers,,,Mecklenburg Western Pomerania,code13,0.253
2022,Gini coefficient,<u>Additional time series:</u> Gini coefficient of equivalised disposable income before social transfers,,.,Mecklenburg Western Pomerania,code13,
2023,Gini coefficient,<u>Additional time series:</u> Gini coefficient of equivalised disposable income before social transfers,,,Mecklenburg Western Pomerania,code13,0.253
2024,Gini coefficient,<u>Additional time series:</u> Gini coefficient of equivalised disposable income before social transfers,,,Mecklenburg Western Pomerania,code13,0.245
2007,Gini coefficient,<u>Additional time series:</u> Gini coefficient of equivalised disposable income before social transfers,,.,Lower Saxony,code03,
2008,Gini coefficient,<u>Additional time series:</u> Gini coefficient of equivalised disposable income before social transfers,,.,Lower Saxony,code03,
2009,Gini coefficient,<u>Additional time series:</u> Gini coefficient of equivalised disposable income before social transfers,,.,Lower Saxony,code03,
2010,Gini coefficient,<u>Additional time series:</u> Gini coefficient of equivalised disposable income before social transfers,,.,Lower Saxony,code03,
2011,Gini coefficient,<u>Additional time series:</u> Gini coefficient of equivalised disposable income before social transfers,,.,Lower Saxony,code03,
2012,Gini coefficient,<u>Additional time series:</u> Gini coefficient of equivalised disposable income before social transfers,,.,Lower Saxony,code03,
2013,Gini coefficient,<u>Additional time series:</u> Gini coefficient of equivalised disposable income before social transfers,,.,Lower Saxony,code03,
2014,Gini coefficient,<u>Additional time series:</u> Gini coefficient of equivalised disposable income before social transfers,,.,Lower Saxony,code03,
2015,Gini coefficient,<u>Additional time series:</u> Gini coefficient of equivalised disposable income before social transfers,,.,Lower Saxony,code03,
2016,Gini coefficient,<u>Additional time series:</u> Gini coefficient of equivalised disposable income before social transfers,,.,Lower Saxony,code03,
2017,Gini coefficient,<u>Additional time series:</u> Gini coefficient of equivalised disposable income before social transfers,,.,Lower Saxony,code03,
2018,Gini coefficient,<u>Additional time series:</u> Gini coefficient of equivalised disposable income before social transfers,,.,Lower Saxony,code03,
2019,Gini coefficient,<u>Additional time series:</u> Gini coefficient of equivalised disposable income before social transfers,,.,Lower Saxony,code03,
2020,Gini coefficient,<u>Additional time series:</u> Gini coefficient of equivalised disposable income before social transfers,,.,Lower Saxony,code03,
2021,Gini coefficient,<u>Additional time series:</u> Gini coefficient of equivalised disposable income before social transfers,,,Lower Saxony,code03,0.317
2022,Gini coefficient,<u>Additional time series:</u> Gini coefficient of equivalised disposable income before social transfers,,.,Lower Saxony,code03,
2023,Gini coefficient,<u>Additional time series:</u> Gini coefficient of equivalised disposable income before social transfers,,,Lower Saxony,code03,0.294
2024,Gini coefficient,<u>Additional time series:</u> Gini coefficient of equivalised disposable income before social transfers,,,Lower Saxony,code03,0.287
2007,Gini coefficient,<u>Additional time series:</u> Gini coefficient of equivalised disposable income before social transfers,,.,North Rhine-Westphalia,code05,
2008,Gini coefficient,<u>Additional time series:</u> Gini coefficient of equivalised disposable income before social transfers,,.,North Rhine-Westphalia,code05,
2009,Gini coefficient,<u>Additional time series:</u> Gini coefficient of equivalised disposable income before social transfers,,.,North Rhine-Westphalia,code05,
2010,Gini coefficient,<u>Additional time series:</u> Gini coefficient of equivalised disposable income before social transfers,,.,North Rhine-Westphalia,code05,
2011,Gini coefficient,<u>Additional time series:</u> Gini coefficient of equivalised disposable income before social transfers,,.,North Rhine-Westphalia,code05,
2012,Gini coefficient,<u>Additional time series:</u> Gini coefficient of equivalised disposable income before social transfers,,.,North Rhine-Westphalia,code05,
2013,Gini coefficient,<u>Additional time series:</u> Gini coefficient of equivalised disposable income before social transfers,,.,North Rhine-Westphalia,code05,
2014,Gini coefficient,<u>Additional time series:</u> Gini coefficient of equivalised disposable income before social transfers,,.,North Rhine-Westphalia,code05,
2015,Gini coefficient,<u>Additional time series:</u> Gini coefficient of equivalised disposable income before social transfers,,.,North Rhine-Westphalia,code05,
2016,Gini coefficient,<u>Additional time series:</u> Gini coefficient of equivalised disposable income before social transfers,,.,North Rhine-Westphalia,code05,
2017,Gini coefficient,<u>Additional time series:</u> Gini coefficient of equivalised disposable income before social transfers,,.,North Rhine-Westphalia,code05,
2018,Gini coefficient,<u>Additional time series:</u> Gini coefficient of equivalised disposable income before social transfers,,.,North Rhine-Westphalia,code05,
2019,Gini coefficient,<u>Additional time series:</u> Gini coefficient of equivalised disposable income before social transfers,,.,North Rhine-Westphalia,code05,
2020,Gini coefficient,<u>Additional time series:</u> Gini coefficient of equivalised disposable income before social transfers,,,North Rhine-Westphalia,code05,
2021,Gini coefficient,<u>Additional time series:</u> Gini coefficient of equivalised disposable income before social transfers,,,North Rhine-Westphalia,code05,0.317
2022,Gini coefficient,<u>Additional time series:</u> Gini coefficient of equivalised disposable income before social transfers,,.,North Rhine-Westphalia,code05,
2023,Gini coefficient,<u>Additional time series:</u> Gini coefficient of equivalised disposable income before social transfers,,,North Rhine-Westphalia,code05,0.307
2024,Gini coefficient,<u>Additional time series:</u> Gini coefficient of equivalised disposable income before social transfers,,,North Rhine-Westphalia,code05,0.305
2007,Gini coefficient,<u>Additional time series:</u> Gini coefficient of equivalised disposable income before social transfers,,.,Rhineland Palatinate,code07,
2008,Gini coefficient,<u>Additional time series:</u> Gini coefficient of equivalised disposable income before social transfers,,.,Rhineland Palatinate,code07,
2009,Gini coefficient,<u>Additional time series:</u> Gini coefficient of equivalised disposable income before social transfers,,.,Rhineland Palatinate,code07,
2010,Gini coefficient,<u>Additional time series:</u> Gini coefficient of equivalised disposable income before social transfers,,.,Rhineland Palatinate,code07,
2011,Gini coefficient,<u>Additional time series:</u> Gini coefficient of equivalised disposable income before social transfers,,.,Rhineland Palatinate,code07,
2012,Gini coefficient,<u>Additional time series:</u> Gini coefficient of equivalised disposable income before social transfers,,.,Rhineland Palatinate,code07,
2013,Gini coefficient,<u>Additional time series:</u> Gini coefficient of equivalised disposable income before social transfers,,.,Rhineland Palatinate,code07,
2014,Gini coefficient,<u>Additional time series:</u> Gini coefficient of equivalised disposable income before social transfers,,.,Rhineland Palatinate,code07,
2015,Gini coefficient,<u>Additional time series:</u> Gini coefficient of equivalised disposable income before social transfers,,.,Rhineland Palatinate,code07,
2016,Gini coefficient,<u>Additional time series:</u> Gini coefficient of equivalised disposable income before social transfers,,.,Rhineland Palatinate,code07,
2017,Gini coefficient,<u>Additional time series:</u> Gini coefficient of equivalised disposable income before social transfers,,.,Rhineland Palatinate,code07,
2018,Gini coefficient,<u>Additional time series:</u> Gini coefficient of equivalised disposable income before social transfers,,.,Rhineland Palatinate,code07,
2019,Gini coefficient,<u>Additional time series:</u> Gini coefficient of equivalised disposable income before social transfers,,.,Rhineland Palatinate,code07,
2020,Gini coefficient,<u>Additional time series:</u> Gini coefficient of equivalised disposable income before social transfers,,,Rhineland Palatinate,code07,
2021,Gini coefficient,<u>Additional time series:</u> Gini coefficient of equivalised disposable income before social transfers,,,Rhineland Palatinate,code07,0.3
2022,Gini coefficient,<u>Additional time series:</u> Gini coefficient of equivalised disposable income before social transfers,,.,Rhineland Palatinate,code07,
2023,Gini coefficient,<u>Additional time series:</u> Gini coefficient of equivalised disposable income before social transfers,,,Rhineland Palatinate,code07,0.281
2024,Gini coefficient,<u>Additional time series:</u> Gini coefficient of equivalised disposable income before social transfers,,,Rhineland Palatinate,code07,0.288
2007,Gini coefficient,<u>Additional time series:</u> Gini coefficient of equivalised disposable income before social transfers,,.,Saarland,code10,
2008,Gini coefficient,<u>Additional time series:</u> Gini coefficient of equivalised disposable income before social transfers,,.,Saarland,code10,
2009,Gini coefficient,<u>Additional time series:</u> Gini coefficient of equivalised disposable income before social transfers,,.,Saarland,code10,
2010,Gini coefficient,<u>Additional time series:</u> Gini coefficient of equivalised disposable income before social transfers,,.,Saarland,code10,
2011,Gini coefficient,<u>Additional time series:</u> Gini coefficient of equivalised disposable income before social transfers,,.,Saarland,code10,
2012,Gini coefficient,<u>Additional time series:</u> Gini coefficient of equivalised disposable income before social transfers,,.,Saarland,code10,
2013,Gini coefficient,<u>Additional time series:</u> Gini coefficient of equivalised disposable income before social transfers,,.,Saarland,code10,
2014,Gini coefficient,<u>Additional time series:</u> Gini coefficient of equivalised disposable income before social transfers,,.,Saarland,code10,
2015,Gini coefficient,<u>Additional time series:</u> Gini coefficient of equivalised disposable income before social transfers,,.,Saarland,code10,
2016,Gini coefficient,<u>Additional time series:</u> Gini coefficient of equivalised disposable income before social transfers,,.,Saarland,code10,
2017,Gini coefficient,<u>Additional time series:</u> Gini coefficient of equivalised disposable income before social transfers,,.,Saarland,code10,
2018,Gini coefficient,<u>Additional time series:</u> Gini coefficient of equivalised disposable income before social transfers,,.,Saarland,code10,
2019,Gini coefficient,<u>Additional time series:</u> Gini coefficient of equivalised disposable income before social transfers,,.,Saarland,code10,
2020,Gini coefficient,<u>Additional time series:</u> Gini coefficient of equivalised disposable income before social transfers,,.,Saarland,code10,
2021,Gini coefficient,<u>Additional time series:</u> Gini coefficient of equivalised disposable income before social transfers,,,Saarland,code10,0.278
2022,Gini coefficient,<u>Additional time series:</u> Gini coefficient of equivalised disposable income before social transfers,,.,Saarland,code10,
2023,Gini coefficient,<u>Additional time series:</u> Gini coefficient of equivalised disposable income before social transfers,,,Saarland,code10,0.266
2024,Gini coefficient,<u>Additional time series:</u> Gini coefficient of equivalised disposable income before social transfers,,,Saarland,code10,0.291
2007,Gini coefficient,<u>Additional time series:</u> Gini coefficient of equivalised disposable income before social transfers,,.,Saxony,code14,
2008,Gini coefficient,<u>Additional time series:</u> Gini coefficient of equivalised disposable income before social transfers,,.,Saxony,code14,
2009,Gini coefficient,<u>Additional time series:</u> Gini coefficient of equivalised disposable income before social transfers,,.,Saxony,code14,
2010,Gini coefficient,<u>Additional time series:</u> Gini coefficient of equivalised disposable income before social transfers,,.,Saxony,code14,
2011,Gini coefficient,<u>Additional time series:</u> Gini coefficient of equivalised disposable income before social transfers,,.,Saxony,code14,
2012,Gini coefficient,<u>Additional time series:</u> Gini coefficient of equivalised disposable income before social transfers,,.,Saxony,code14,
2013,Gini coefficient,<u>Additional time series:</u> Gini coefficient of equivalised disposable income before social transfers,,.,Saxony,code14,
2014,Gini coefficient,<u>Additional time series:</u> Gini coefficient of equivalised disposable income before social transfers,,.,Saxony,code14,
2015,Gini coefficient,<u>Additional time series:</u> Gini coefficient of equivalised disposable income before social transfers,,.,Saxony,code14,
2016,Gini coefficient,<u>Additional time series:</u> Gini coefficient of equivalised disposable income before social transfers,,.,Saxony,code14,
2017,Gini coefficient,<u>Additional time series:</u> Gini coefficient of equivalised disposable income before social transfers,,.,Saxony,code14,
2018,Gini coefficient,<u>Additional time series:</u> Gini coefficient of equivalised disposable income before social transfers,,.,Saxony,code14,
2019,Gini coefficient,<u>Additional time series:</u> Gini coefficient of equivalised disposable income before social transfers,,.,Saxony,code14,
2020,Gini coefficient,<u>Additional time series:</u> Gini coefficient of equivalised disposable income before social transfers,,.,Saxony,code14,
2021,Gini coefficient,<u>Additional time series:</u> Gini coefficient of equivalised disposable income before social transfers,,,Saxony,code14,0.26
2022,Gini coefficient,<u>Additional time series:</u> Gini coefficient of equivalised disposable income before social transfers,,.,Saxony,code14,
2023,Gini coefficient,<u>Additional time series:</u> Gini coefficient of equivalised disposable income before social transfers,,,Saxony,code14,0.245
2024,Gini coefficient,<u>Additional time series:</u> Gini coefficient of equivalised disposable income before social transfers,,,Saxony,code14,0.243
2007,Gini coefficient,<u>Additional time series:</u> Gini coefficient of equivalised disposable income before social transfers,,.,Saxony-Anhalt,code15,
2008,Gini coefficient,<u>Additional time series:</u> Gini coefficient of equivalised disposable income before social transfers,,.,Saxony-Anhalt,code15,
2009,Gini coefficient,<u>Additional time series:</u> Gini coefficient of equivalised disposable income before social transfers,,.,Saxony-Anhalt,code15,
2010,Gini coefficient,<u>Additional time series:</u> Gini coefficient of equivalised disposable income before social transfers,,.,Saxony-Anhalt,code15,
2011,Gini coefficient,<u>Additional time series:</u> Gini coefficient of equivalised disposable income before social transfers,,.,Saxony-Anhalt,code15,
2012,Gini coefficient,<u>Additional time series:</u> Gini coefficient of equivalised disposable income before social transfers,,.,Saxony-Anhalt,code15,
2013,Gini coefficient,<u>Additional time series:</u> Gini coefficient of equivalised disposable income before social transfers,,.,Saxony-Anhalt,code15,
2014,Gini coefficient,<u>Additional time series:</u> Gini coefficient of equivalised disposable income before social transfers,,.,Saxony-Anhalt,code15,
2015,Gini coefficient,<u>Additional time series:</u> Gini coefficient of equivalised disposable income before social transfers,,.,Saxony-Anhalt,code15,
2016,Gini coefficient,<u>Additional time series:</u> Gini coefficient of equivalised disposable income before social transfers,,.,Saxony-Anhalt,code15,
2017,Gini coefficient,<u>Additional time series:</u> Gini coefficient of equivalised disposable income before social transfers,,.,Saxony-Anhalt,code15,
2018,Gini coefficient,<u>Additional time series:</u> Gini coefficient of equivalised disposable income before social transfers,,.,Saxony-Anhalt,code15,
2019,Gini coefficient,<u>Additional time series:</u> Gini coefficient of equivalised disposable income before social transfers,,.,Saxony-Anhalt,code15,
2020,Gini coefficient,<u>Additional time series:</u> Gini coefficient of equivalised disposable income before social transfers,,.,Saxony-Anhalt,code15,
2021,Gini coefficient,<u>Additional time series:</u> Gini coefficient of equivalised disposable income before social transfers,,,Saxony-Anhalt,code15,0.298
2022,Gini coefficient,<u>Additional time series:</u> Gini coefficient of equivalised disposable income before social transfers,,.,Saxony-Anhalt,code15,
2023,Gini coefficient,<u>Additional time series:</u> Gini coefficient of equivalised disposable income before social transfers,,,Saxony-Anhalt,code15,0.276
2024,Gini coefficient,<u>Additional time series:</u> Gini coefficient of equivalised disposable income before social transfers,,,Saxony-Anhalt,code15,0.282
2007,Gini coefficient,<u>Additional time series:</u> Gini coefficient of equivalised disposable income before social transfers,,.,Schleswig-Holstein,code01,
2008,Gini coefficient,<u>Additional time series:</u> Gini coefficient of equivalised disposable income before social transfers,,.,Schleswig-Holstein,code01,
2009,Gini coefficient,<u>Additional time series:</u> Gini coefficient of equivalised disposable income before social transfers,,.,Schleswig-Holstein,code01,
2010,Gini coefficient,<u>Additional time series:</u> Gini coefficient of equivalised disposable income before social transfers,,.,Schleswig-Holstein,code01,
2011,Gini coefficient,<u>Additional time series:</u> Gini coefficient of equivalised disposable income before social transfers,,.,Schleswig-Holstein,code01,
2012,Gini coefficient,<u>Additional time series:</u> Gini coefficient of equivalised disposable income before social transfers,,.,Schleswig-Holstein,code01,
2013,Gini coefficient,<u>Additional time series:</u> Gini coefficient of equivalised disposable income before social transfers,,.,Schleswig-Holstein,code01,
2014,Gini coefficient,<u>Additional time series:</u> Gini coefficient of equivalised disposable income before social transfers,,.,Schleswig-Holstein,code01,
2015,Gini coefficient,<u>Additional time series:</u> Gini coefficient of equivalised disposable income before social transfers,,.,Schleswig-Holstein,code01,
2016,Gini coefficient,<u>Additional time series:</u> Gini coefficient of equivalised disposable income before social transfers,,.,Schleswig-Holstein,code01,
2017,Gini coefficient,<u>Additional time series:</u> Gini coefficient of equivalised disposable income before social transfers,,.,Schleswig-Holstein,code01,
2018,Gini coefficient,<u>Additional time series:</u> Gini coefficient of equivalised disposable income before social transfers,,.,Schleswig-Holstein,code01,
2019,Gini coefficient,<u>Additional time series:</u> Gini coefficient of equivalised disposable income before social transfers,,.,Schleswig-Holstein,code01,
2020,Gini coefficient,<u>Additional time series:</u> Gini coefficient of equivalised disposable income before social transfers,,.,Schleswig-Holstein,code01,
2021,Gini coefficient,<u>Additional time series:</u> Gini coefficient of equivalised disposable income before social transfers,,,Schleswig-Holstein,code01,0.29
2022,Gini coefficient,<u>Additional time series:</u> Gini coefficient of equivalised disposable income before social transfers,,.,Schleswig-Holstein,code01,
2023,Gini coefficient,<u>Additional time series:</u> Gini coefficient of equivalised disposable income before social transfers,,,Schleswig-Holstein,code01,0.295
2024,Gini coefficient,<u>Additional time series:</u> Gini coefficient of equivalised disposable income before social transfers,,,Schleswig-Holstein,code01,0.297
2007,Gini coefficient,<u>Additional time series:</u> Gini coefficient of equivalised disposable income before social transfers,,.,Thuringia,code16,
2008,Gini coefficient,<u>Additional time series:</u> Gini coefficient of equivalised disposable income before social transfers,,.,Thuringia,code16,
2009,Gini coefficient,<u>Additional time series:</u> Gini coefficient of equivalised disposable income before social transfers,,.,Thuringia,code16,
2010,Gini coefficient,<u>Additional time series:</u> Gini coefficient of equivalised disposable income before social transfers,,.,Thuringia,code16,
2011,Gini coefficient,<u>Additional time series:</u> Gini coefficient of equivalised disposable income before social transfers,,.,Thuringia,code16,
2012,Gini coefficient,<u>Additional time series:</u> Gini coefficient of equivalised disposable income before social transfers,,.,Thuringia,code16,
2013,Gini coefficient,<u>Additional time series:</u> Gini coefficient of equivalised disposable income before social transfers,,.,Thuringia,code16,
2014,Gini coefficient,<u>Additional time series:</u> Gini coefficient of equivalised disposable income before social transfers,,.,Thuringia,code16,
2015,Gini coefficient,<u>Additional time series:</u> Gini coefficient of equivalised disposable income before social transfers,,.,Thuringia,code16,
2016,Gini coefficient,<u>Additional time series:</u> Gini coefficient of equivalised disposable income before social transfers,,.,Thuringia,code16,
2017,Gini coefficient,<u>Additional time series:</u> Gini coefficient of equivalised disposable income before social transfers,,.,Thuringia,code16,
2018,Gini coefficient,<u>Additional time series:</u> Gini coefficient of equivalised disposable income before social transfers,,.,Thuringia,code16,
2019,Gini coefficient,<u>Additional time series:</u> Gini coefficient of equivalised disposable income before social transfers,,.,Thuringia,code16,
2020,Gini coefficient,<u>Additional time series:</u> Gini coefficient of equivalised disposable income before social transfers,,.,Thuringia,code16,
2021,Gini coefficient,<u>Additional time series:</u> Gini coefficient of equivalised disposable income before social transfers,,,Thuringia,code16,0.285
2022,Gini coefficient,<u>Additional time series:</u> Gini coefficient of equivalised disposable income before social transfers,,.,Thuringia,code16,
2023,Gini coefficient,<u>Additional time series:</u> Gini coefficient of equivalised disposable income before social transfers,,,Thuringia,code16,0.252
2024,Gini coefficient,<u>Additional time series:</u> Gini coefficient of equivalised disposable income before social transfers,,,Thuringia,code16,0.279
