Year,Units,COMMENT_OBS_0,COMMENT_OBS_1,Länder,GeoCode,Value
2006,Percentage,r,,,,4.187
2009,Percentage,r,,,,4.24
2012,Percentage,r,,,,4.299
2015,Percentage,r,,,,4.327
2018,Percentage,|,r,,,5.175
2021,Percentage,,,,,4.85
2007,Percentage,.,,,,
2008,Percentage,.,,,,
2010,Percentage,.,,,,
2011,Percentage,.,,,,
2013,Percentage,.,,,,
2014,Percentage,.,,,,
2016,Percentage,.,,,,
2017,Percentage,.,,,,
2019,Percentage,.,,,,
2020,Percentage,.,,,,
2006,Percentage,,,Baden-Wuerttemberg,code08,4.868
2009,Percentage,,,Baden-Wuerttemberg,code08,4.93
2012,Percentage,,,Baden-Wuerttemberg,code08,5.0
2015,Percentage,,,Baden-Wuerttemberg,code08,5.021
2018,Percentage,|,,Baden-Wuerttemberg,code08,6.152
2021,Percentage,,,Baden-Wuerttemberg,code08,5.936
2007,Percentage,.,,Baden-Wuerttemberg,code08,
2008,Percentage,.,,Baden-Wuerttemberg,code08,
2010,Percentage,.,,Baden-Wuerttemberg,code08,
2011,Percentage,.,,Baden-Wuerttemberg,code08,
2013,Percentage,.,,Baden-Wuerttemberg,code08,
2014,Percentage,.,,Baden-Wuerttemberg,code08,
2016,Percentage,.,,Baden-Wuerttemberg,code08,
2017,Percentage,.,,Baden-Wuerttemberg,code08,
2019,Percentage,.,,Baden-Wuerttemberg,code08,
2020,Percentage,.,,Baden-Wuerttemberg,code08,
2006,Percentage,,,Bavaria,code09,3.431
2009,Percentage,,,Bavaria,code09,3.473
2012,Percentage,,,Bavaria,code09,3.52
2015,Percentage,,,Bavaria,code09,3.543
2018,Percentage,|,,Bavaria,code09,4.456
2021,Percentage,,,Bavaria,code09,4.518
2007,Percentage,.,,Bavaria,code09,
2008,Percentage,.,,Bavaria,code09,
2010,Percentage,.,,Bavaria,code09,
2011,Percentage,.,,Bavaria,code09,
2013,Percentage,.,,Bavaria,code09,
2014,Percentage,.,,Bavaria,code09,
2016,Percentage,.,,Bavaria,code09,
2017,Percentage,.,,Bavaria,code09,
2019,Percentage,.,,Bavaria,code09,
2020,Percentage,.,,Bavaria,code09,
2006,Percentage,,,Berlin,code11,32.35
2009,Percentage,,,Berlin,code11,32.54
2012,Percentage,,,Berlin,code11,32.723
2015,Percentage,,,Berlin,code11,32.814
2018,Percentage,|,,Berlin,code11,32.614
2021,Percentage,,,Berlin,code11,30.66
2007,Percentage,.,,Berlin,code11,
2008,Percentage,.,,Berlin,code11,
2010,Percentage,.,,Berlin,code11,
2011,Percentage,.,,Berlin,code11,
2013,Percentage,.,,Berlin,code11,
2014,Percentage,.,,Berlin,code11,
2016,Percentage,.,,Berlin,code11,
2017,Percentage,.,,Berlin,code11,
2019,Percentage,.,,Berlin,code11,
2020,Percentage,.,,Berlin,code11,
2006,Percentage,,,Brandenburg,code12,2.536
2009,Percentage,,,Brandenburg,code12,2.579
2012,Percentage,,,Brandenburg,code12,2.645
2015,Percentage,,,Brandenburg,code12,2.686
2018,Percentage,|,,Brandenburg,code12,3.125
2021,Percentage,,,Brandenburg,code12,2.619
2007,Percentage,.,,Brandenburg,code12,
2008,Percentage,.,,Brandenburg,code12,
2010,Percentage,.,,Brandenburg,code12,
2011,Percentage,.,,Brandenburg,code12,
2013,Percentage,.,,Brandenburg,code12,
2014,Percentage,.,,Brandenburg,code12,
2016,Percentage,.,,Brandenburg,code12,
2017,Percentage,.,,Brandenburg,code12,
2019,Percentage,.,,Brandenburg,code12,
2020,Percentage,.,,Brandenburg,code12,
2006,Percentage,,,Bremen,code04,26.541
2009,Percentage,,,Bremen,code04,26.953
2012,Percentage,,,Bremen,code04,27.146
2015,Percentage,,,Bremen,code04,27.195
2018,Percentage,|,r,Bremen,code04,28.253
2021,Percentage,,,Bremen,code04,26.181
2007,Percentage,.,,Bremen,code04,
2008,Percentage,.,,Bremen,code04,
2010,Percentage,.,,Bremen,code04,
2011,Percentage,.,,Bremen,code04,
2013,Percentage,.,,Bremen,code04,
2014,Percentage,.,,Bremen,code04,
2016,Percentage,.,,Bremen,code04,
2017,Percentage,.,,Bremen,code04,
2019,Percentage,.,,Bremen,code04,
2020,Percentage,.,,Bremen,code04,
2006,Percentage,,,Hamburg,code02,26.024
2009,Percentage,,,Hamburg,code02,26.301
2012,Percentage,,,Hamburg,code02,26.571
2015,Percentage,,,Hamburg,code02,26.656
2018,Percentage,|,,Hamburg,code02,27.833
2021,Percentage,,,Hamburg,code02,26.466
2007,Percentage,.,,Hamburg,code02,
2008,Percentage,.,,Hamburg,code02,
2010,Percentage,.,,Hamburg,code02,
2011,Percentage,.,,Hamburg,code02,
2013,Percentage,.,,Hamburg,code02,
2014,Percentage,.,,Hamburg,code02,
2016,Percentage,.,,Hamburg,code02,
2017,Percentage,.,,Hamburg,code02,
2019,Percentage,.,,Hamburg,code02,
2020,Percentage,.,,Hamburg,code02,
2006,Percentage,,,Hesse,code06,4.784
2009,Percentage,,,Hesse,code06,4.853
2012,Percentage,,,Hesse,code06,4.913
2015,Percentage,,,Hesse,code06,4.933
2018,Percentage,|,,Hesse,code06,5.827
2021,Percentage,,,Hesse,code06,5.436
2007,Percentage,.,,Hesse,code06,
2008,Percentage,.,,Hesse,code06,
2010,Percentage,.,,Hesse,code06,
2011,Percentage,.,,Hesse,code06,
2013,Percentage,.,,Hesse,code06,
2014,Percentage,.,,Hesse,code06,
2016,Percentage,.,,Hesse,code06,
2017,Percentage,.,,Hesse,code06,
2019,Percentage,.,,Hesse,code06,
2020,Percentage,.,,Hesse,code06,
2006,Percentage,,,Mecklenburg Western Pomerania,code13,1.904
2009,Percentage,,,Mecklenburg Western Pomerania,code13,1.933
2012,Percentage,,,Mecklenburg Western Pomerania,code13,1.982
2015,Percentage,,,Mecklenburg Western Pomerania,code13,1.999
2018,Percentage,|,,Mecklenburg Western Pomerania,code13,2.296
2021,Percentage,,,Mecklenburg Western Pomerania,code13,2.022
2007,Percentage,.,,Mecklenburg Western Pomerania,code13,
2008,Percentage,.,,Mecklenburg Western Pomerania,code13,
2010,Percentage,.,,Mecklenburg Western Pomerania,code13,
2011,Percentage,.,,Mecklenburg Western Pomerania,code13,
2013,Percentage,.,,Mecklenburg Western Pomerania,code13,
2014,Percentage,.,,Mecklenburg Western Pomerania,code13,
2016,Percentage,.,,Mecklenburg Western Pomerania,code13,
2017,Percentage,.,,Mecklenburg Western Pomerania,code13,
2019,Percentage,.,,Mecklenburg Western Pomerania,code13,
2020,Percentage,.,,Mecklenburg Western Pomerania,code13,
2006,Percentage,,,Lower Saxony,code03,3.612
2009,Percentage,,,Lower Saxony,code03,3.669
2012,Percentage,,,Lower Saxony,code03,3.731
2015,Percentage,,,Lower Saxony,code03,3.766
2018,Percentage,|,,Lower Saxony,code03,4.647
2021,Percentage,,,Lower Saxony,code03,4.207
2007,Percentage,.,,Lower Saxony,code03,
2008,Percentage,.,,Lower Saxony,code03,
2010,Percentage,.,,Lower Saxony,code03,
2011,Percentage,.,,Lower Saxony,code03,
2013,Percentage,.,,Lower Saxony,code03,
2014,Percentage,.,,Lower Saxony,code03,
2016,Percentage,.,,Lower Saxony,code03,
2017,Percentage,.,,Lower Saxony,code03,
2019,Percentage,.,,Lower Saxony,code03,
2020,Percentage,.,,Lower Saxony,code03,
2006,Percentage,,,North Rhine-Westphalia,code05,7.977
2009,Percentage,,,North Rhine-Westphalia,code05,8.067
2012,Percentage,,,North Rhine-Westphalia,code05,8.122
2015,Percentage,,,North Rhine-Westphalia,code05,8.158
2018,Percentage,|,,North Rhine-Westphalia,code05,9.726
2021,Percentage,,,North Rhine-Westphalia,code05,9.169
2007,Percentage,.,,North Rhine-Westphalia,code05,
2008,Percentage,.,,North Rhine-Westphalia,code05,
2010,Percentage,.,,North Rhine-Westphalia,code05,
2011,Percentage,.,,North Rhine-Westphalia,code05,
2013,Percentage,.,,North Rhine-Westphalia,code05,
2014,Percentage,.,,North Rhine-Westphalia,code05,
2016,Percentage,.,,North Rhine-Westphalia,code05,
2017,Percentage,.,,North Rhine-Westphalia,code05,
2019,Percentage,.,,North Rhine-Westphalia,code05,
2020,Percentage,.,,North Rhine-Westphalia,code05,
2006,Percentage,,,Rhineland Palatinate,code07,3.948
2009,Percentage,,,Rhineland Palatinate,code07,4.025
2012,Percentage,,,Rhineland Palatinate,code07,4.089
2015,Percentage,,,Rhineland Palatinate,code07,4.12
2018,Percentage,|,,Rhineland Palatinate,code07,5.048
2021,Percentage,,,Rhineland Palatinate,code07,4.897
2007,Percentage,.,,Rhineland Palatinate,code07,
2008,Percentage,.,,Rhineland Palatinate,code07,
2010,Percentage,.,,Rhineland Palatinate,code07,
2011,Percentage,.,,Rhineland Palatinate,code07,
2013,Percentage,.,,Rhineland Palatinate,code07,
2014,Percentage,.,,Rhineland Palatinate,code07,
2016,Percentage,.,,Rhineland Palatinate,code07,
2017,Percentage,.,,Rhineland Palatinate,code07,
2019,Percentage,.,,Rhineland Palatinate,code07,
2020,Percentage,.,,Rhineland Palatinate,code07,
2006,Percentage,,,Saarland,code10,6.52
2009,Percentage,,,Saarland,code10,6.772
2012,Percentage,,,Saarland,code10,6.85
2015,Percentage,,,Saarland,code10,6.895
2018,Percentage,|,,Saarland,code10,8.932
2021,Percentage,,,Saarland,code10,8.589
2007,Percentage,.,,Saarland,code10,
2008,Percentage,.,,Saarland,code10,
2010,Percentage,.,,Saarland,code10,
2011,Percentage,.,,Saarland,code10,
2013,Percentage,.,,Saarland,code10,
2014,Percentage,.,,Saarland,code10,
2016,Percentage,.,,Saarland,code10,
2017,Percentage,.,,Saarland,code10,
2019,Percentage,.,,Saarland,code10,
2020,Percentage,.,,Saarland,code10,
2006,Percentage,,,Saxony,code14,4.73
2009,Percentage,,,Saxony,code14,4.757
2012,Percentage,,,Saxony,code14,4.8
2015,Percentage,,,Saxony,code14,4.831
2018,Percentage,|,,Saxony,code14,5.386
2021,Percentage,,,Saxony,code14,4.809
2007,Percentage,.,,Saxony,code14,
2008,Percentage,.,,Saxony,code14,
2010,Percentage,.,,Saxony,code14,
2011,Percentage,.,,Saxony,code14,
2013,Percentage,.,,Saxony,code14,
2014,Percentage,.,,Saxony,code14,
2016,Percentage,.,,Saxony,code14,
2017,Percentage,.,,Saxony,code14,
2019,Percentage,.,,Saxony,code14,
2020,Percentage,.,,Saxony,code14,
2006,Percentage,,,Saxony-Anhalt,code15,3.266
2009,Percentage,,,Saxony-Anhalt,code15,3.287
2012,Percentage,,,Saxony-Anhalt,code15,3.323
2015,Percentage,,,Saxony-Anhalt,code15,3.343
2018,Percentage,|,,Saxony-Anhalt,code15,3.816
2021,Percentage,,,Saxony-Anhalt,code15,3.216
2007,Percentage,.,,Saxony-Anhalt,code15,
2008,Percentage,.,,Saxony-Anhalt,code15,
2010,Percentage,.,,Saxony-Anhalt,code15,
2011,Percentage,.,,Saxony-Anhalt,code15,
2013,Percentage,.,,Saxony-Anhalt,code15,
2014,Percentage,.,,Saxony-Anhalt,code15,
2016,Percentage,.,,Saxony-Anhalt,code15,
2017,Percentage,.,,Saxony-Anhalt,code15,
2019,Percentage,.,,Saxony-Anhalt,code15,
2020,Percentage,.,,Saxony-Anhalt,code15,
2006,Percentage,,,Schleswig-Holstein,code01,3.563
2009,Percentage,,,Schleswig-Holstein,code01,3.598
2012,Percentage,,,Schleswig-Holstein,code01,3.716
2015,Percentage,,,Schleswig-Holstein,code01,3.749
2018,Percentage,|,,Schleswig-Holstein,code01,4.521
2021,Percentage,,,Schleswig-Holstein,code01,4.206
2007,Percentage,.,,Schleswig-Holstein,code01,
2008,Percentage,.,,Schleswig-Holstein,code01,
2010,Percentage,.,,Schleswig-Holstein,code01,
2011,Percentage,.,,Schleswig-Holstein,code01,
2013,Percentage,.,,Schleswig-Holstein,code01,
2014,Percentage,.,,Schleswig-Holstein,code01,
2016,Percentage,.,,Schleswig-Holstein,code01,
2017,Percentage,.,,Schleswig-Holstein,code01,
2019,Percentage,.,,Schleswig-Holstein,code01,
2020,Percentage,.,,Schleswig-Holstein,code01,
2006,Percentage,,,Thuringia,code16,3.147
2009,Percentage,,,Thuringia,code16,3.168
2012,Percentage,,,Thuringia,code16,3.214
2015,Percentage,,,Thuringia,code16,3.24
2018,Percentage,|,,Thuringia,code16,3.709
2021,Percentage,,,Thuringia,code16,3.22
2007,Percentage,.,,Thuringia,code16,
2008,Percentage,.,,Thuringia,code16,
2010,Percentage,.,,Thuringia,code16,
2011,Percentage,.,,Thuringia,code16,
2013,Percentage,.,,Thuringia,code16,
2014,Percentage,.,,Thuringia,code16,
2016,Percentage,.,,Thuringia,code16,
2017,Percentage,.,,Thuringia,code16,
2019,Percentage,.,,Thuringia,code16,
2020,Percentage,.,,Thuringia,code16,
