Year,Units,Sector,Value
2023,Million hectares,,55.843
2024,Million hectares,,52.293
2023,Million hectares,Sustainably farmed area,2.506
2024,Million hectares,Sustainably farmed area,3.366
2023,Million hectares,Forest area Sustainable management and restoration,12.008
2024,Million hectares,Forest area Sustainable management and restoration,12.412
2023,Million hectares,Terrestrial protected areas and mangrove forests in marine protected areas,41.329
2024,Million hectares,Terrestrial protected areas and mangrove forests in marine protected areas,36.515
