Year,Units,Time series,COMMENT_OBS_0,Sex,Federal state,GeoCode,Qualification,Value
1999,Percentage,<u>Time series of the indicator:</u> Academically qualified and professionally highly qualified persons,,,,,,33.351
2010,Percentage,<u>Time series of the indicator:</u> Academically qualified and professionally highly qualified persons,r,,,,,41.37
2011,Percentage,<u>Time series of the indicator:</u> Academically qualified and professionally highly qualified persons,r,,,,,42.263
2012,Percentage,<u>Time series of the indicator:</u> Academically qualified and professionally highly qualified persons,r,,,,,43.464
2013,Percentage,<u>Time series of the indicator:</u> Academically qualified and professionally highly qualified persons,r,,,,,44.518
2014,Percentage,<u>Time series of the indicator:</u> Academically qualified and professionally highly qualified persons,,,,,,45.734
2015,Percentage,<u>Time series of the indicator:</u> Academically qualified and professionally highly qualified persons,,,,,,46.77
2016,Percentage,<u>Time series of the indicator:</u> Academically qualified and professionally highly qualified persons,r,,,,,47.879
2017,Percentage,<u>Time series of the indicator:</u> Academically qualified and professionally highly qualified persons,,,,,,48.835
2018,Percentage,<u>Time series of the indicator:</u> Academically qualified and professionally highly qualified persons,,,,,,49.833
2019,Percentage,<u>Time series of the indicator:</u> Academically qualified and professionally highly qualified persons,,,,,,50.488
2020,Percentage,<u>Time series of the indicator:</u> Academically qualified and professionally highly qualified persons,r,,,,,52.285
2021,Percentage,<u>Time series of the indicator:</u> Academically qualified and professionally highly qualified persons,r,,,,,53.642
2022,Percentage,<u>Time series of the indicator:</u> Academically qualified and professionally highly qualified persons,r,,,,,53.547
2023,Percentage,<u>Time series of the indicator:</u> Academically qualified and professionally highly qualified persons,r,,,,,55.339
2024,Percentage,<u>Time series of the indicator:</u> Academically qualified and professionally highly qualified persons,p,,,,,57.329
2000,Percentage,<u>Time series of the indicator:</u> Academically qualified and professionally highly qualified persons,r,,,,,32.997
2001,Percentage,<u>Time series of the indicator:</u> Academically qualified and professionally highly qualified persons,r,,,,,33.172
2002,Percentage,<u>Time series of the indicator:</u> Academically qualified and professionally highly qualified persons,r,,,,,33.277
2003,Percentage,<u>Time series of the indicator:</u> Academically qualified and professionally highly qualified persons,r,,,,,33.948
2004,Percentage,<u>Time series of the indicator:</u> Academically qualified and professionally highly qualified persons,r,,,,,36.221
2005,Percentage,<u>Time series of the indicator:</u> Academically qualified and professionally highly qualified persons,,,,,,36.0
2006,Percentage,<u>Time series of the indicator:</u> Academically qualified and professionally highly qualified persons,,,,,,36.504
2007,Percentage,<u>Time series of the indicator:</u> Academically qualified and professionally highly qualified persons,,,,,,37.638
2008,Percentage,<u>Time series of the indicator:</u> Academically qualified and professionally highly qualified persons,r,,,,,38.866
2009,Percentage,<u>Time series of the indicator:</u> Academically qualified and professionally highly qualified persons,,,,,,40.802
2030,Percentage,<u>Time series of the indicator:</u> Academically qualified and professionally highly qualified persons,…,,,,,
1999,Percentage,<u>Time series of the indicator:</u> Academically qualified and professionally highly qualified persons,,Female,,,,31.358
2010,Percentage,<u>Time series of the indicator:</u> Academically qualified and professionally highly qualified persons,r,Female,,,,42.746
2011,Percentage,<u>Time series of the indicator:</u> Academically qualified and professionally highly qualified persons,r,Female,,,,44.361
2012,Percentage,<u>Time series of the indicator:</u> Academically qualified and professionally highly qualified persons,r,Female,,,,45.984
2013,Percentage,<u>Time series of the indicator:</u> Academically qualified and professionally highly qualified persons,r,Female,,,,46.843
2014,Percentage,<u>Time series of the indicator:</u> Academically qualified and professionally highly qualified persons,,Female,,,,48.374
2015,Percentage,<u>Time series of the indicator:</u> Academically qualified and professionally highly qualified persons,r,Female,,,,50.521
2016,Percentage,<u>Time series of the indicator:</u> Academically qualified and professionally highly qualified persons,r,Female,,,,51.295
2017,Percentage,<u>Time series of the indicator:</u> Academically qualified and professionally highly qualified persons,,Female,,,,52.64
2018,Percentage,<u>Time series of the indicator:</u> Academically qualified and professionally highly qualified persons,r,Female,,,,53.827
2019,Percentage,<u>Time series of the indicator:</u> Academically qualified and professionally highly qualified persons,r,Female,,,,54.411
2020,Percentage,<u>Time series of the indicator:</u> Academically qualified and professionally highly qualified persons,r,Female,,,,56.549
2021,Percentage,<u>Time series of the indicator:</u> Academically qualified and professionally highly qualified persons,r,Female,,,,57.49
2022,Percentage,<u>Time series of the indicator:</u> Academically qualified and professionally highly qualified persons,r,Female,,,,57.537
2023,Percentage,<u>Time series of the indicator:</u> Academically qualified and professionally highly qualified persons,r,Female,,,,59.403
2024,Percentage,<u>Time series of the indicator:</u> Academically qualified and professionally highly qualified persons,p,Female,,,,61.581
2000,Percentage,<u>Time series of the indicator:</u> Academically qualified and professionally highly qualified persons,r,Female,,,,30.88
2001,Percentage,<u>Time series of the indicator:</u> Academically qualified and professionally highly qualified persons,r,Female,,,,31.088
2002,Percentage,<u>Time series of the indicator:</u> Academically qualified and professionally highly qualified persons,r,Female,,,,31.291
2003,Percentage,<u>Time series of the indicator:</u> Academically qualified and professionally highly qualified persons,,Female,,,,32.233
2004,Percentage,<u>Time series of the indicator:</u> Academically qualified and professionally highly qualified persons,,Female,,,,34.654
2005,Percentage,<u>Time series of the indicator:</u> Academically qualified and professionally highly qualified persons,,Female,,,,34.992
2006,Percentage,<u>Time series of the indicator:</u> Academically qualified and professionally highly qualified persons,,Female,,,,36.482
2007,Percentage,<u>Time series of the indicator:</u> Academically qualified and professionally highly qualified persons,,Female,,,,38.032
2008,Percentage,<u>Time series of the indicator:</u> Academically qualified and professionally highly qualified persons,,Female,,,,39.689
2009,Percentage,<u>Time series of the indicator:</u> Academically qualified and professionally highly qualified persons,,Female,,,,42.199
1999,Percentage,<u>Time series of the indicator:</u> Academically qualified and professionally highly qualified persons,,Male,,,,35.172
2010,Percentage,<u>Time series of the indicator:</u> Academically qualified and professionally highly qualified persons,,Male,,,,40.016
2011,Percentage,<u>Time series of the indicator:</u> Academically qualified and professionally highly qualified persons,r,Male,,,,40.109
2012,Percentage,<u>Time series of the indicator:</u> Academically qualified and professionally highly qualified persons,r,Male,,,,40.903
2013,Percentage,<u>Time series of the indicator:</u> Academically qualified and professionally highly qualified persons,,Male,,,,42.229
2014,Percentage,<u>Time series of the indicator:</u> Academically qualified and professionally highly qualified persons,r,Male,,,,42.906
2015,Percentage,<u>Time series of the indicator:</u> Academically qualified and professionally highly qualified persons,,Male,,,,43.109
2016,Percentage,<u>Time series of the indicator:</u> Academically qualified and professionally highly qualified persons,r,Male,,,,44.574
2017,Percentage,<u>Time series of the indicator:</u> Academically qualified and professionally highly qualified persons,,Male,,,,45.188
2018,Percentage,<u>Time series of the indicator:</u> Academically qualified and professionally highly qualified persons,,Male,,,,46.02
2019,Percentage,<u>Time series of the indicator:</u> Academically qualified and professionally highly qualified persons,,Male,,,,46.764
2020,Percentage,<u>Time series of the indicator:</u> Academically qualified and professionally highly qualified persons,r,Male,,,,48.219
2021,Percentage,<u>Time series of the indicator:</u> Academically qualified and professionally highly qualified persons,r,Male,,,,50.008
2022,Percentage,<u>Time series of the indicator:</u> Academically qualified and professionally highly qualified persons,r,Male,,,,49.754
2023,Percentage,<u>Time series of the indicator:</u> Academically qualified and professionally highly qualified persons,r,Male,,,,51.478
2024,Percentage,<u>Time series of the indicator:</u> Academically qualified and professionally highly qualified persons,p,Male,,,,53.318
2000,Percentage,<u>Time series of the indicator:</u> Academically qualified and professionally highly qualified persons,,Male,,,,35.042
2001,Percentage,<u>Time series of the indicator:</u> Academically qualified and professionally highly qualified persons,r,Male,,,,35.23
2002,Percentage,<u>Time series of the indicator:</u> Academically qualified and professionally highly qualified persons,r,Male,,,,35.233
2003,Percentage,<u>Time series of the indicator:</u> Academically qualified and professionally highly qualified persons,r,Male,,,,35.467
2004,Percentage,<u>Time series of the indicator:</u> Academically qualified and professionally highly qualified persons,r,Male,,,,37.722
2005,Percentage,<u>Time series of the indicator:</u> Academically qualified and professionally highly qualified persons,,Male,,,,36.975
2006,Percentage,<u>Time series of the indicator:</u> Academically qualified and professionally highly qualified persons,,Male,,,,36.526
2007,Percentage,<u>Time series of the indicator:</u> Academically qualified and professionally highly qualified persons,,Male,,,,37.256
2008,Percentage,<u>Time series of the indicator:</u> Academically qualified and professionally highly qualified persons,r,Male,,,,37.854
2009,Percentage,<u>Time series of the indicator:</u> Academically qualified and professionally highly qualified persons,,Male,,,,39.223
2010,Percentage,,,,Baden-Wuerttemberg,code08,,42.299
2011,Percentage,,,,Baden-Wuerttemberg,code08,,43.361
2012,Percentage,,,,Baden-Wuerttemberg,code08,,44.959
2013,Percentage,,,,Baden-Wuerttemberg,code08,,47.307
2014,Percentage,,,,Baden-Wuerttemberg,code08,,47.361
2015,Percentage,,,,Baden-Wuerttemberg,code08,,48.419
2016,Percentage,,,,Baden-Wuerttemberg,code08,,50.273
2017,Percentage,,,,Baden-Wuerttemberg,code08,,50.692
2018,Percentage,,,,Baden-Wuerttemberg,code08,,51.4
2019,Percentage,,,,Baden-Wuerttemberg,code08,,53.9169
2020,Percentage,,,,Baden-Wuerttemberg,code08,,53.97
2021,Percentage,,r,,Baden-Wuerttemberg,code08,,55.017
2022,Percentage,,r,,Baden-Wuerttemberg,code08,,55.549
2023,Percentage,,r,,Baden-Wuerttemberg,code08,,56.756
2024,Percentage,,p,,Baden-Wuerttemberg,code08,,58.929
2005,Percentage,,,,Baden-Wuerttemberg,code08,,36.883
2006,Percentage,,,,Baden-Wuerttemberg,code08,,36.866
2007,Percentage,,,,Baden-Wuerttemberg,code08,,37.613
2008,Percentage,,,,Baden-Wuerttemberg,code08,,37.838
2009,Percentage,,,,Baden-Wuerttemberg,code08,,41.901
2010,Percentage,,,Female,Baden-Wuerttemberg,code08,,40.739
2011,Percentage,,,Female,Baden-Wuerttemberg,code08,,41.862
2012,Percentage,,,Female,Baden-Wuerttemberg,code08,,44.466
2013,Percentage,,,Female,Baden-Wuerttemberg,code08,,46.18
2014,Percentage,,,Female,Baden-Wuerttemberg,code08,,48.068
2015,Percentage,,,Female,Baden-Wuerttemberg,code08,,49.643
2016,Percentage,,,Female,Baden-Wuerttemberg,code08,,50.954
2017,Percentage,,,Female,Baden-Wuerttemberg,code08,,51.52
2018,Percentage,,,Female,Baden-Wuerttemberg,code08,,52.285
2019,Percentage,,,Female,Baden-Wuerttemberg,code08,,56.606
2020,Percentage,,,Female,Baden-Wuerttemberg,code08,,56.993
2021,Percentage,,r,Female,Baden-Wuerttemberg,code08,,58.225
2022,Percentage,,r,Female,Baden-Wuerttemberg,code08,,58.443
2023,Percentage,,r,Female,Baden-Wuerttemberg,code08,,59.651
2024,Percentage,,p,Female,Baden-Wuerttemberg,code08,,63.465
2005,Percentage,,,Female,Baden-Wuerttemberg,code08,,33.109
2006,Percentage,,,Female,Baden-Wuerttemberg,code08,,34.227
2007,Percentage,,,Female,Baden-Wuerttemberg,code08,,35.715
2008,Percentage,,,Female,Baden-Wuerttemberg,code08,,36.015
2009,Percentage,,,Female,Baden-Wuerttemberg,code08,,41.037
2010,Percentage,,,Male,Baden-Wuerttemberg,code08,,43.877
2011,Percentage,,,Male,Baden-Wuerttemberg,code08,,44.857
2012,Percentage,,,Male,Baden-Wuerttemberg,code08,,45.448
2013,Percentage,,,Male,Baden-Wuerttemberg,code08,,48.428
2014,Percentage,,,Male,Baden-Wuerttemberg,code08,,46.675
2015,Percentage,,,Male,Baden-Wuerttemberg,code08,,47.242
2016,Percentage,,,Male,Baden-Wuerttemberg,code08,,49.63
2017,Percentage,,,Male,Baden-Wuerttemberg,code08,,49.897
2018,Percentage,,,Male,Baden-Wuerttemberg,code08,,50.578
2019,Percentage,,,Male,Baden-Wuerttemberg,code08,,51.451
2020,Percentage,,,Male,Baden-Wuerttemberg,code08,,51.226
2021,Percentage,,r,Male,Baden-Wuerttemberg,code08,,52.09
2022,Percentage,,r,Male,Baden-Wuerttemberg,code08,,52.87
2023,Percentage,,r,Male,Baden-Wuerttemberg,code08,,54.053
2024,Percentage,,p,Male,Baden-Wuerttemberg,code08,,54.726
2005,Percentage,,,Male,Baden-Wuerttemberg,code08,,40.459
2006,Percentage,,,Male,Baden-Wuerttemberg,code08,,39.43
2007,Percentage,,,Male,Baden-Wuerttemberg,code08,,39.492
2008,Percentage,,,Male,Baden-Wuerttemberg,code08,,39.693
2009,Percentage,,,Male,Baden-Wuerttemberg,code08,,42.792
2010,Percentage,,,,Bavaria,code09,,40.447
2011,Percentage,,,,Bavaria,code09,,41.17
2012,Percentage,,,,Bavaria,code09,,43.675
2013,Percentage,,,,Bavaria,code09,,45.351
2014,Percentage,,,,Bavaria,code09,,45.92
2015,Percentage,,,,Bavaria,code09,,45.734
2016,Percentage,,,,Bavaria,code09,,48.157
2017,Percentage,,,,Bavaria,code09,,48.756
2018,Percentage,,,,Bavaria,code09,,50.026
2019,Percentage,,,,Bavaria,code09,,49.549
2020,Percentage,,,,Bavaria,code09,,51.069
2021,Percentage,,r,,Bavaria,code09,,54.196
2022,Percentage,,r,,Bavaria,code09,,52.816
2023,Percentage,,r,,Bavaria,code09,,55.954
2024,Percentage,,p,,Bavaria,code09,,56.567
2005,Percentage,,,,Bavaria,code09,,35.156
2006,Percentage,,,,Bavaria,code09,,34.685
2007,Percentage,,,,Bavaria,code09,,35.842
2008,Percentage,,,,Bavaria,code09,,37.649
2009,Percentage,,,,Bavaria,code09,,39.629
2010,Percentage,,,Female,Bavaria,code09,,40.241
2011,Percentage,,,Female,Bavaria,code09,,41.647
2012,Percentage,,,Female,Bavaria,code09,,44.915
2013,Percentage,,,Female,Bavaria,code09,,45.38
2014,Percentage,,,Female,Bavaria,code09,,46.216
2015,Percentage,,,Female,Bavaria,code09,,47.467
2016,Percentage,,,Female,Bavaria,code09,,49.654
2017,Percentage,,,Female,Bavaria,code09,,50.77
2018,Percentage,,,Female,Bavaria,code09,,52.176
2019,Percentage,,,Female,Bavaria,code09,,50.821
2020,Percentage,,,Female,Bavaria,code09,,52.607
2021,Percentage,,r,Female,Bavaria,code09,,56.158
2022,Percentage,,r,Female,Bavaria,code09,,55.125
2023,Percentage,,r,Female,Bavaria,code09,,57.496
2024,Percentage,,p,Female,Bavaria,code09,,59.218
2005,Percentage,,,Female,Bavaria,code09,,32.879
2006,Percentage,,,Female,Bavaria,code09,,33.134
2007,Percentage,,,Female,Bavaria,code09,,34.766
2008,Percentage,,,Female,Bavaria,code09,,36.965
2009,Percentage,,,Female,Bavaria,code09,,38.73
2010,Percentage,,,Male,Bavaria,code09,,40.647
2011,Percentage,,,Male,Bavaria,code09,,40.713
2012,Percentage,,,Male,Bavaria,code09,,42.423
2013,Percentage,,,Male,Bavaria,code09,,45.316
2014,Percentage,,,Male,Bavaria,code09,,45.613
2015,Percentage,,,Male,Bavaria,code09,,43.997
2016,Percentage,,,Male,Bavaria,code09,,46.71
2017,Percentage,,,Male,Bavaria,code09,,46.883
2018,Percentage,,,Male,Bavaria,code09,,48.055
2019,Percentage,,,Male,Bavaria,code09,,48.337
2020,Percentage,,,Male,Bavaria,code09,,49.638
2021,Percentage,,r,Male,Bavaria,code09,,52.397
2022,Percentage,,r,Male,Bavaria,code09,,50.62
2023,Percentage,,r,Male,Bavaria,code09,,53.804
2024,Percentage,,p,Male,Bavaria,code09,,54.059
2005,Percentage,,,Male,Bavaria,code09,,37.378
2006,Percentage,,,Male,Bavaria,code09,,36.245
2007,Percentage,,,Male,Bavaria,code09,,36.866
2008,Percentage,,,Male,Bavaria,code09,,38.335
2009,Percentage,,,Male,Bavaria,code09,,40.486
2010,Percentage,,,,Berlin,code11,,50.741
2011,Percentage,,,,Berlin,code11,,51.867
2012,Percentage,,,,Berlin,code11,,53.682
2013,Percentage,,,,Berlin,code11,,53.226
2014,Percentage,,,,Berlin,code11,,53.955
2015,Percentage,,,,Berlin,code11,,56.682
2016,Percentage,,,,Berlin,code11,,59.736
2017,Percentage,,,,Berlin,code11,,60.9
2018,Percentage,,,,Berlin,code11,,62.662
2019,Percentage,,,,Berlin,code11,,64.799
2020,Percentage,,,,Berlin,code11,,65.78
2021,Percentage,,r,,Berlin,code11,,68.678
2022,Percentage,,r,,Berlin,code11,,70.217
2023,Percentage,,r,,Berlin,code11,,68.961
2024,Percentage,,p,,Berlin,code11,,70.358
2005,Percentage,,,,Berlin,code11,,46.171
2006,Percentage,,,,Berlin,code11,,46.613
2007,Percentage,,,,Berlin,code11,,49.178
2008,Percentage,,,,Berlin,code11,,47.189
2009,Percentage,,,,Berlin,code11,,50.363
2010,Percentage,,,Female,Berlin,code11,,55.98
2011,Percentage,,,Female,Berlin,code11,,59.315
2012,Percentage,,,Female,Berlin,code11,,60.203
2013,Percentage,,,Female,Berlin,code11,,59.132
2014,Percentage,,,Female,Berlin,code11,,59.84
2015,Percentage,,,Female,Berlin,code11,,63.74
2016,Percentage,,,Female,Berlin,code11,,63.663
2017,Percentage,,,Female,Berlin,code11,,66.054
2018,Percentage,,,Female,Berlin,code11,,66.992
2019,Percentage,,,Female,Berlin,code11,,69.184
2020,Percentage,,,Female,Berlin,code11,,70.086
2021,Percentage,,r,Female,Berlin,code11,,71.79
2022,Percentage,,r,Female,Berlin,code11,,73.738
2023,Percentage,,r,Female,Berlin,code11,,72.425
2024,Percentage,,p,Female,Berlin,code11,,72.506
2005,Percentage,,,Female,Berlin,code11,,47.091
2006,Percentage,,,Female,Berlin,code11,,50.091
2007,Percentage,,,Female,Berlin,code11,,53.045
2008,Percentage,,,Female,Berlin,code11,,49.991
2009,Percentage,,,Female,Berlin,code11,,56.248
2010,Percentage,,,Male,Berlin,code11,,45.795
2011,Percentage,,,Male,Berlin,code11,,44.749
2012,Percentage,,,Male,Berlin,code11,,47.454
2013,Percentage,,,Male,Berlin,code11,,47.616
2014,Percentage,,,Male,Berlin,code11,,48.408
2015,Percentage,,,Male,Berlin,code11,,49.661
2016,Percentage,,,Male,Berlin,code11,,55.666
2017,Percentage,,,Male,Berlin,code11,,55.683
2018,Percentage,,,Male,Berlin,code11,,58.273
2019,Percentage,,,Male,Berlin,code11,,60.317
2020,Percentage,,,Male,Berlin,code11,,61.697
2021,Percentage,,r,Male,Berlin,code11,,65.508
2022,Percentage,,r,Male,Berlin,code11,,66.813
2023,Percentage,,r,Male,Berlin,code11,,65.565
2024,Percentage,,p,Male,Berlin,code11,,68.328
2005,Percentage,,,Male,Berlin,code11,,45.299
2006,Percentage,,,Male,Berlin,code11,,43.233
2007,Percentage,,,Male,Berlin,code11,,45.499
2008,Percentage,,,Male,Berlin,code11,,44.604
2009,Percentage,,,Male,Berlin,code11,,44.408
2010,Percentage,,,,Brandenburg,code12,,41.438
2011,Percentage,,,,Brandenburg,code12,,44.497
2012,Percentage,,,,Brandenburg,code12,,42.083
2013,Percentage,,,,Brandenburg,code12,,42.574
2014,Percentage,,,,Brandenburg,code12,,44.166
2015,Percentage,,,,Brandenburg,code12,,43.305
2016,Percentage,,,,Brandenburg,code12,,45.406
2017,Percentage,,,,Brandenburg,code12,,42.417
2018,Percentage,,,,Brandenburg,code12,,45.28
2019,Percentage,,,,Brandenburg,code12,,44.441
2020,Percentage,,,,Brandenburg,code12,,49.207
2021,Percentage,,r,,Brandenburg,code12,,54.541
2022,Percentage,,r,,Brandenburg,code12,,53.28
2023,Percentage,,r,,Brandenburg,code12,,53.611
2024,Percentage,,p,,Brandenburg,code12,,57.274
2005,Percentage,,,,Brandenburg,code12,,32.105
2006,Percentage,,,,Brandenburg,code12,,33.245
2007,Percentage,,,,Brandenburg,code12,,34.748
2008,Percentage,,,,Brandenburg,code12,,38.584
2009,Percentage,,,,Brandenburg,code12,,41.176
2010,Percentage,,,Female,Brandenburg,code12,,50.174
2011,Percentage,,,Female,Brandenburg,code12,,53.618
2012,Percentage,,,Female,Brandenburg,code12,,51.561
2013,Percentage,,,Female,Brandenburg,code12,,48.956
2014,Percentage,,,Female,Brandenburg,code12,,50.463
2015,Percentage,,,Female,Brandenburg,code12,,53.347
2016,Percentage,,,Female,Brandenburg,code12,,54.237
2017,Percentage,,,Female,Brandenburg,code12,,48.388
2018,Percentage,,,Female,Brandenburg,code12,,53.536
2019,Percentage,,,Female,Brandenburg,code12,,52.09
2020,Percentage,,,Female,Brandenburg,code12,,54.649
2021,Percentage,,r,Female,Brandenburg,code12,,60.2
2022,Percentage,,r,Female,Brandenburg,code12,,61.119
2023,Percentage,,r,Female,Brandenburg,code12,,60.649
2024,Percentage,,p,Female,Brandenburg,code12,,59.686
2005,Percentage,,,Female,Brandenburg,code12,,36.872
2006,Percentage,,,Female,Brandenburg,code12,,39.533
2007,Percentage,,,Female,Brandenburg,code12,,42.239
2008,Percentage,,,Female,Brandenburg,code12,,47.104
2009,Percentage,,,Female,Brandenburg,code12,,47.875
2010,Percentage,,,Male,Brandenburg,code12,,33.499
2011,Percentage,,,Male,Brandenburg,code12,,35.83
2012,Percentage,,,Male,Brandenburg,code12,,33.854
2013,Percentage,,,Male,Brandenburg,code12,,36.482
2014,Percentage,,,Male,Brandenburg,code12,,37.614
2015,Percentage,,,Male,Brandenburg,code12,,34.099
2016,Percentage,,,Male,Brandenburg,code12,,36.92
2017,Percentage,,,Male,Brandenburg,code12,,36.774
2018,Percentage,,,Male,Brandenburg,code12,,36.845
2019,Percentage,,,Male,Brandenburg,code12,,36.719
2020,Percentage,,,Male,Brandenburg,code12,,43.576
2021,Percentage,,r,Male,Brandenburg,code12,,48.798
2022,Percentage,,r,Male,Brandenburg,code12,,45.629
2023,Percentage,,r,Male,Brandenburg,code12,,46.913
2024,Percentage,,p,Male,Brandenburg,code12,,54.882
2005,Percentage,,,Male,Brandenburg,code12,,27.534
2006,Percentage,,,Male,Brandenburg,code12,,27.45
2007,Percentage,,,Male,Brandenburg,code12,,27.288
2008,Percentage,,,Male,Brandenburg,code12,,30.42
2009,Percentage,,,Male,Brandenburg,code12,,35.274
2010,Percentage,,,,Bremen,code04,,42.091
2011,Percentage,,,,Bremen,code04,,43.164
2012,Percentage,,,,Bremen,code04,,42.426
2013,Percentage,,,,Bremen,code04,,44.794
2014,Percentage,,,,Bremen,code04,,53.636
2015,Percentage,,,,Bremen,code04,,51.149
2016,Percentage,,,,Bremen,code04,,47.308
2017,Percentage,,,,Bremen,code04,,52.051
2018,Percentage,,,,Bremen,code04,,52.305
2019,Percentage,,,,Bremen,code04,,49.131
2020,Percentage,,,,Bremen,code04,,50.924
2021,Percentage,,r,,Bremen,code04,,55.517
2022,Percentage,,r,,Bremen,code04,,50.925
2023,Percentage,,r,,Bremen,code04,,47.703
2024,Percentage,,p,,Bremen,code04,,50.471
2005,Percentage,,,,Bremen,code04,,33.792
2006,Percentage,,,,Bremen,code04,,36.816
2007,Percentage,,,,Bremen,code04,,38.2
2008,Percentage,,,,Bremen,code04,,39.539
2009,Percentage,,,,Bremen,code04,,32.736
2010,Percentage,,,Female,Bremen,code04,,37.891
2011,Percentage,,,Female,Bremen,code04,,47.784
2012,Percentage,,,Female,Bremen,code04,,46.71
2013,Percentage,,,Female,Bremen,code04,,48.958
2014,Percentage,,,Female,Bremen,code04,,57.459
2015,Percentage,,,Female,Bremen,code04,,55.515
2016,Percentage,,,Female,Bremen,code04,,50.78
2017,Percentage,,,Female,Bremen,code04,,56.96
2018,Percentage,,,Female,Bremen,code04,,56.809
2019,Percentage,,,Female,Bremen,code04,,56.672
2020,Percentage,,,Female,Bremen,code04,,58.881
2021,Percentage,,r,Female,Bremen,code04,,62.569
2022,Percentage,,r,Female,Bremen,code04,,54.762
2023,Percentage,,r,Female,Bremen,code04,,49.396
2024,Percentage,,p,Female,Bremen,code04,,51.469
2005,Percentage,,,Female,Bremen,code04,,35.318
2006,Percentage,,,Female,Bremen,code04,,40.104
2007,Percentage,,,Female,Bremen,code04,,40.341
2008,Percentage,,,Female,Bremen,code04,,40.847
2009,Percentage,,,Female,Bremen,code04,,36.118
2010,Percentage,,,Male,Bremen,code04,,46.66
2011,Percentage,,,Male,Bremen,code04,,37.811
2012,Percentage,,,Male,Bremen,code04,,38.639
2013,Percentage,,,Male,Bremen,code04,,41.539
2014,Percentage,,,Male,Bremen,code04,,50.08
2015,Percentage,,,Male,Bremen,code04,,47.205
2016,Percentage,,,Male,Bremen,code04,,43.493
2017,Percentage,,,Male,Bremen,code04,,47.337
2018,Percentage,,,Male,Bremen,code04,,47.898
2019,Percentage,,,Male,Bremen,code04,,42.249
2020,Percentage,,,Male,Bremen,code04,,43.555
2021,Percentage,,r,Male,Bremen,code04,,49.432
2022,Percentage,,r,Male,Bremen,code04,,47.42
2023,Percentage,,r,Male,Bremen,code04,,45.963
2024,Percentage,,p,Male,Bremen,code04,,49.445
2005,Percentage,,,Male,Bremen,code04,,32.333
2006,Percentage,,,Male,Bremen,code04,,33.914
2007,Percentage,,,Male,Bremen,code04,,36.337
2008,Percentage,,,Male,Bremen,code04,,38.208
2009,Percentage,,,Male,Bremen,code04,,28.794
2010,Percentage,,,,Hamburg,code02,,52.734
2011,Percentage,,,,Hamburg,code02,,55.412
2012,Percentage,,,,Hamburg,code02,,54.853
2013,Percentage,,,,Hamburg,code02,,55.762
2014,Percentage,,,,Hamburg,code02,,58.677
2015,Percentage,,,,Hamburg,code02,,60.619
2016,Percentage,,,,Hamburg,code02,,60.562
2017,Percentage,,,,Hamburg,code02,,58.394
2018,Percentage,,,,Hamburg,code02,,62.482
2019,Percentage,,,,Hamburg,code02,,60.122
2020,Percentage,,,,Hamburg,code02,,60.132
2021,Percentage,,r,,Hamburg,code02,,66.131
2022,Percentage,,r,,Hamburg,code02,,59.453
2023,Percentage,,r,,Hamburg,code02,,62.225
2024,Percentage,,p,,Hamburg,code02,,64.537
2005,Percentage,,,,Hamburg,code02,,45.79
2006,Percentage,,,,Hamburg,code02,,48.73
2007,Percentage,,,,Hamburg,code02,,49.433
2008,Percentage,,,,Hamburg,code02,,50.213
2009,Percentage,,,,Hamburg,code02,,53.446
2010,Percentage,,,Female,Hamburg,code02,,54.07
2011,Percentage,,,Female,Hamburg,code02,,57.241
2012,Percentage,,,Female,Hamburg,code02,,57.883
2013,Percentage,,,Female,Hamburg,code02,,60.428
2014,Percentage,,,Female,Hamburg,code02,,61.667
2015,Percentage,,,Female,Hamburg,code02,,62.6
2016,Percentage,,,Female,Hamburg,code02,,62.807
2017,Percentage,,,Female,Hamburg,code02,,63.006
2018,Percentage,,,Female,Hamburg,code02,,64.878
2019,Percentage,,,Female,Hamburg,code02,,61.176
2020,Percentage,,,Female,Hamburg,code02,,63.751
2021,Percentage,,r,Female,Hamburg,code02,,70.736
2022,Percentage,,r,Female,Hamburg,code02,,63.447
2023,Percentage,,r,Female,Hamburg,code02,,67.35
2024,Percentage,,p,Female,Hamburg,code02,,68.011
2005,Percentage,,,Female,Hamburg,code02,,47.503
2006,Percentage,,,Female,Hamburg,code02,,48.986
2007,Percentage,,,Female,Hamburg,code02,,53.833
2008,Percentage,,,Female,Hamburg,code02,,53.129
2009,Percentage,,,Female,Hamburg,code02,,54.502
2010,Percentage,,,Male,Hamburg,code02,,51.466
2011,Percentage,,,Male,Hamburg,code02,,53.572
2012,Percentage,,,Male,Hamburg,code02,,51.135
2013,Percentage,,,Male,Hamburg,code02,,51.061
2014,Percentage,,,Male,Hamburg,code02,,55.467
2015,Percentage,,,Male,Hamburg,code02,,58.535
2016,Percentage,,,Male,Hamburg,code02,,58.411
2017,Percentage,,,Male,Hamburg,code02,,53.722
2018,Percentage,,,Male,Hamburg,code02,,60.036
2019,Percentage,,,Male,Hamburg,code02,,59.103
2020,Percentage,,,Male,Hamburg,code02,,56.579
2021,Percentage,,r,Male,Hamburg,code02,,61.492
2022,Percentage,,r,Male,Hamburg,code02,,55.578
2023,Percentage,,r,Male,Hamburg,code02,,57.303
2024,Percentage,,p,Male,Hamburg,code02,,61.319
2005,Percentage,,,Male,Hamburg,code02,,44.232
2006,Percentage,,,Male,Hamburg,code02,,48.471
2007,Percentage,,,Male,Hamburg,code02,,45.16
2008,Percentage,,,Male,Hamburg,code02,,47.317
2009,Percentage,,,Male,Hamburg,code02,,52.467
2010,Percentage,,,,Hesse,code06,,45.525
2011,Percentage,,,,Hesse,code06,,46.133
2012,Percentage,,,,Hesse,code06,,47.165
2013,Percentage,,,,Hesse,code06,,47.583
2014,Percentage,,,,Hesse,code06,,46.33
2015,Percentage,,,,Hesse,code06,,49.382
2016,Percentage,,,,Hesse,code06,,50.495
2017,Percentage,,,,Hesse,code06,,54.079
2018,Percentage,,,,Hesse,code06,,52.443
2019,Percentage,,,,Hesse,code06,,52.727
2020,Percentage,,,,Hesse,code06,,52.672
2021,Percentage,,r,,Hesse,code06,,52.3
2022,Percentage,,r,,Hesse,code06,,52.176
2023,Percentage,,r,,Hesse,code06,,55.086
2024,Percentage,,p,,Hesse,code06,,57.864
2005,Percentage,,,,Hesse,code06,,40.651
2006,Percentage,,,,Hesse,code06,,40.198
2007,Percentage,,,,Hesse,code06,,40.867
2008,Percentage,,,,Hesse,code06,,40.319
2009,Percentage,,,,Hesse,code06,,43.154
2010,Percentage,,,Female,Hesse,code06,,46.354
2011,Percentage,,,Female,Hesse,code06,,46.657
2012,Percentage,,,Female,Hesse,code06,,47.982
2013,Percentage,,,Female,Hesse,code06,,48.974
2014,Percentage,,,Female,Hesse,code06,,47.9
2015,Percentage,,,Female,Hesse,code06,,52.149
2016,Percentage,,,Female,Hesse,code06,,53.07
2017,Percentage,,,Female,Hesse,code06,,58.514
2018,Percentage,,,Female,Hesse,code06,,56.996
2019,Percentage,,,Female,Hesse,code06,,57.354
2020,Percentage,,,Female,Hesse,code06,,54.372
2021,Percentage,,r,Female,Hesse,code06,,55.358
2022,Percentage,,r,Female,Hesse,code06,,55.014
2023,Percentage,,r,Female,Hesse,code06,,59.349
2024,Percentage,,p,Female,Hesse,code06,,62.887
2005,Percentage,,,Female,Hesse,code06,,38.717
2006,Percentage,,,Female,Hesse,code06,,38.815
2007,Percentage,,,Female,Hesse,code06,,39.798
2008,Percentage,,,Female,Hesse,code06,,40.673
2009,Percentage,,,Female,Hesse,code06,,44.189
2010,Percentage,,,Male,Hesse,code06,,44.658
2011,Percentage,,,Male,Hesse,code06,,45.578
2012,Percentage,,,Male,Hesse,code06,,46.331
2013,Percentage,,,Male,Hesse,code06,,46.136
2014,Percentage,,,Male,Hesse,code06,,44.808
2015,Percentage,,,Male,Hesse,code06,,46.628
2016,Percentage,,,Male,Hesse,code06,,47.837
2017,Percentage,,,Male,Hesse,code06,,49.627
2018,Percentage,,,Male,Hesse,code06,,48.008
2019,Percentage,,,Male,Hesse,code06,,48.341
2020,Percentage,,,Male,Hesse,code06,,51.008
2021,Percentage,,r,Male,Hesse,code06,,49.387
2022,Percentage,,r,Male,Hesse,code06,,49.441
2023,Percentage,,r,Male,Hesse,code06,,51.027
2024,Percentage,,p,Male,Hesse,code06,,53.028
2005,Percentage,,,Male,Hesse,code06,,42.617
2006,Percentage,,,Male,Hesse,code06,,41.635
2007,Percentage,,,Male,Hesse,code06,,41.942
2008,Percentage,,,Male,Hesse,code06,,39.945
2009,Percentage,,,Male,Hesse,code06,,42.08
2010,Percentage,,,,Mecklenburg Western Pomerania,code13,,33.193
2011,Percentage,,,,Mecklenburg Western Pomerania,code13,,32.109
2012,Percentage,,,,Mecklenburg Western Pomerania,code13,,30.765
2013,Percentage,,,,Mecklenburg Western Pomerania,code13,,33.239
2014,Percentage,,,,Mecklenburg Western Pomerania,code13,,35.472
2015,Percentage,,,,Mecklenburg Western Pomerania,code13,,34.907
2016,Percentage,,,,Mecklenburg Western Pomerania,code13,,32.791
2017,Percentage,,,,Mecklenburg Western Pomerania,code13,,32.713
2018,Percentage,,,,Mecklenburg Western Pomerania,code13,,37.94
2019,Percentage,,,,Mecklenburg Western Pomerania,code13,,38.662
2020,Percentage,,,,Mecklenburg Western Pomerania,code13,,38.949
2021,Percentage,,r,,Mecklenburg Western Pomerania,code13,,43.363
2022,Percentage,,r,,Mecklenburg Western Pomerania,code13,,42.446
2023,Percentage,,r,,Mecklenburg Western Pomerania,code13,,44.221
2024,Percentage,,p,,Mecklenburg Western Pomerania,code13,,45.285
2005,Percentage,,,,Mecklenburg Western Pomerania,code13,,26.349
2006,Percentage,,,,Mecklenburg Western Pomerania,code13,,31.139
2007,Percentage,,,,Mecklenburg Western Pomerania,code13,,30.477
2008,Percentage,,,,Mecklenburg Western Pomerania,code13,,32.339
2009,Percentage,,,,Mecklenburg Western Pomerania,code13,,32.347
2010,Percentage,,,Female,Mecklenburg Western Pomerania,code13,,36.472
2011,Percentage,,,Female,Mecklenburg Western Pomerania,code13,,35.261
2012,Percentage,,,Female,Mecklenburg Western Pomerania,code13,,38.453
2013,Percentage,,,Female,Mecklenburg Western Pomerania,code13,,42.102
2014,Percentage,,,Female,Mecklenburg Western Pomerania,code13,,43.402
2015,Percentage,,,Female,Mecklenburg Western Pomerania,code13,,44.062
2016,Percentage,,,Female,Mecklenburg Western Pomerania,code13,,39.519
2017,Percentage,,,Female,Mecklenburg Western Pomerania,code13,,39.66
2018,Percentage,,,Female,Mecklenburg Western Pomerania,code13,,44.357
2019,Percentage,,,Female,Mecklenburg Western Pomerania,code13,,41.239
2020,Percentage,,,Female,Mecklenburg Western Pomerania,code13,,45.227
2021,Percentage,,r,Female,Mecklenburg Western Pomerania,code13,,48.504
2022,Percentage,,r,Female,Mecklenburg Western Pomerania,code13,,49.661
2023,Percentage,,r,Female,Mecklenburg Western Pomerania,code13,,54.129
2024,Percentage,,p,Female,Mecklenburg Western Pomerania,code13,,53.47
2005,Percentage,,,Female,Mecklenburg Western Pomerania,code13,,27.026
2006,Percentage,,,Female,Mecklenburg Western Pomerania,code13,,37.251
2007,Percentage,,,Female,Mecklenburg Western Pomerania,code13,,37.159
2008,Percentage,,,Female,Mecklenburg Western Pomerania,code13,,39.407
2009,Percentage,,,Female,Mecklenburg Western Pomerania,code13,,37.558
2010,Percentage,,,Male,Mecklenburg Western Pomerania,code13,,30.445
2011,Percentage,,,Male,Mecklenburg Western Pomerania,code13,,29.308
2012,Percentage,,,Male,Mecklenburg Western Pomerania,code13,,23.899
2013,Percentage,,,Male,Mecklenburg Western Pomerania,code13,,25.37
2014,Percentage,,,Male,Mecklenburg Western Pomerania,code13,,28.336
2015,Percentage,,,Male,Mecklenburg Western Pomerania,code13,,27.005
2016,Percentage,,,Male,Mecklenburg Western Pomerania,code13,,27.014
2017,Percentage,,,Male,Mecklenburg Western Pomerania,code13,,26.127
2018,Percentage,,,Male,Mecklenburg Western Pomerania,code13,,32.373
2019,Percentage,,,Male,Mecklenburg Western Pomerania,code13,,36.44
2020,Percentage,,,Male,Mecklenburg Western Pomerania,code13,,33.038
2021,Percentage,,r,Male,Mecklenburg Western Pomerania,code13,,38.354
2022,Percentage,,r,Male,Mecklenburg Western Pomerania,code13,,34.814
2023,Percentage,,r,Male,Mecklenburg Western Pomerania,code13,,34.808
2024,Percentage,,p,Male,Mecklenburg Western Pomerania,code13,,36.78
2005,Percentage,,,Male,Mecklenburg Western Pomerania,code13,,25.759
2006,Percentage,,,Male,Mecklenburg Western Pomerania,code13,,26.081
2007,Percentage,,,Male,Mecklenburg Western Pomerania,code13,,25.045
2008,Percentage,,,Male,Mecklenburg Western Pomerania,code13,,26.693
2009,Percentage,,,Male,Mecklenburg Western Pomerania,code13,,27.74
2010,Percentage,,,,Lower Saxony,code03,,36.194
2011,Percentage,,,,Lower Saxony,code03,,37.469
2012,Percentage,,,,Lower Saxony,code03,,38.152
2013,Percentage,,,,Lower Saxony,code03,,37.92
2014,Percentage,,,,Lower Saxony,code03,,40.33
2015,Percentage,,,,Lower Saxony,code03,,43.228
2016,Percentage,,,,Lower Saxony,code03,,41.48
2017,Percentage,,,,Lower Saxony,code03,,42.601
2018,Percentage,,,,Lower Saxony,code03,,44.019
2019,Percentage,,,,Lower Saxony,code03,,44.673
2020,Percentage,,,,Lower Saxony,code03,,47.773
2021,Percentage,,r,,Lower Saxony,code03,,48.188
2022,Percentage,,r,,Lower Saxony,code03,,49.446
2023,Percentage,,r,,Lower Saxony,code03,,52.463
2024,Percentage,,p,,Lower Saxony,code03,,54.605
2005,Percentage,,,,Lower Saxony,code03,,32.081
2006,Percentage,,,,Lower Saxony,code03,,31.721
2007,Percentage,,,,Lower Saxony,code03,,32.983
2008,Percentage,,,,Lower Saxony,code03,,34.037
2009,Percentage,,,,Lower Saxony,code03,,35.592
2010,Percentage,,,Female,Lower Saxony,code03,,37.49
2011,Percentage,,,Female,Lower Saxony,code03,,39.557
2012,Percentage,,,Female,Lower Saxony,code03,,40.56
2013,Percentage,,,Female,Lower Saxony,code03,,38.823
2014,Percentage,,,Female,Lower Saxony,code03,,42.47
2015,Percentage,,,Female,Lower Saxony,code03,,46.361
2016,Percentage,,,Female,Lower Saxony,code03,,44.641
2017,Percentage,,,Female,Lower Saxony,code03,,45.946
2018,Percentage,,,Female,Lower Saxony,code03,,48.507
2019,Percentage,,,Female,Lower Saxony,code03,,49.045
2020,Percentage,,,Female,Lower Saxony,code03,,52.709
2021,Percentage,,r,Female,Lower Saxony,code03,,52.379
2022,Percentage,,r,Female,Lower Saxony,code03,,52.835
2023,Percentage,,r,Female,Lower Saxony,code03,,56.81
2024,Percentage,,p,Female,Lower Saxony,code03,,59.095
2005,Percentage,,,Female,Lower Saxony,code03,,29.536
2006,Percentage,,,Female,Lower Saxony,code03,,29.946
2007,Percentage,,,Female,Lower Saxony,code03,,30.943
2008,Percentage,,,Female,Lower Saxony,code03,,33.133
2009,Percentage,,,Female,Lower Saxony,code03,,36.255
2010,Percentage,,,Male,Lower Saxony,code03,,34.885
2011,Percentage,,,Male,Lower Saxony,code03,,35.403
2012,Percentage,,,Male,Lower Saxony,code03,,35.715
2013,Percentage,,,Male,Lower Saxony,code03,,37.042
2014,Percentage,,,Male,Lower Saxony,code03,,38.263
2015,Percentage,,,Male,Lower Saxony,code03,,40.152
2016,Percentage,,,Male,Lower Saxony,code03,,38.542
2017,Percentage,,,Male,Lower Saxony,code03,,39.515
2018,Percentage,,,Male,Lower Saxony,code03,,39.817
2019,Percentage,,,Male,Lower Saxony,code03,,40.665
2020,Percentage,,,Male,Lower Saxony,code03,,43.017
2021,Percentage,,r,Male,Lower Saxony,code03,,44.226
2022,Percentage,,r,Male,Lower Saxony,code03,,46.241
2023,Percentage,,r,Male,Lower Saxony,code03,,48.267
2024,Percentage,,p,Male,Lower Saxony,code03,,50.374
2005,Percentage,,,Male,Lower Saxony,code03,,34.599
2006,Percentage,,,Male,Lower Saxony,code03,,33.505
2007,Percentage,,,Male,Lower Saxony,code03,,35.072
2008,Percentage,,,Male,Lower Saxony,code03,,34.922
2009,Percentage,,,Male,Lower Saxony,code03,,34.951
2010,Percentage,,,,North Rhine-Westphalia,code05,,41.389
2011,Percentage,,,,North Rhine-Westphalia,code05,,42.073
2012,Percentage,,,,North Rhine-Westphalia,code05,,44.357
2013,Percentage,,,,North Rhine-Westphalia,code05,,45.045
2014,Percentage,,,,North Rhine-Westphalia,code05,,47.883
2015,Percentage,,,,North Rhine-Westphalia,code05,,48.828
2016,Percentage,,,,North Rhine-Westphalia,code05,,50.378
2017,Percentage,,,,North Rhine-Westphalia,code05,,51.044
2018,Percentage,,,,North Rhine-Westphalia,code05,,50.565
2019,Percentage,,,,North Rhine-Westphalia,code05,,50.934
2020,Percentage,,,,North Rhine-Westphalia,code05,,54.558
2021,Percentage,,r,,North Rhine-Westphalia,code05,,54.381
2022,Percentage,,r,,North Rhine-Westphalia,code05,,53.815
2023,Percentage,,r,,North Rhine-Westphalia,code05,,56.022
2024,Percentage,,p,,North Rhine-Westphalia,code05,,57.316
2005,Percentage,,,,North Rhine-Westphalia,code05,,36.964
2006,Percentage,,,,North Rhine-Westphalia,code05,,37.839
2007,Percentage,,,,North Rhine-Westphalia,code05,,38.718
2008,Percentage,,,,North Rhine-Westphalia,code05,,41.096
2009,Percentage,,,,North Rhine-Westphalia,code05,,41.827
2010,Percentage,,,Female,North Rhine-Westphalia,code05,,42.215
2011,Percentage,,,Female,North Rhine-Westphalia,code05,,43.816
2012,Percentage,,,Female,North Rhine-Westphalia,code05,,46.787
2013,Percentage,,,Female,North Rhine-Westphalia,code05,,47.416
2014,Percentage,,,Female,North Rhine-Westphalia,code05,,50.809
2015,Percentage,,,Female,North Rhine-Westphalia,code05,,52.654
2016,Percentage,,,Female,North Rhine-Westphalia,code05,,54.355
2017,Percentage,,,Female,North Rhine-Westphalia,code05,,54.587
2018,Percentage,,,Female,North Rhine-Westphalia,code05,,55.135
2019,Percentage,,,Female,North Rhine-Westphalia,code05,,55.337
2020,Percentage,,,Female,North Rhine-Westphalia,code05,,60.36
2021,Percentage,,r,Female,North Rhine-Westphalia,code05,,58.132
2022,Percentage,,r,Female,North Rhine-Westphalia,code05,,58.408
2023,Percentage,,r,Female,North Rhine-Westphalia,code05,,60.771
2024,Percentage,,p,Female,North Rhine-Westphalia,code05,,62.441
2005,Percentage,,,Female,North Rhine-Westphalia,code05,,36.443
2006,Percentage,,,Female,North Rhine-Westphalia,code05,,38.012
2007,Percentage,,,Female,North Rhine-Westphalia,code05,,38.428
2008,Percentage,,,Female,North Rhine-Westphalia,code05,,41.687
2009,Percentage,,,Female,North Rhine-Westphalia,code05,,42.652
2010,Percentage,,,Male,North Rhine-Westphalia,code05,,40.573
2011,Percentage,,,Male,North Rhine-Westphalia,code05,,40.355
2012,Percentage,,,Male,North Rhine-Westphalia,code05,,41.997
2013,Percentage,,,Male,North Rhine-Westphalia,code05,,42.662
2014,Percentage,,,Male,North Rhine-Westphalia,code05,,44.84
2015,Percentage,,,Male,North Rhine-Westphalia,code05,,44.902
2016,Percentage,,,Male,North Rhine-Westphalia,code05,,46.371
2017,Percentage,,,Male,North Rhine-Westphalia,code05,,47.565
2018,Percentage,,,Male,North Rhine-Westphalia,code05,,46.096
2019,Percentage,,,Male,North Rhine-Westphalia,code05,,46.715
2020,Percentage,,,Male,North Rhine-Westphalia,code05,,48.942
2021,Percentage,,r,Male,North Rhine-Westphalia,code05,,50.793
2022,Percentage,,r,Male,North Rhine-Westphalia,code05,,49.424
2023,Percentage,,r,Male,North Rhine-Westphalia,code05,,51.508
2024,Percentage,,p,Male,North Rhine-Westphalia,code05,,52.468
2005,Percentage,,,Male,North Rhine-Westphalia,code05,,37.481
2006,Percentage,,,Male,North Rhine-Westphalia,code05,,37.668
2007,Percentage,,,Male,North Rhine-Westphalia,code05,,39.003
2008,Percentage,,,Male,North Rhine-Westphalia,code05,,40.506
2009,Percentage,,,Male,North Rhine-Westphalia,code05,,40.985
2010,Percentage,,,,Rhineland Palatinate,code07,,38.507
2011,Percentage,,,,Rhineland Palatinate,code07,,39.981
2012,Percentage,,,,Rhineland Palatinate,code07,,42.26
2013,Percentage,,,,Rhineland Palatinate,code07,,41.933
2014,Percentage,,,,Rhineland Palatinate,code07,,43.672
2015,Percentage,,,,Rhineland Palatinate,code07,,42.606
2016,Percentage,,,,Rhineland Palatinate,code07,,44.25
2017,Percentage,,,,Rhineland Palatinate,code07,,44.135
2018,Percentage,,,,Rhineland Palatinate,code07,,44.584
2019,Percentage,,,,Rhineland Palatinate,code07,,48.176
2020,Percentage,,,,Rhineland Palatinate,code07,,49.737
2021,Percentage,,r,,Rhineland Palatinate,code07,,49.019
2022,Percentage,,r,,Rhineland Palatinate,code07,,49.997
2023,Percentage,,r,,Rhineland Palatinate,code07,,51.25
2024,Percentage,,p,,Rhineland Palatinate,code07,,54.829
2005,Percentage,,,,Rhineland Palatinate,code07,,30.417
2006,Percentage,,,,Rhineland Palatinate,code07,,31.903
2007,Percentage,,,,Rhineland Palatinate,code07,,32.928
2008,Percentage,,,,Rhineland Palatinate,code07,,35.304
2009,Percentage,,,,Rhineland Palatinate,code07,,36.684
2010,Percentage,,,Female,Rhineland Palatinate,code07,,37.007
2011,Percentage,,,Female,Rhineland Palatinate,code07,,40.919
2012,Percentage,,,Female,Rhineland Palatinate,code07,,42.304
2013,Percentage,,,Female,Rhineland Palatinate,code07,,42.15
2014,Percentage,,,Female,Rhineland Palatinate,code07,,45.628
2015,Percentage,,,Female,Rhineland Palatinate,code07,,44.601
2016,Percentage,,,Female,Rhineland Palatinate,code07,,46.644
2017,Percentage,,,Female,Rhineland Palatinate,code07,,47.934
2018,Percentage,,,Female,Rhineland Palatinate,code07,,46.716
2019,Percentage,,,Female,Rhineland Palatinate,code07,,51.269
2020,Percentage,,,Female,Rhineland Palatinate,code07,,53.188
2021,Percentage,,r,Female,Rhineland Palatinate,code07,,52.098
2022,Percentage,,r,Female,Rhineland Palatinate,code07,,53.228
2023,Percentage,,r,Female,Rhineland Palatinate,code07,,53.821
2024,Percentage,,p,Female,Rhineland Palatinate,code07,,58.936
2005,Percentage,,,Female,Rhineland Palatinate,code07,,26.574
2006,Percentage,,,Female,Rhineland Palatinate,code07,,29.304
2007,Percentage,,,Female,Rhineland Palatinate,code07,,31.826
2008,Percentage,,,Female,Rhineland Palatinate,code07,,35.112
2009,Percentage,,,Female,Rhineland Palatinate,code07,,36.994
2010,Percentage,,,Male,Rhineland Palatinate,code07,,40.163
2011,Percentage,,,Male,Rhineland Palatinate,code07,,38.99
2012,Percentage,,,Male,Rhineland Palatinate,code07,,42.203
2013,Percentage,,,Male,Rhineland Palatinate,code07,,41.727
2014,Percentage,,,Male,Rhineland Palatinate,code07,,41.632
2015,Percentage,,,Male,Rhineland Palatinate,code07,,40.687
2016,Percentage,,,Male,Rhineland Palatinate,code07,,41.923
2017,Percentage,,,Male,Rhineland Palatinate,code07,,40.404
2018,Percentage,,,Male,Rhineland Palatinate,code07,,42.472
2019,Percentage,,,Male,Rhineland Palatinate,code07,,45.228
2020,Percentage,,,Male,Rhineland Palatinate,code07,,46.338
2021,Percentage,,r,Male,Rhineland Palatinate,code07,,46.139
2022,Percentage,,r,Male,Rhineland Palatinate,code07,,46.849
2023,Percentage,,r,Male,Rhineland Palatinate,code07,,48.777
2024,Percentage,,p,Male,Rhineland Palatinate,code07,,51.114
2005,Percentage,,,Male,Rhineland Palatinate,code07,,34.607
2006,Percentage,,,Male,Rhineland Palatinate,code07,,34.728
2007,Percentage,,,Male,Rhineland Palatinate,code07,,34.014
2008,Percentage,,,Male,Rhineland Palatinate,code07,,35.499
2009,Percentage,,,Male,Rhineland Palatinate,code07,,36.351
2010,Percentage,,,,Saarland,code10,,32.859
2011,Percentage,,,,Saarland,code10,,34.783
2012,Percentage,,,,Saarland,code10,,38.257
2013,Percentage,,,,Saarland,code10,,35.694
2014,Percentage,,,,Saarland,code10,,35.753
2015,Percentage,,,,Saarland,code10,,40.201
2016,Percentage,,,,Saarland,code10,,41.599
2017,Percentage,,,,Saarland,code10,,39.827
2018,Percentage,,,,Saarland,code10,,44.596
2019,Percentage,,,,Saarland,code10,,47.733
2020,Percentage,,,,Saarland,code10,,55.251
2021,Percentage,,r,,Saarland,code10,,51.954
2022,Percentage,,r,,Saarland,code10,,50.937
2023,Percentage,,r,,Saarland,code10,,48.61
2024,Percentage,,p,,Saarland,code10,,51.852
2005,Percentage,,,,Saarland,code10,,32.673
2006,Percentage,,,,Saarland,code10,,35.007
2007,Percentage,,,,Saarland,code10,,32.44
2008,Percentage,,,,Saarland,code10,,36.371
2009,Percentage,,,,Saarland,code10,,37.232
2010,Percentage,,,Female,Saarland,code10,,36.76
2011,Percentage,,,Female,Saarland,code10,,38.665
2012,Percentage,,,Female,Saarland,code10,,42.193
2013,Percentage,,,Female,Saarland,code10,,39.873
2014,Percentage,,,Female,Saarland,code10,,35.754
2015,Percentage,,,Female,Saarland,code10,,41.255
2016,Percentage,,,Female,Saarland,code10,,37.913
2017,Percentage,,,Female,Saarland,code10,,40.354
2018,Percentage,,,Female,Saarland,code10,,49.159
2019,Percentage,,,Female,Saarland,code10,,54.215
2020,Percentage,,,Female,Saarland,code10,,66.671
2021,Percentage,,r,Female,Saarland,code10,,55.756
2022,Percentage,,r,Female,Saarland,code10,,55.745
2023,Percentage,,r,Female,Saarland,code10,,53.824
2024,Percentage,,p,Female,Saarland,code10,,58.611
2005,Percentage,,,Female,Saarland,code10,,32.814
2006,Percentage,,,Female,Saarland,code10,,34.97
2007,Percentage,,,Female,Saarland,code10,,33.107
2008,Percentage,,,Female,Saarland,code10,,37.423
2009,Percentage,,,Female,Saarland,code10,,40.175
2010,Percentage,,,Male,Saarland,code10,,28.772
2011,Percentage,,,Male,Saarland,code10,,30.839
2012,Percentage,,,Male,Saarland,code10,,34.733
2013,Percentage,,,Male,Saarland,code10,,32.34
2014,Percentage,,,Male,Saarland,code10,,35.774
2015,Percentage,,,Male,Saarland,code10,,39.245
2016,Percentage,,,Male,Saarland,code10,,44.77
2017,Percentage,,,Male,Saarland,code10,,39.374
2018,Percentage,,,Male,Saarland,code10,,40.81
2019,Percentage,,,Male,Saarland,code10,,41.476
2020,Percentage,,,Male,Saarland,code10,,43.5
2021,Percentage,,r,Male,Saarland,code10,,48.515
2022,Percentage,,r,Male,Saarland,code10,,45.95
2023,Percentage,,r,Male,Saarland,code10,,43.814
2024,Percentage,,p,Male,Saarland,code10,,45.396
2005,Percentage,,,Male,Saarland,code10,,32.494
2006,Percentage,,,Male,Saarland,code10,,35.005
2007,Percentage,,,Male,Saarland,code10,,31.656
2008,Percentage,,,Male,Saarland,code10,,35.242
2009,Percentage,,,Male,Saarland,code10,,34.162
2010,Percentage,,,,Saxony,code14,,46.36
2011,Percentage,,,,Saxony,code14,,44.031
2012,Percentage,,,,Saxony,code14,,42.673
2013,Percentage,,,,Saxony,code14,,45.802
2014,Percentage,,,,Saxony,code14,,46.177
2015,Percentage,,,,Saxony,code14,,48.273
2016,Percentage,,,,Saxony,code14,,46.303
2017,Percentage,,,,Saxony,code14,,48.008
2018,Percentage,,,,Saxony,code14,,49.176
2019,Percentage,,,,Saxony,code14,,50.717
2020,Percentage,,,,Saxony,code14,,50.961
2021,Percentage,,r,,Saxony,code14,,52.867
2022,Percentage,,r,,Saxony,code14,,54.835
2023,Percentage,,r,,Saxony,code14,,54.873
2024,Percentage,,p,,Saxony,code14,,57.543
2005,Percentage,,,,Saxony,code14,,37.891
2006,Percentage,,,,Saxony,code14,,40.594
2007,Percentage,,,,Saxony,code14,,44.325
2008,Percentage,,,,Saxony,code14,,44.452
2009,Percentage,,,,Saxony,code14,,46.019
2010,Percentage,,,Female,Saxony,code14,,54.98
2011,Percentage,,,Female,Saxony,code14,,53.073
2012,Percentage,,,Female,Saxony,code14,,50.538
2013,Percentage,,,Female,Saxony,code14,,55.404
2014,Percentage,,,Female,Saxony,code14,,54.31
2015,Percentage,,,Female,Saxony,code14,,56.29
2016,Percentage,,,Female,Saxony,code14,,54.852
2017,Percentage,,,Female,Saxony,code14,,56.864
2018,Percentage,,,Female,Saxony,code14,,57.379
2019,Percentage,,,Female,Saxony,code14,,59.763
2020,Percentage,,,Female,Saxony,code14,,58.286
2021,Percentage,,r,Female,Saxony,code14,,59.463
2022,Percentage,,r,Female,Saxony,code14,,62.481
2023,Percentage,,r,Female,Saxony,code14,,62.819
2024,Percentage,,p,Female,Saxony,code14,,63.979
2005,Percentage,,,Female,Saxony,code14,,42.11
2006,Percentage,,,Female,Saxony,code14,,48.179
2007,Percentage,,,Female,Saxony,code14,,52.442
2008,Percentage,,,Female,Saxony,code14,,52.456
2009,Percentage,,,Female,Saxony,code14,,55.446
2010,Percentage,,,Male,Saxony,code14,,38.611
2011,Percentage,,,Male,Saxony,code14,,36.216
2012,Percentage,,,Male,Saxony,code14,,35.996
2013,Percentage,,,Male,Saxony,code14,,37.767
2014,Percentage,,,Male,Saxony,code14,,39.06
2015,Percentage,,,Male,Saxony,code14,,41.035
2016,Percentage,,,Male,Saxony,code14,,38.545
2017,Percentage,,,Male,Saxony,code14,,39.854
2018,Percentage,,,Male,Saxony,code14,,41.556
2019,Percentage,,,Male,Saxony,code14,,41.69
2020,Percentage,,,Male,Saxony,code14,,43.812
2021,Percentage,,r,Male,Saxony,code14,,46.621
2022,Percentage,,r,Male,Saxony,code14,,47.73
2023,Percentage,,r,Male,Saxony,code14,,47.315
2024,Percentage,,p,Male,Saxony,code14,,51.489
2005,Percentage,,,Male,Saxony,code14,,34.289
2006,Percentage,,,Male,Saxony,code14,,34.049
2007,Percentage,,,Male,Saxony,code14,,37.29
2008,Percentage,,,Male,Saxony,code14,,37.836
2009,Percentage,,,Male,Saxony,code14,,37.79
2010,Percentage,,,,Saxony-Anhalt,code15,,32.196
2011,Percentage,,,,Saxony-Anhalt,code15,,31.538
2012,Percentage,,,,Saxony-Anhalt,code15,,30.9
2013,Percentage,,,,Saxony-Anhalt,code15,,30.722
2014,Percentage,,,,Saxony-Anhalt,code15,,32.442
2015,Percentage,,,,Saxony-Anhalt,code15,,34.417
2016,Percentage,,,,Saxony-Anhalt,code15,,33.629
2017,Percentage,,,,Saxony-Anhalt,code15,,35.818
2018,Percentage,,,,Saxony-Anhalt,code15,,38.576
2019,Percentage,,,,Saxony-Anhalt,code15,,36.568
2020,Percentage,,,,Saxony-Anhalt,code15,,39.675
2021,Percentage,,r,,Saxony-Anhalt,code15,,41.624
2022,Percentage,,r,,Saxony-Anhalt,code15,,43.48
2023,Percentage,,r,,Saxony-Anhalt,code15,,42.581
2024,Percentage,,p,,Saxony-Anhalt,code15,,43.035
2005,Percentage,,,,Saxony-Anhalt,code15,,27.938
2006,Percentage,,,,Saxony-Anhalt,code15,,28.41
2007,Percentage,,,,Saxony-Anhalt,code15,,27.008
2008,Percentage,,,,Saxony-Anhalt,code15,,30.452
2009,Percentage,,,,Saxony-Anhalt,code15,,32.577
2010,Percentage,,,Female,Saxony-Anhalt,code15,,37.211
2011,Percentage,,,Female,Saxony-Anhalt,code15,,37.381
2012,Percentage,,,Female,Saxony-Anhalt,code15,,36.312
2013,Percentage,,,Female,Saxony-Anhalt,code15,,36.466
2014,Percentage,,,Female,Saxony-Anhalt,code15,,39.033
2015,Percentage,,,Female,Saxony-Anhalt,code15,,39.992
2016,Percentage,,,Female,Saxony-Anhalt,code15,,41.68
2017,Percentage,,,Female,Saxony-Anhalt,code15,,41.218
2018,Percentage,,,Female,Saxony-Anhalt,code15,,44.332
2019,Percentage,,,Female,Saxony-Anhalt,code15,,41.272
2020,Percentage,,,Female,Saxony-Anhalt,code15,,49.659
2021,Percentage,,r,Female,Saxony-Anhalt,code15,,50.597
2022,Percentage,,r,Female,Saxony-Anhalt,code15,,51.455
2023,Percentage,,r,Female,Saxony-Anhalt,code15,,49.394
2024,Percentage,,p,Female,Saxony-Anhalt,code15,,46.87
2005,Percentage,,,Female,Saxony-Anhalt,code15,,31.213
2006,Percentage,,,Female,Saxony-Anhalt,code15,,32.145
2007,Percentage,,,Female,Saxony-Anhalt,code15,,34.167
2008,Percentage,,,Female,Saxony-Anhalt,code15,,36.796
2009,Percentage,,,Female,Saxony-Anhalt,code15,,37.137
2010,Percentage,,,Male,Saxony-Anhalt,code15,,27.529
2011,Percentage,,,Male,Saxony-Anhalt,code15,,26.277
2012,Percentage,,,Male,Saxony-Anhalt,code15,,25.92
2013,Percentage,,,Male,Saxony-Anhalt,code15,,25.716
2014,Percentage,,,Male,Saxony-Anhalt,code15,,26.517
2015,Percentage,,,Male,Saxony-Anhalt,code15,,29.854
2016,Percentage,,,Male,Saxony-Anhalt,code15,,26.652
2017,Percentage,,,Male,Saxony-Anhalt,code15,,30.816
2018,Percentage,,,Male,Saxony-Anhalt,code15,,32.811
2019,Percentage,,,Male,Saxony-Anhalt,code15,,32.338
2020,Percentage,,,Male,Saxony-Anhalt,code15,,30.554
2021,Percentage,,r,Male,Saxony-Anhalt,code15,,33.216
2022,Percentage,,r,Male,Saxony-Anhalt,code15,,36.29
2023,Percentage,,r,Male,Saxony-Anhalt,code15,,36.157
2024,Percentage,,p,Male,Saxony-Anhalt,code15,,39.44
2005,Percentage,,,Male,Saxony-Anhalt,code15,,25.223
2006,Percentage,,,Male,Saxony-Anhalt,code15,,24.949
2007,Percentage,,,Male,Saxony-Anhalt,code15,,20.758
2008,Percentage,,,Male,Saxony-Anhalt,code15,,24.749
2009,Percentage,,,Male,Saxony-Anhalt,code15,,28.203
2010,Percentage,,,,Schleswig-Holstein,code01,,35.818
2011,Percentage,,,,Schleswig-Holstein,code01,,40.479
2012,Percentage,,,,Schleswig-Holstein,code01,,37.279
2013,Percentage,,,,Schleswig-Holstein,code01,,38.185
2014,Percentage,,,,Schleswig-Holstein,code01,,38.917
2015,Percentage,,,,Schleswig-Holstein,code01,,39.774
2016,Percentage,,,,Schleswig-Holstein,code01,,40.312
2017,Percentage,,,,Schleswig-Holstein,code01,,42.434
2018,Percentage,,,,Schleswig-Holstein,code01,,43.394
2019,Percentage,,,,Schleswig-Holstein,code01,,43.426
2020,Percentage,,,,Schleswig-Holstein,code01,,43.492
2021,Percentage,,r,,Schleswig-Holstein,code01,,46.169
2022,Percentage,,r,,Schleswig-Holstein,code01,,45.797
2023,Percentage,,r,,Schleswig-Holstein,code01,,50.537
2024,Percentage,,p,,Schleswig-Holstein,code01,,54.044
2005,Percentage,,,,Schleswig-Holstein,code01,,32.522
2006,Percentage,,,,Schleswig-Holstein,code01,,30.614
2007,Percentage,,,,Schleswig-Holstein,code01,,31.821
2008,Percentage,,,,Schleswig-Holstein,code01,,32.351
2009,Percentage,,,,Schleswig-Holstein,code01,,34.6
2010,Percentage,,,Female,Schleswig-Holstein,code01,,36.743
2011,Percentage,,,Female,Schleswig-Holstein,code01,,41.709
2012,Percentage,,,Female,Schleswig-Holstein,code01,,39.199
2013,Percentage,,,Female,Schleswig-Holstein,code01,,40.66
2014,Percentage,,,Female,Schleswig-Holstein,code01,,40.683
2015,Percentage,,,Female,Schleswig-Holstein,code01,,44.039
2016,Percentage,,,Female,Schleswig-Holstein,code01,,43.084
2017,Percentage,,,Female,Schleswig-Holstein,code01,,47.043
2018,Percentage,,,Female,Schleswig-Holstein,code01,,49.134
2019,Percentage,,,Female,Schleswig-Holstein,code01,,45.802
2020,Percentage,,,Female,Schleswig-Holstein,code01,,47.986
2021,Percentage,,r,Female,Schleswig-Holstein,code01,,50.888
2022,Percentage,,r,Female,Schleswig-Holstein,code01,,51.768
2023,Percentage,,r,Female,Schleswig-Holstein,code01,,55.594
2024,Percentage,,p,Female,Schleswig-Holstein,code01,,59.408
2005,Percentage,,,Female,Schleswig-Holstein,code01,,32.061
2006,Percentage,,,Female,Schleswig-Holstein,code01,,30.892
2007,Percentage,,,Female,Schleswig-Holstein,code01,,31.164
2008,Percentage,,,Female,Schleswig-Holstein,code01,,32.799
2009,Percentage,,,Female,Schleswig-Holstein,code01,,35.757
2010,Percentage,,,Male,Schleswig-Holstein,code01,,34.881
2011,Percentage,,,Male,Schleswig-Holstein,code01,,39.187
2012,Percentage,,,Male,Schleswig-Holstein,code01,,35.318
2013,Percentage,,,Male,Schleswig-Holstein,code01,,35.435
2014,Percentage,,,Male,Schleswig-Holstein,code01,,37.012
2015,Percentage,,,Male,Schleswig-Holstein,code01,,35.551
2016,Percentage,,,Male,Schleswig-Holstein,code01,,37.658
2017,Percentage,,,Male,Schleswig-Holstein,code01,,37.924
2018,Percentage,,,Male,Schleswig-Holstein,code01,,37.777
2019,Percentage,,,Male,Schleswig-Holstein,code01,,41.153
2020,Percentage,,,Male,Schleswig-Holstein,code01,,39.053
2021,Percentage,,r,Male,Schleswig-Holstein,code01,,41.684
2022,Percentage,,r,Male,Schleswig-Holstein,code01,,40.218
2023,Percentage,,r,Male,Schleswig-Holstein,code01,,45.741
2024,Percentage,,p,Male,Schleswig-Holstein,code01,,49.063
2005,Percentage,,,Male,Schleswig-Holstein,code01,,32.983
2006,Percentage,,,Male,Schleswig-Holstein,code01,,30.334
2007,Percentage,,,Male,Schleswig-Holstein,code01,,32.499
2008,Percentage,,,Male,Schleswig-Holstein,code01,,31.852
2009,Percentage,,,Male,Schleswig-Holstein,code01,,33.465
2010,Percentage,,,,Thuringia,code16,,36.366
2011,Percentage,,,,Thuringia,code16,,37.319
2012,Percentage,,,,Thuringia,code16,,39.128
2013,Percentage,,,,Thuringia,code16,,39.753
2014,Percentage,,,,Thuringia,code16,,37.562
2015,Percentage,,,,Thuringia,code16,,36.89
2016,Percentage,,,,Thuringia,code16,,40.326
2017,Percentage,,,,Thuringia,code16,,40.681
2018,Percentage,,,,Thuringia,code16,,44.574
2019,Percentage,,,,Thuringia,code16,,44.773
2020,Percentage,,,,Thuringia,code16,,46.068
2021,Percentage,,r,,Thuringia,code16,,46.976
2022,Percentage,,r,,Thuringia,code16,,49.171
2023,Percentage,,r,,Thuringia,code16,,47.595
2024,Percentage,,p,,Thuringia,code16,,52.235
2005,Percentage,,,,Thuringia,code16,,31.24
2006,Percentage,,,,Thuringia,code16,,32.24
2007,Percentage,,,,Thuringia,code16,,36.495
2008,Percentage,,,,Thuringia,code16,,35.718
2009,Percentage,,,,Thuringia,code16,,35.356
2010,Percentage,,,Female,Thuringia,code16,,42.954
2011,Percentage,,,Female,Thuringia,code16,,45.287
2012,Percentage,,,Female,Thuringia,code16,,46.336
2013,Percentage,,,Female,Thuringia,code16,,47.056
2014,Percentage,,,Female,Thuringia,code16,,44.548
2015,Percentage,,,Female,Thuringia,code16,,45.386
2016,Percentage,,,Female,Thuringia,code16,,47.965
2017,Percentage,,,Female,Thuringia,code16,,49.471
2018,Percentage,,,Female,Thuringia,code16,,51.737
2019,Percentage,,,Female,Thuringia,code16,,51.22
2020,Percentage,,,Female,Thuringia,code16,,48.544
2021,Percentage,,r,Female,Thuringia,code16,,53.907
2022,Percentage,,r,Female,Thuringia,code16,,54.133
2023,Percentage,,r,Female,Thuringia,code16,,52.034
2024,Percentage,,p,Female,Thuringia,code16,,56.097
2005,Percentage,,,Female,Thuringia,code16,,33.837
2006,Percentage,,,Female,Thuringia,code16,,35.134
2007,Percentage,,,Female,Thuringia,code16,,40.816
2008,Percentage,,,Female,Thuringia,code16,,41.872
2009,Percentage,,,Female,Thuringia,code16,,42.476
2010,Percentage,,,Male,Thuringia,code16,,30.543
2011,Percentage,,,Male,Thuringia,code16,,29.946
2012,Percentage,,,Male,Thuringia,code16,,32.762
2013,Percentage,,,Male,Thuringia,code16,,32.984
2014,Percentage,,,Male,Thuringia,code16,,31.294
2015,Percentage,,,Male,Thuringia,code16,,29.867
2016,Percentage,,,Male,Thuringia,code16,,33.471
2017,Percentage,,,Male,Thuringia,code16,,32.923
2018,Percentage,,,Male,Thuringia,code16,,38.098
2019,Percentage,,,Male,Thuringia,code16,,38.895
2020,Percentage,,,Male,Thuringia,code16,,43.843
2021,Percentage,,r,Male,Thuringia,code16,,40.844
2022,Percentage,,r,Male,Thuringia,code16,,44.852
2023,Percentage,,r,Male,Thuringia,code16,,43.566
2024,Percentage,,p,Male,Thuringia,code16,,48.909
2005,Percentage,,,Male,Thuringia,code16,,29.065
2006,Percentage,,,Male,Thuringia,code16,,29.747
2007,Percentage,,,Male,Thuringia,code16,,32.62
2008,Percentage,,,Male,Thuringia,code16,,30.442
2009,Percentage,,,Male,Thuringia,code16,,29.14
1999,Percentage,,,,,,"Secondary education, education after Abitur",8.55
2010,Percentage,,r,,,,"Secondary education, education after Abitur",11.56
2011,Percentage,,r,,,,"Secondary education, education after Abitur",11.558
2012,Percentage,,r,,,,"Secondary education, education after Abitur",11.543
2013,Percentage,,r,,,,"Secondary education, education after Abitur",11.409
2014,Percentage,,,,,,"Secondary education, education after Abitur",14.326
2015,Percentage,,,,,,"Secondary education, education after Abitur",14.536
2016,Percentage,,r,,,,"Secondary education, education after Abitur",14.797
2017,Percentage,,,,,,"Secondary education, education after Abitur",14.836
2018,Percentage,,,,,,"Secondary education, education after Abitur",14.907
2019,Percentage,,,,,,"Secondary education, education after Abitur",14.973
2020,Percentage,,,,,,"Secondary education, education after Abitur",15.756
2021,Percentage,,r,,,,"Secondary education, education after Abitur",14.721
2022,Percentage,,r,,,,"Secondary education, education after Abitur",14.465
2023,Percentage,,r,,,,"Secondary education, education after Abitur",14.765
2024,Percentage,,p,,,,"Secondary education, education after Abitur",15.003
2000,Percentage,,r,,,,"Secondary education, education after Abitur",7.666
2001,Percentage,,r,,,,"Secondary education, education after Abitur",8.12
2002,Percentage,,r,,,,"Secondary education, education after Abitur",8.206
2003,Percentage,,r,,,,"Secondary education, education after Abitur",8.873
2004,Percentage,,r,,,,"Secondary education, education after Abitur",9.464
2005,Percentage,,,,,,"Secondary education, education after Abitur",9.929
2006,Percentage,,,,,,"Secondary education, education after Abitur",10.656
2007,Percentage,,,,,,"Secondary education, education after Abitur",11.136
2008,Percentage,,r,,,,"Secondary education, education after Abitur",11.191
2009,Percentage,,,,,,"Secondary education, education after Abitur",11.368
1999,Percentage,,,Female,,,"Secondary education, education after Abitur",
2010,Percentage,,r,Female,,,"Secondary education, education after Abitur",13.04
2011,Percentage,,r,Female,,,"Secondary education, education after Abitur",12.903
2012,Percentage,,r,Female,,,"Secondary education, education after Abitur",13.183
2013,Percentage,,r,Female,,,"Secondary education, education after Abitur",12.814
2014,Percentage,,,Female,,,"Secondary education, education after Abitur",17.633
2015,Percentage,,r,Female,,,"Secondary education, education after Abitur",18.226
2016,Percentage,,r,Female,,,"Secondary education, education after Abitur",18.417
2017,Percentage,,,Female,,,"Secondary education, education after Abitur",18.449
2018,Percentage,,r,Female,,,"Secondary education, education after Abitur",18.492
2019,Percentage,,r,Female,,,"Secondary education, education after Abitur",18.438
2020,Percentage,,r,Female,,,"Secondary education, education after Abitur",19.419
2021,Percentage,,r,Female,,,"Secondary education, education after Abitur",18.201
2022,Percentage,,r,Female,,,"Secondary education, education after Abitur",17.437
2023,Percentage,,r,Female,,,"Secondary education, education after Abitur",17.963
2024,Percentage,,p,Female,,,"Secondary education, education after Abitur",17.97
2000,Percentage,,r,Female,,,"Secondary education, education after Abitur",9.1
2001,Percentage,,.,Female,,,"Secondary education, education after Abitur",
2002,Percentage,,.,Female,,,"Secondary education, education after Abitur",
2003,Percentage,,,Female,,,"Secondary education, education after Abitur",9.703
2004,Percentage,,,Female,,,"Secondary education, education after Abitur",10.396
2005,Percentage,,,Female,,,"Secondary education, education after Abitur",10.87
2006,Percentage,,,Female,,,"Secondary education, education after Abitur",12.066
2007,Percentage,,,Female,,,"Secondary education, education after Abitur",12.365
2008,Percentage,,,Female,,,"Secondary education, education after Abitur",12.744
2009,Percentage,,,Female,,,"Secondary education, education after Abitur",13.059
1999,Percentage,,,Male,,,"Secondary education, education after Abitur",
2010,Percentage,,,Male,,,"Secondary education, education after Abitur",10.105
2011,Percentage,,r,Male,,,"Secondary education, education after Abitur",10.239
2012,Percentage,,r,Male,,,"Secondary education, education after Abitur",9.94
2013,Percentage,,,Male,,,"Secondary education, education after Abitur",10.026
2014,Percentage,,r,Male,,,"Secondary education, education after Abitur",11.033
2015,Percentage,,,Male,,,"Secondary education, education after Abitur",10.935
2016,Percentage,,r,Male,,,"Secondary education, education after Abitur",11.297
2017,Percentage,,,Male,,,"Secondary education, education after Abitur",11.372
2018,Percentage,,,Male,,,"Secondary education, education after Abitur",11.485
2019,Percentage,,,Male,,,"Secondary education, education after Abitur",11.683
2020,Percentage,,r,Male,,,"Secondary education, education after Abitur",12.264
2021,Percentage,,r,Male,,,"Secondary education, education after Abitur",11.436
2022,Percentage,,r,Male,,,"Secondary education, education after Abitur",11.641
2023,Percentage,,r,Male,,,"Secondary education, education after Abitur",11.727
2024,Percentage,,p,Male,,,"Secondary education, education after Abitur",12.205
2000,Percentage,,,Male,,,"Secondary education, education after Abitur",6.282
2001,Percentage,,.,Male,,,"Secondary education, education after Abitur",
2002,Percentage,,.,Male,,,"Secondary education, education after Abitur",
2003,Percentage,,r,Male,,,"Secondary education, education after Abitur",8.088
2004,Percentage,,r,Male,,,"Secondary education, education after Abitur",8.572
2005,Percentage,,,Male,,,"Secondary education, education after Abitur",9.018
2006,Percentage,,,Male,,,"Secondary education, education after Abitur",9.274
2007,Percentage,,,Male,,,"Secondary education, education after Abitur",9.942
2008,Percentage,,r,Male,,,"Secondary education, education after Abitur",9.657
2009,Percentage,,,Male,,,"Secondary education, education after Abitur",9.695
1999,Percentage,,,,,,Higher qualifying vocational training,10.043
2010,Percentage,,,,,,Higher qualifying vocational training,7.965
2011,Percentage,,,,,,Higher qualifying vocational training,9.987
2012,Percentage,,,,,,Higher qualifying vocational training,10.0
2013,Percentage,,,,,,Higher qualifying vocational training,9.449
2014,Percentage,,,,,,Higher qualifying vocational training,4.846
2015,Percentage,,,,,,Higher qualifying vocational training,4.99
2016,Percentage,,,,,,Higher qualifying vocational training,4.982
2017,Percentage,,,,,,Higher qualifying vocational training,5.384
2018,Percentage,,,,,,Higher qualifying vocational training,5.502
2019,Percentage,,,,,,Higher qualifying vocational training,5.442
2020,Percentage,,,,,,Higher qualifying vocational training,6.478
2021,Percentage,,r,,,,Higher qualifying vocational training,7.278
2022,Percentage,,r,,,,Higher qualifying vocational training,7.339
2023,Percentage,,r,,,,Higher qualifying vocational training,7.018
2024,Percentage,,p,,,,Higher qualifying vocational training,7.29
2000,Percentage,,,,,,Higher qualifying vocational training,10.298
2001,Percentage,,,,,,Higher qualifying vocational training,9.434
2002,Percentage,,,,,,Higher qualifying vocational training,9.594
2003,Percentage,,,,,,Higher qualifying vocational training,8.973
2004,Percentage,,,,,,Higher qualifying vocational training,9.322
2005,Percentage,,,,,,Higher qualifying vocational training,8.395
2006,Percentage,,,,,,Higher qualifying vocational training,7.852
2007,Percentage,,,,,,Higher qualifying vocational training,7.318
2008,Percentage,,,,,,Higher qualifying vocational training,7.331
2009,Percentage,,,,,,Higher qualifying vocational training,7.447
1999,Percentage,,,Female,,,Higher qualifying vocational training,
2010,Percentage,,,Female,,,Higher qualifying vocational training,7.551
2011,Percentage,,,Female,,,Higher qualifying vocational training,10.477
2012,Percentage,,,Female,,,Higher qualifying vocational training,10.372
2013,Percentage,,,Female,,,Higher qualifying vocational training,9.931
2014,Percentage,,,Female,,,Higher qualifying vocational training,3.468
2015,Percentage,,,Female,,,Higher qualifying vocational training,3.678
2016,Percentage,,,Female,,,Higher qualifying vocational training,3.726
2017,Percentage,,,Female,,,Higher qualifying vocational training,3.955
2018,Percentage,,,Female,,,Higher qualifying vocational training,4.282
2019,Percentage,,,Female,,,Higher qualifying vocational training,4.016
2020,Percentage,,,Female,,,Higher qualifying vocational training,5.214
2021,Percentage,,r,Female,,,Higher qualifying vocational training,5.695
2022,Percentage,,r,Female,,,Higher qualifying vocational training,5.687
2023,Percentage,,r,Female,,,Higher qualifying vocational training,5.395
2024,Percentage,,p,Female,,,Higher qualifying vocational training,5.978
2000,Percentage,,,Female,,,Higher qualifying vocational training,9.033
2001,Percentage,,.,Female,,,Higher qualifying vocational training,
2002,Percentage,,.,Female,,,Higher qualifying vocational training,
2003,Percentage,,,Female,,,Higher qualifying vocational training,8.205
2004,Percentage,,,Female,,,Higher qualifying vocational training,8.513
2005,Percentage,,,Female,,,Higher qualifying vocational training,7.528
2006,Percentage,,,Female,,,Higher qualifying vocational training,7.131
2007,Percentage,,,Female,,,Higher qualifying vocational training,6.83
2008,Percentage,,,Female,,,Higher qualifying vocational training,6.782
2009,Percentage,,,Female,,,Higher qualifying vocational training,7.175
1999,Percentage,,,Male,,,Higher qualifying vocational training,
2010,Percentage,,,Male,,,Higher qualifying vocational training,8.371
2011,Percentage,,,Male,,,Higher qualifying vocational training,9.506
2012,Percentage,,,Male,,,Higher qualifying vocational training,9.637
2013,Percentage,,,Male,,,Higher qualifying vocational training,8.973
2014,Percentage,,,Male,,,Higher qualifying vocational training,6.22
2015,Percentage,,,Male,,,Higher qualifying vocational training,6.271
2016,Percentage,,,Male,,,Higher qualifying vocational training,6.196
2017,Percentage,,,Male,,,Higher qualifying vocational training,6.754
2018,Percentage,,,Male,,,Higher qualifying vocational training,6.667
2019,Percentage,,,Male,,,Higher qualifying vocational training,6.796
2020,Percentage,,,Male,,,Higher qualifying vocational training,7.682
2021,Percentage,,r,Male,,,Higher qualifying vocational training,8.772
2022,Percentage,,r,Male,,,Higher qualifying vocational training,8.909
2023,Percentage,,r,Male,,,Higher qualifying vocational training,8.56
2024,Percentage,,p,Male,,,Higher qualifying vocational training,8.528
2000,Percentage,,,Male,,,Higher qualifying vocational training,11.521
2001,Percentage,,.,Male,,,Higher qualifying vocational training,
2002,Percentage,,.,Male,,,Higher qualifying vocational training,
2003,Percentage,,,Male,,,Higher qualifying vocational training,9.698
2004,Percentage,,,Male,,,Higher qualifying vocational training,10.096
2005,Percentage,,,Male,,,Higher qualifying vocational training,9.233
2006,Percentage,,,Male,,,Higher qualifying vocational training,8.559
2007,Percentage,,,Male,,,Higher qualifying vocational training,7.792
2008,Percentage,,,Male,,,Higher qualifying vocational training,7.873
2009,Percentage,,,Male,,,Higher qualifying vocational training,7.716
1999,Percentage,,,,,,University degree,14.758
2010,Percentage,,,,,,University degree,21.845
2011,Percentage,,,,,,University degree,20.718
2012,Percentage,,,,,,University degree,21.921
2013,Percentage,,,,,,University degree,23.661
2014,Percentage,,,,,,University degree,26.562
2015,Percentage,,,,,,University degree,27.312
2016,Percentage,,,,,,University degree,28.228
2017,Percentage,,,,,,University degree,28.615
2018,Percentage,,,,,,University degree,29.424
2019,Percentage,,,,,,University degree,30.073
2020,Percentage,,,,,,University degree,30.051
2021,Percentage,,r,,,,University degree,31.643
2022,Percentage,,r,,,,University degree,31.743
2023,Percentage,,r,,,,University degree,33.556
2024,Percentage,,p,,,,University degree,35.035
2000,Percentage,,,,,,University degree,15.033
2001,Percentage,,,,,,University degree,15.618
2002,Percentage,,,,,,University degree,15.477
2003,Percentage,,,,,,University degree,16.102
2004,Percentage,,,,,,University degree,17.435
2005,Percentage,,,,,,University degree,17.677
2006,Percentage,,,,,,University degree,17.995
2007,Percentage,,,,,,University degree,19.184
2008,Percentage,,,,,,University degree,20.344
2009,Percentage,,,,,,University degree,21.988
1999,Percentage,,,Female,,,University degree,
2010,Percentage,,,Female,,,University degree,22.156
2011,Percentage,,,Female,,,University degree,21.081
2012,Percentage,,,Female,,,University degree,22.529
2013,Percentage,,,Female,,,University degree,24.098
2014,Percentage,,,Female,,,University degree,27.374
2015,Percentage,,,Female,,,University degree,28.689
2016,Percentage,,,Female,,,University degree,29.285
2017,Percentage,,,Female,,,University degree,30.235
2018,Percentage,,,Female,,,University degree,31.053
2019,Percentage,,,Female,,,University degree,31.956
2020,Percentage,,,Female,,,University degree,31.916
2021,Percentage,,r,Female,,,University degree,33.594
2022,Percentage,,r,Female,,,University degree,34.414
2023,Percentage,,r,Female,,,University degree,36.045
2024,Percentage,,p,Female,,,University degree,37.633
2000,Percentage,,,Female,,,University degree,12.747
2001,Percentage,,.,Female,,,University degree,
2002,Percentage,,.,Female,,,University degree,
2003,Percentage,,,Female,,,University degree,14.324
2004,Percentage,,,Female,,,University degree,15.746
2005,Percentage,,,Female,,,University degree,16.594
2006,Percentage,,,Female,,,University degree,17.284
2007,Percentage,,,Female,,,University degree,18.837
2008,Percentage,,,Female,,,University degree,20.263
2009,Percentage,,,Female,,,University degree,22.064
1999,Percentage,,,Male,,,University degree,
2010,Percentage,,,Male,,,University degree,21.539
2011,Percentage,,,Male,,,University degree,20.363
2012,Percentage,,,Male,,,University degree,21.326
2013,Percentage,,,Male,,,University degree,23.23
2014,Percentage,,,Male,,,University degree,25.753
2015,Percentage,,,Male,,,University degree,25.969
2016,Percentage,,,Male,,,University degree,27.206
2017,Percentage,,,Male,,,University degree,27.062
2018,Percentage,,,Male,,,University degree,27.868
2019,Percentage,,,Male,,,University degree,28.285
2020,Percentage,,,Male,,,University degree,28.273
2021,Percentage,,r,Male,,,University degree,29.8
2022,Percentage,,r,Male,,,University degree,29.204
2023,Percentage,,r,Male,,,University degree,31.191
2024,Percentage,,p,Male,,,University degree,32.585
2000,Percentage,,,Male,,,University degree,17.239
2001,Percentage,,.,Male,,,University degree,
2002,Percentage,,.,Male,,,University degree,
2003,Percentage,,,Male,,,University degree,17.781
2004,Percentage,,,Male,,,University degree,19.053
2005,Percentage,,,Male,,,University degree,18.724
2006,Percentage,,,Male,,,University degree,18.693
2007,Percentage,,,Male,,,University degree,19.522
2008,Percentage,,,Male,,,University degree,20.424
2009,Percentage,,,Male,,,University degree,21.912
1999,Percentage,,,,,,Initial training,49.396
2010,Percentage,,,,,,Initial training,41.065
2011,Percentage,,,,,,Initial training,40.482
2012,Percentage,,,,,,Initial training,39.425
2013,Percentage,,,,,,Initial training,38.693
2014,Percentage,,,,,,Initial training,38.047
2015,Percentage,,,,,,Initial training,36.855
2016,Percentage,,,,,,Initial training,35.171
2017,Percentage,,,,,,Initial training,34.264
2018,Percentage,,,,,,Initial training,33.065
2019,Percentage,,,,,,Initial training,32.248
2020,Percentage,,,,,,Initial training,28.838
2021,Percentage,,r,,,,Initial training,26.274
2022,Percentage,,r,,,,Initial training,24.664
2023,Percentage,,r,,,,Initial training,22.718
2024,Percentage,,p,,,,Initial training,21.867
2000,Percentage,,,,,,Initial training,49.322
2001,Percentage,,,,,,Initial training,49.65
2002,Percentage,,,,,,Initial training,48.917
2003,Percentage,,,,,,Initial training,48.646
2004,Percentage,,,,,,Initial training,46.517
2005,Percentage,,,,,,Initial training,44.75
2006,Percentage,,,,,,Initial training,43.96
2007,Percentage,,,,,,Initial training,43.504
2008,Percentage,,,,,,Initial training,42.921
2009,Percentage,,,,,,Initial training,41.204
1999,Percentage,,,Female,,,Initial training,
2010,Percentage,,,Female,,,Initial training,39.405
2011,Percentage,,,Female,,,Initial training,38.186
2012,Percentage,,,Female,,,Initial training,36.887
2013,Percentage,,,Female,,,Initial training,36.193
2014,Percentage,,,Female,,,Initial training,35.163
2015,Percentage,,,Female,,,Initial training,33.5
2016,Percentage,,,Female,,,Initial training,32.001
2017,Percentage,,,Female,,,Initial training,31.554
2018,Percentage,,,Female,,,Initial training,30.558
2019,Percentage,,,Female,,,Initial training,29.631
2020,Percentage,,,Female,,,Initial training,25.707
2021,Percentage,,r,Female,,,Initial training,24.016
2022,Percentage,,r,Female,,,Initial training,22.266
2023,Percentage,,r,Female,,,Initial training,20.038
2024,Percentage,,p,Female,,,Initial training,19.423
2000,Percentage,,,Female,,,Initial training,50.121
2001,Percentage,,.,Female,,,Initial training,
2002,Percentage,,.,Female,,,Initial training,
2003,Percentage,,,Female,,,Initial training,48.995
2004,Percentage,,,Female,,,Initial training,46.648
2005,Percentage,,,Female,,,Initial training,44.886
2006,Percentage,,,Female,,,Initial training,43.095
2007,Percentage,,,Female,,,Initial training,42.657
2008,Percentage,,,Female,,,Initial training,41.379
2009,Percentage,,,Female,,,Initial training,39.704
1999,Percentage,,,Male,,,Initial training,
2010,Percentage,,,Male,,,Initial training,42.697
2011,Percentage,,,Male,,,Initial training,42.734
2012,Percentage,,,Male,,,Initial training,41.907
2013,Percentage,,,Male,,,Initial training,41.153
2014,Percentage,,,Male,,,Initial training,40.92
2015,Percentage,,,Male,,,Initial training,40.13
2016,Percentage,,,Male,,,Initial training,38.238
2017,Percentage,,,Male,,,Initial training,36.862
2018,Percentage,,,Male,,,Initial training,35.459
2019,Percentage,,,Male,,,Initial training,34.733
2020,Percentage,,,Male,,,Initial training,31.825
2021,Percentage,,r,Male,,,Initial training,28.405
2022,Percentage,,r,Male,,,Initial training,26.943
2023,Percentage,,r,Male,,,Initial training,25.264
2024,Percentage,,p,Male,,,Initial training,24.172
2000,Percentage,,,Male,,,Initial training,48.549
2001,Percentage,,.,Male,,,Initial training,
2002,Percentage,,.,Male,,,Initial training,
2003,Percentage,,,Male,,,Initial training,48.317
2004,Percentage,,,Male,,,Initial training,46.391
2005,Percentage,,,Male,,,Initial training,44.619
2006,Percentage,,,Male,,,Initial training,44.808
2007,Percentage,,,Male,,,Initial training,44.327
2008,Percentage,,,Male,,,Initial training,44.444
2009,Percentage,,,Male,,,Initial training,42.688
1999,Percentage,<u>Additional time series:</u> Skilled labour potential (total),,,,,,82.747
2010,Percentage,<u>Additional time series:</u> Skilled labour potential (total),,,,,,82.435
2011,Percentage,<u>Additional time series:</u> Skilled labour potential (total),,,,,,82.745
2012,Percentage,<u>Additional time series:</u> Skilled labour potential (total),,,,,,82.889
2013,Percentage,<u>Additional time series:</u> Skilled labour potential (total),,,,,,83.211
2014,Percentage,<u>Additional time series:</u> Skilled labour potential (total),,,,,,83.781
2015,Percentage,<u>Additional time series:</u> Skilled labour potential (total),,,,,,83.694
2016,Percentage,<u>Additional time series:</u> Skilled labour potential (total),,,,,,83.079
2017,Percentage,<u>Additional time series:</u> Skilled labour potential (total),,,,,,83.099
2018,Percentage,<u>Additional time series:</u> Skilled labour potential (total),,,,,,82.898
2019,Percentage,<u>Additional time series:</u> Skilled labour potential (total),,,,,,82.736
2020,Percentage,<u>Additional time series:</u> Skilled labour potential (total),,,,,,81.123
2021,Percentage,<u>Additional time series:</u> Skilled labour potential (total),r,,,,,79.916
2022,Percentage,<u>Additional time series:</u> Skilled labour potential (total),r,,,,,78.211
2023,Percentage,<u>Additional time series:</u> Skilled labour potential (total),r,,,,,78.057
2024,Percentage,<u>Additional time series:</u> Skilled labour potential (total),p,,,,,79.196
2000,Percentage,<u>Additional time series:</u> Skilled labour potential (total),,,,,,82.319
2001,Percentage,<u>Additional time series:</u> Skilled labour potential (total),,,,,,82.822
2002,Percentage,<u>Additional time series:</u> Skilled labour potential (total),,,,,,82.193
2003,Percentage,<u>Additional time series:</u> Skilled labour potential (total),,,,,,82.594
2004,Percentage,<u>Additional time series:</u> Skilled labour potential (total),,,,,,82.738
2005,Percentage,<u>Additional time series:</u> Skilled labour potential (total),,,,,,80.75
2006,Percentage,<u>Additional time series:</u> Skilled labour potential (total),,,,,,80.464
2007,Percentage,<u>Additional time series:</u> Skilled labour potential (total),,,,,,81.142
2008,Percentage,<u>Additional time series:</u> Skilled labour potential (total),,,,,,81.787
2009,Percentage,<u>Additional time series:</u> Skilled labour potential (total),,,,,,82.007
2030,Percentage,<u>Additional time series:</u> Skilled labour potential (total),…,,,,,
1999,Percentage,<u>Additional time series:</u> Skilled labour potential (total),,Female,,,,
2010,Percentage,<u>Additional time series:</u> Skilled labour potential (total),,Female,,,,82.152
2011,Percentage,<u>Additional time series:</u> Skilled labour potential (total),,Female,,,,82.547
2012,Percentage,<u>Additional time series:</u> Skilled labour potential (total),,Female,,,,82.871
2013,Percentage,<u>Additional time series:</u> Skilled labour potential (total),,Female,,,,83.036
2014,Percentage,<u>Additional time series:</u> Skilled labour potential (total),,Female,,,,83.537
2015,Percentage,<u>Additional time series:</u> Skilled labour potential (total),,Female,,,,83.993
2016,Percentage,<u>Additional time series:</u> Skilled labour potential (total),,Female,,,,83.329
2017,Percentage,<u>Additional time series:</u> Skilled labour potential (total),,Female,,,,84.193
2018,Percentage,<u>Additional time series:</u> Skilled labour potential (total),,Female,,,,84.384
2019,Percentage,<u>Additional time series:</u> Skilled labour potential (total),,Female,,,,84.042
2020,Percentage,<u>Additional time series:</u> Skilled labour potential (total),r,Female,,,,82.256
2021,Percentage,<u>Additional time series:</u> Skilled labour potential (total),r,Female,,,,81.506
2022,Percentage,<u>Additional time series:</u> Skilled labour potential (total),r,Female,,,,79.803
2023,Percentage,<u>Additional time series:</u> Skilled labour potential (total),r,Female,,,,79.441
2024,Percentage,<u>Additional time series:</u> Skilled labour potential (total),p,Female,,,,81.004
2000,Percentage,<u>Additional time series:</u> Skilled labour potential (total),,Female,,,,81.001
2001,Percentage,<u>Additional time series:</u> Skilled labour potential (total),.,Female,,,,
2002,Percentage,<u>Additional time series:</u> Skilled labour potential (total),.,Female,,,,
2003,Percentage,<u>Additional time series:</u> Skilled labour potential (total),,Female,,,,81.227
2004,Percentage,<u>Additional time series:</u> Skilled labour potential (total),,Female,,,,81.302
2005,Percentage,<u>Additional time series:</u> Skilled labour potential (total),,Female,,,,79.878
2006,Percentage,<u>Additional time series:</u> Skilled labour potential (total),,Female,,,,79.577
2007,Percentage,<u>Additional time series:</u> Skilled labour potential (total),,Female,,,,80.69
2008,Percentage,<u>Additional time series:</u> Skilled labour potential (total),,Female,,,,81.069
2009,Percentage,<u>Additional time series:</u> Skilled labour potential (total),,Female,,,,81.903
1999,Percentage,<u>Additional time series:</u> Skilled labour potential (total),,Male,,,,
2010,Percentage,<u>Additional time series:</u> Skilled labour potential (total),,Male,,,,82.713
2011,Percentage,<u>Additional time series:</u> Skilled labour potential (total),,Male,,,,82.843
2012,Percentage,<u>Additional time series:</u> Skilled labour potential (total),,Male,,,,82.81
2013,Percentage,<u>Additional time series:</u> Skilled labour potential (total),,Male,,,,83.382
2014,Percentage,<u>Additional time series:</u> Skilled labour potential (total),,Male,,,,83.825
2015,Percentage,<u>Additional time series:</u> Skilled labour potential (total),,Male,,,,83.205
2016,Percentage,<u>Additional time series:</u> Skilled labour potential (total),,Male,,,,82.836
2017,Percentage,<u>Additional time series:</u> Skilled labour potential (total),,Male,,,,82.051
2018,Percentage,<u>Additional time series:</u> Skilled labour potential (total),,Male,,,,81.479
2019,Percentage,<u>Additional time series:</u> Skilled labour potential (total),,Male,,,,81.497
2020,Percentage,<u>Additional time series:</u> Skilled labour potential (total),r,Male,,,,80.044
2021,Percentage,<u>Additional time series:</u> Skilled labour potential (total),r,Male,,,,78.413
2022,Percentage,<u>Additional time series:</u> Skilled labour potential (total),r,Male,,,,76.698
2023,Percentage,<u>Additional time series:</u> Skilled labour potential (total),r,Male,,,,76.742
2024,Percentage,<u>Additional time series:</u> Skilled labour potential (total),p,Male,,,,77.49
2000,Percentage,<u>Additional time series:</u> Skilled labour potential (total),,Male,,,,83.591
2001,Percentage,<u>Additional time series:</u> Skilled labour potential (total),.,Male,,,,
2002,Percentage,<u>Additional time series:</u> Skilled labour potential (total),.,Male,,,,
2003,Percentage,<u>Additional time series:</u> Skilled labour potential (total),,Male,,,,83.784
2004,Percentage,<u>Additional time series:</u> Skilled labour potential (total),,Male,,,,84.113
2005,Percentage,<u>Additional time series:</u> Skilled labour potential (total),,Male,,,,81.594
2006,Percentage,<u>Additional time series:</u> Skilled labour potential (total),,Male,,,,81.333
2007,Percentage,<u>Additional time series:</u> Skilled labour potential (total),,Male,,,,81.583
2008,Percentage,<u>Additional time series:</u> Skilled labour potential (total),,Male,,,,82.299
2009,Percentage,<u>Additional time series:</u> Skilled labour potential (total),,Male,,,,81.911
