Year,Units,Time series,COMMENT_OBS_0,COMMENT_OBS_1,Länder,GeoCode,Value
2006,Hours,Mothers,,,,,15.007
2007,Hours,Mothers,|,,,,15.246
2008,Hours,Mothers,,,,,15.51
2009,Hours,Mothers,,,,,15.848
2010,Hours,Mothers,,,,,16.244
2011,Hours,Mothers,,,,,16.689
2012,Hours,Mothers,,,,,17.008
2013,Hours,Mothers,,,,,17.23
2014,Hours,Mothers,,,,,17.393
2015,Hours,Mothers,,,,,17.576
2016,Hours,Mothers,,,,,17.894
2017,Hours,Mothers,,,,,18.037
2018,Hours,Mothers,,,,,18.361
2019,Hours,Mothers,,,,,18.704
2020,Hours,Mothers,|,,,,18.443
2021,Hours,Mothers,|,r,,,18.892
2022,Hours,Mothers,r,,,,19.237
2023,Hours,Mothers,r,,,,19.334
2024,Hours,Mothers,p,,,,19.588
2006,Hours,Fathers,,,,,37.166
2007,Hours,Fathers,|,,,,37.723
2008,Hours,Fathers,,,,,38.093
2009,Hours,Fathers,,,,,37.84
2010,Hours,Fathers,,,,,38.05
2011,Hours,Fathers,,,,,38.648
2012,Hours,Fathers,,,,,38.766
2013,Hours,Fathers,,,,,38.466
2014,Hours,Fathers,,,,,38.201
2015,Hours,Fathers,,,,,38.048
2016,Hours,Fathers,,,,,37.898
2017,Hours,Fathers,,,,,37.623
2018,Hours,Fathers,,,,,37.581
2019,Hours,Fathers,,,,,37.587
2020,Hours,Fathers,|,,,,36.528
2021,Hours,Fathers,|,r,,,36.652
2022,Hours,Fathers,r,,,,37.1
2023,Hours,Fathers,r,,,,36.837
2024,Hours,Fathers,p,,,,36.636
2006,Hours,Difference,,,,,22.159
2007,Hours,Difference,|,,,,22.477
2008,Hours,Difference,,,,,22.583
2009,Hours,Difference,,,,,21.992
2010,Hours,Difference,,,,,21.806
2011,Hours,Difference,,,,,21.959
2012,Hours,Difference,,,,,21.758
2013,Hours,Difference,,,,,21.236
2014,Hours,Difference,,,,,20.808
2015,Hours,Difference,,,,,20.472
2016,Hours,Difference,,,,,20.004
2017,Hours,Difference,,,,,19.586
2018,Hours,Difference,,,,,19.22
2019,Hours,Difference,,,,,18.883
2020,Hours,Difference,|,,,,18.085
2021,Hours,Difference,|,r,,,17.761
2022,Hours,Difference,r,,,,17.863
2023,Hours,Difference,r,,,,17.502
2024,Hours,Difference,p,,,,17.047
2006,Hours,Mothers,,,Baden-Wuerttemberg,code08,13.78
2007,Hours,Mothers,|,,Baden-Wuerttemberg,code08,14.243
2008,Hours,Mothers,,,Baden-Wuerttemberg,code08,14.782
2009,Hours,Mothers,,,Baden-Wuerttemberg,code08,14.761
2010,Hours,Mothers,,,Baden-Wuerttemberg,code08,14.957
2011,Hours,Mothers,,,Baden-Wuerttemberg,code08,15.612
2012,Hours,Mothers,,,Baden-Wuerttemberg,code08,15.974
2013,Hours,Mothers,,,Baden-Wuerttemberg,code08,16.153
2014,Hours,Mothers,,,Baden-Wuerttemberg,code08,16.4
2015,Hours,Mothers,,,Baden-Wuerttemberg,code08,16.449
2016,Hours,Mothers,,,Baden-Wuerttemberg,code08,16.433
2017,Hours,Mothers,,,Baden-Wuerttemberg,code08,16.433
2018,Hours,Mothers,,,Baden-Wuerttemberg,code08,16.866
2019,Hours,Mothers,,,Baden-Wuerttemberg,code08,16.988
2020,Hours,Mothers,|,,Baden-Wuerttemberg,code08,16.441
2021,Hours,Mothers,|,,Baden-Wuerttemberg,code08,16.788
2022,Hours,Mothers,,,Baden-Wuerttemberg,code08,17.279
2023,Hours,Mothers,,,Baden-Wuerttemberg,code08,17.538
2024,Hours,Mothers,p,,Baden-Wuerttemberg,code08,17.847
2006,Hours,Mothers,,,Bavaria,code09,14.457
2007,Hours,Mothers,|,,Bavaria,code09,14.821
2008,Hours,Mothers,,,Bavaria,code09,15.148
2009,Hours,Mothers,,,Bavaria,code09,15.481
2010,Hours,Mothers,,,Bavaria,code09,15.749
2011,Hours,Mothers,,,Bavaria,code09,16.174
2012,Hours,Mothers,,,Bavaria,code09,16.488
2013,Hours,Mothers,,,Bavaria,code09,16.716
2014,Hours,Mothers,,,Bavaria,code09,16.878
2015,Hours,Mothers,,,Bavaria,code09,16.962
2016,Hours,Mothers,,,Bavaria,code09,17.243
2017,Hours,Mothers,,,Bavaria,code09,17.15
2018,Hours,Mothers,,,Bavaria,code09,17.262
2019,Hours,Mothers,,,Bavaria,code09,17.994
2020,Hours,Mothers,|,,Bavaria,code09,17.237
2021,Hours,Mothers,|,,Bavaria,code09,17.653
2022,Hours,Mothers,,,Bavaria,code09,18.065
2023,Hours,Mothers,,,Bavaria,code09,18.378
2024,Hours,Mothers,p,,Bavaria,code09,18.904
2006,Hours,Mothers,,,Berlin,code11,17.266
2007,Hours,Mothers,|,,Berlin,code11,17.775
2008,Hours,Mothers,,,Berlin,code11,18.023
2009,Hours,Mothers,,,Berlin,code11,18.134
2010,Hours,Mothers,,,Berlin,code11,18.368
2011,Hours,Mothers,,,Berlin,code11,18.761
2012,Hours,Mothers,,,Berlin,code11,18.953
2013,Hours,Mothers,,,Berlin,code11,18.754
2014,Hours,Mothers,,,Berlin,code11,18.56
2015,Hours,Mothers,,,Berlin,code11,18.733
2016,Hours,Mothers,,,Berlin,code11,20.433
2017,Hours,Mothers,,,Berlin,code11,20.112
2018,Hours,Mothers,,,Berlin,code11,21.071
2019,Hours,Mothers,,,Berlin,code11,21.014
2020,Hours,Mothers,|,,Berlin,code11,21.249
2021,Hours,Mothers,|,,Berlin,code11,21.683
2022,Hours,Mothers,,,Berlin,code11,21.705
2023,Hours,Mothers,,,Berlin,code11,20.925
2024,Hours,Mothers,p,,Berlin,code11,21.102
2006,Hours,Mothers,,,Brandenburg,code12,22.992
2007,Hours,Mothers,|,,Brandenburg,code12,22.868
2008,Hours,Mothers,,,Brandenburg,code12,23.329
2009,Hours,Mothers,,,Brandenburg,code12,24.388
2010,Hours,Mothers,,,Brandenburg,code12,24.665
2011,Hours,Mothers,,,Brandenburg,code12,24.502
2012,Hours,Mothers,,,Brandenburg,code12,24.04
2013,Hours,Mothers,,,Brandenburg,code12,24.407
2014,Hours,Mothers,,,Brandenburg,code12,23.926
2015,Hours,Mothers,,,Brandenburg,code12,24.478
2016,Hours,Mothers,,,Brandenburg,code12,25.726
2017,Hours,Mothers,,,Brandenburg,code12,26.279
2018,Hours,Mothers,,,Brandenburg,code12,26.326
2019,Hours,Mothers,,,Brandenburg,code12,26.828
2020,Hours,Mothers,|,,Brandenburg,code12,27.313
2021,Hours,Mothers,|,,Brandenburg,code12,28.033
2022,Hours,Mothers,,,Brandenburg,code12,27.916
2023,Hours,Mothers,,,Brandenburg,code12,27.172
2024,Hours,Mothers,p,,Brandenburg,code12,27.444
2006,Hours,Mothers,,,Bremen,code04,12.462
2007,Hours,Mothers,|,,Bremen,code04,13.508
2008,Hours,Mothers,,,Bremen,code04,13.508
2009,Hours,Mothers,,,Bremen,code04,15.362
2010,Hours,Mothers,,,Bremen,code04,14.78
2011,Hours,Mothers,,,Bremen,code04,14.102
2012,Hours,Mothers,,,Bremen,code04,14.831
2013,Hours,Mothers,,,Bremen,code04,14.898
2014,Hours,Mothers,,,Bremen,code04,13.917
2015,Hours,Mothers,,,Bremen,code04,14.328
2016,Hours,Mothers,,,Bremen,code04,14.441
2017,Hours,Mothers,,,Bremen,code04,14.85
2018,Hours,Mothers,,,Bremen,code04,14.542
2019,Hours,Mothers,,,Bremen,code04,14.3
2020,Hours,Mothers,|,,Bremen,code04,14.113
2021,Hours,Mothers,|,,Bremen,code04,14.877
2022,Hours,Mothers,,,Bremen,code04,14.818
2023,Hours,Mothers,,,Bremen,code04,14.191
2024,Hours,Mothers,p,,Bremen,code04,15.224
2006,Hours,Mothers,,,Hamburg,code02,15.143
2007,Hours,Mothers,|,,Hamburg,code02,15.018
2008,Hours,Mothers,,,Hamburg,code02,15.671
2009,Hours,Mothers,,,Hamburg,code02,15.82
2010,Hours,Mothers,,,Hamburg,code02,15.846
2011,Hours,Mothers,,,Hamburg,code02,16.772
2012,Hours,Mothers,,,Hamburg,code02,17.687
2013,Hours,Mothers,,,Hamburg,code02,17.571
2014,Hours,Mothers,,,Hamburg,code02,17.787
2015,Hours,Mothers,,,Hamburg,code02,18.512
2016,Hours,Mothers,,,Hamburg,code02,17.965
2017,Hours,Mothers,,,Hamburg,code02,18.564
2018,Hours,Mothers,,,Hamburg,code02,18.743
2019,Hours,Mothers,,,Hamburg,code02,19.723
2020,Hours,Mothers,|,,Hamburg,code02,18.929
2021,Hours,Mothers,|,,Hamburg,code02,19.111
2022,Hours,Mothers,,,Hamburg,code02,19.634
2023,Hours,Mothers,,,Hamburg,code02,19.763
2024,Hours,Mothers,p,,Hamburg,code02,19.783
2006,Hours,Mothers,,,Hesse,code06,14.147
2007,Hours,Mothers,|,,Hesse,code06,14.632
2008,Hours,Mothers,,,Hesse,code06,14.995
2009,Hours,Mothers,,,Hesse,code06,15.531
2010,Hours,Mothers,,,Hesse,code06,15.825
2011,Hours,Mothers,,,Hesse,code06,16.336
2012,Hours,Mothers,,,Hesse,code06,16.675
2013,Hours,Mothers,,,Hesse,code06,16.574
2014,Hours,Mothers,,,Hesse,code06,16.747
2015,Hours,Mothers,,,Hesse,code06,16.869
2016,Hours,Mothers,,,Hesse,code06,16.741
2017,Hours,Mothers,,,Hesse,code06,17.388
2018,Hours,Mothers,,,Hesse,code06,17.521
2019,Hours,Mothers,,,Hesse,code06,17.799
2020,Hours,Mothers,|,,Hesse,code06,17.342
2021,Hours,Mothers,|,,Hesse,code06,17.779
2022,Hours,Mothers,,,Hesse,code06,18.313
2023,Hours,Mothers,,,Hesse,code06,18.773
2024,Hours,Mothers,p,,Hesse,code06,18.87
2006,Hours,Mothers,,,Mecklenburg Western Pomerania,code13,21.772
2007,Hours,Mothers,|,,Mecklenburg Western Pomerania,code13,20.897
2008,Hours,Mothers,,,Mecklenburg Western Pomerania,code13,20.874
2009,Hours,Mothers,,,Mecklenburg Western Pomerania,code13,21.285
2010,Hours,Mothers,,,Mecklenburg Western Pomerania,code13,23.36
2011,Hours,Mothers,,,Mecklenburg Western Pomerania,code13,23.291
2012,Hours,Mothers,,,Mecklenburg Western Pomerania,code13,23.986
2013,Hours,Mothers,,,Mecklenburg Western Pomerania,code13,23.479
2014,Hours,Mothers,,,Mecklenburg Western Pomerania,code13,24.448
2015,Hours,Mothers,,,Mecklenburg Western Pomerania,code13,24.772
2016,Hours,Mothers,,,Mecklenburg Western Pomerania,code13,24.215
2017,Hours,Mothers,,,Mecklenburg Western Pomerania,code13,23.789
2018,Hours,Mothers,,,Mecklenburg Western Pomerania,code13,24.639
2019,Hours,Mothers,,,Mecklenburg Western Pomerania,code13,25.953
2020,Hours,Mothers,|,,Mecklenburg Western Pomerania,code13,25.848
2021,Hours,Mothers,|,,Mecklenburg Western Pomerania,code13,26.193
2022,Hours,Mothers,,,Mecklenburg Western Pomerania,code13,26.048
2023,Hours,Mothers,,,Mecklenburg Western Pomerania,code13,27.0
2024,Hours,Mothers,p,,Mecklenburg Western Pomerania,code13,26.55
2006,Hours,Mothers,,,Lower Saxony,code03,13.133
2007,Hours,Mothers,|,,Lower Saxony,code03,13.804
2008,Hours,Mothers,,,Lower Saxony,code03,14.052
2009,Hours,Mothers,,,Lower Saxony,code03,14.752
2010,Hours,Mothers,,,Lower Saxony,code03,15.557
2011,Hours,Mothers,,,Lower Saxony,code03,15.764
2012,Hours,Mothers,,,Lower Saxony,code03,15.799
2013,Hours,Mothers,,,Lower Saxony,code03,16.047
2014,Hours,Mothers,,,Lower Saxony,code03,16.063
2015,Hours,Mothers,,,Lower Saxony,code03,16.35
2016,Hours,Mothers,,,Lower Saxony,code03,16.779
2017,Hours,Mothers,,,Lower Saxony,code03,16.914
2018,Hours,Mothers,,,Lower Saxony,code03,17.376
2019,Hours,Mothers,,,Lower Saxony,code03,17.398
2020,Hours,Mothers,|,,Lower Saxony,code03,17.011
2021,Hours,Mothers,|,,Lower Saxony,code03,17.594
2022,Hours,Mothers,,,Lower Saxony,code03,18.227
2023,Hours,Mothers,,,Lower Saxony,code03,18.1
2024,Hours,Mothers,p,,Lower Saxony,code03,18.395
2006,Hours,Mothers,,,North Rhine-Westphalia,code05,12.942
2007,Hours,Mothers,|,,North Rhine-Westphalia,code05,13.118
2008,Hours,Mothers,,,North Rhine-Westphalia,code05,13.338
2009,Hours,Mothers,,,North Rhine-Westphalia,code05,13.632
2010,Hours,Mothers,,,North Rhine-Westphalia,code05,13.847
2011,Hours,Mothers,,,North Rhine-Westphalia,code05,14.306
2012,Hours,Mothers,,,North Rhine-Westphalia,code05,14.57
2013,Hours,Mothers,,,North Rhine-Westphalia,code05,14.983
2014,Hours,Mothers,,,North Rhine-Westphalia,code05,15.038
2015,Hours,Mothers,,,North Rhine-Westphalia,code05,15.367
2016,Hours,Mothers,,,North Rhine-Westphalia,code05,15.46
2017,Hours,Mothers,,,North Rhine-Westphalia,code05,15.673
2018,Hours,Mothers,,,North Rhine-Westphalia,code05,16.02
2019,Hours,Mothers,,,North Rhine-Westphalia,code05,16.214
2020,Hours,Mothers,|,,North Rhine-Westphalia,code05,16.32
2021,Hours,Mothers,|,,North Rhine-Westphalia,code05,16.755
2022,Hours,Mothers,,,North Rhine-Westphalia,code05,17.173
2023,Hours,Mothers,,,North Rhine-Westphalia,code05,17.427
2024,Hours,Mothers,p,,North Rhine-Westphalia,code05,17.647
2006,Hours,Mothers,,,Rhineland Palatinate,code07,14.667
2007,Hours,Mothers,|,,Rhineland Palatinate,code07,14.564
2008,Hours,Mothers,,,Rhineland Palatinate,code07,14.765
2009,Hours,Mothers,,,Rhineland Palatinate,code07,15.17
2010,Hours,Mothers,,,Rhineland Palatinate,code07,15.322
2011,Hours,Mothers,,,Rhineland Palatinate,code07,15.663
2012,Hours,Mothers,,,Rhineland Palatinate,code07,15.918
2013,Hours,Mothers,,,Rhineland Palatinate,code07,16.434
2014,Hours,Mothers,,,Rhineland Palatinate,code07,16.52
2015,Hours,Mothers,,,Rhineland Palatinate,code07,16.488
2016,Hours,Mothers,,,Rhineland Palatinate,code07,16.722
2017,Hours,Mothers,,,Rhineland Palatinate,code07,16.616
2018,Hours,Mothers,,,Rhineland Palatinate,code07,16.987
2019,Hours,Mothers,,,Rhineland Palatinate,code07,17.315
2020,Hours,Mothers,|,,Rhineland Palatinate,code07,16.949
2021,Hours,Mothers,|,,Rhineland Palatinate,code07,17.548
2022,Hours,Mothers,,,Rhineland Palatinate,code07,17.544
2023,Hours,Mothers,,,Rhineland Palatinate,code07,18.065
2024,Hours,Mothers,p,,Rhineland Palatinate,code07,18.385
2006,Hours,Mothers,,,Saarland,code10,12.748
2007,Hours,Mothers,|,,Saarland,code10,13.861
2008,Hours,Mothers,,,Saarland,code10,14.819
2009,Hours,Mothers,,,Saarland,code10,14.16
2010,Hours,Mothers,,,Saarland,code10,14.711
2011,Hours,Mothers,,,Saarland,code10,14.554
2012,Hours,Mothers,,,Saarland,code10,14.688
2013,Hours,Mothers,,,Saarland,code10,15.549
2014,Hours,Mothers,,,Saarland,code10,16.7
2015,Hours,Mothers,,,Saarland,code10,16.736
2016,Hours,Mothers,,,Saarland,code10,16.923
2017,Hours,Mothers,,,Saarland,code10,17.462
2018,Hours,Mothers,,,Saarland,code10,17.91
2019,Hours,Mothers,,,Saarland,code10,18.818
2020,Hours,Mothers,|,,Saarland,code10,18.652
2021,Hours,Mothers,|,,Saarland,code10,18.111
2022,Hours,Mothers,,,Saarland,code10,17.374
2023,Hours,Mothers,,,Saarland,code10,17.719
2024,Hours,Mothers,p,,Saarland,code10,17.848
2006,Hours,Mothers,,,Saxony,code14,21.496
2007,Hours,Mothers,|,,Saxony,code14,21.576
2008,Hours,Mothers,,,Saxony,code14,21.582
2009,Hours,Mothers,,,Saxony,code14,21.323
2010,Hours,Mothers,,,Saxony,code14,21.647
2011,Hours,Mothers,,,Saxony,code14,22.221
2012,Hours,Mothers,,,Saxony,code14,23.179
2013,Hours,Mothers,,,Saxony,code14,22.942
2014,Hours,Mothers,,,Saxony,code14,23.531
2015,Hours,Mothers,,,Saxony,code14,23.97
2016,Hours,Mothers,,,Saxony,code14,24.535
2017,Hours,Mothers,,,Saxony,code14,24.597
2018,Hours,Mothers,,,Saxony,code14,24.626
2019,Hours,Mothers,,,Saxony,code14,25.446
2020,Hours,Mothers,|,,Saxony,code14,25.845
2021,Hours,Mothers,|,,Saxony,code14,26.563
2022,Hours,Mothers,,,Saxony,code14,26.244
2023,Hours,Mothers,,,Saxony,code14,25.838
2024,Hours,Mothers,p,,Saxony,code14,26.233
2006,Hours,Mothers,,,Saxony-Anhalt,code15,21.449
2007,Hours,Mothers,|,,Saxony-Anhalt,code15,21.502
2008,Hours,Mothers,,,Saxony-Anhalt,code15,20.849
2009,Hours,Mothers,,,Saxony-Anhalt,code15,21.582
2010,Hours,Mothers,,,Saxony-Anhalt,code15,22.642
2011,Hours,Mothers,,,Saxony-Anhalt,code15,23.275
2012,Hours,Mothers,,,Saxony-Anhalt,code15,23.485
2013,Hours,Mothers,,,Saxony-Anhalt,code15,23.468
2014,Hours,Mothers,,,Saxony-Anhalt,code15,23.797
2015,Hours,Mothers,,,Saxony-Anhalt,code15,23.212
2016,Hours,Mothers,,,Saxony-Anhalt,code15,24.203
2017,Hours,Mothers,,,Saxony-Anhalt,code15,24.73
2018,Hours,Mothers,,,Saxony-Anhalt,code15,25.355
2019,Hours,Mothers,,,Saxony-Anhalt,code15,25.786
2020,Hours,Mothers,|,,Saxony-Anhalt,code15,25.692
2021,Hours,Mothers,|,,Saxony-Anhalt,code15,26.098
2022,Hours,Mothers,,,Saxony-Anhalt,code15,26.181
2023,Hours,Mothers,,,Saxony-Anhalt,code15,26.197
2024,Hours,Mothers,p,,Saxony-Anhalt,code15,26.079
2006,Hours,Mothers,,,Schleswig-Holstein,code01,14.197
2007,Hours,Mothers,|,,Schleswig-Holstein,code01,14.312
2008,Hours,Mothers,,,Schleswig-Holstein,code01,14.836
2009,Hours,Mothers,,,Schleswig-Holstein,code01,15.347
2010,Hours,Mothers,,,Schleswig-Holstein,code01,16.3
2011,Hours,Mothers,,,Schleswig-Holstein,code01,16.507
2012,Hours,Mothers,,,Schleswig-Holstein,code01,17.247
2013,Hours,Mothers,,,Schleswig-Holstein,code01,16.742
2014,Hours,Mothers,,,Schleswig-Holstein,code01,17.245
2015,Hours,Mothers,,,Schleswig-Holstein,code01,17.591
2016,Hours,Mothers,,,Schleswig-Holstein,code01,17.911
2017,Hours,Mothers,,,Schleswig-Holstein,code01,18.389
2018,Hours,Mothers,,,Schleswig-Holstein,code01,18.603
2019,Hours,Mothers,,,Schleswig-Holstein,code01,18.857
2020,Hours,Mothers,|,,Schleswig-Holstein,code01,18.13
2021,Hours,Mothers,|,,Schleswig-Holstein,code01,18.57
2022,Hours,Mothers,,,Schleswig-Holstein,code01,19.291
2023,Hours,Mothers,,,Schleswig-Holstein,code01,19.162
2024,Hours,Mothers,p,,Schleswig-Holstein,code01,19.415
2006,Hours,Mothers,,,Thuringia,code16,21.146
2007,Hours,Mothers,|,,Thuringia,code16,21.322
2008,Hours,Mothers,,,Thuringia,code16,21.396
2009,Hours,Mothers,,,Thuringia,code16,22.147
2010,Hours,Mothers,,,Thuringia,code16,23.181
2011,Hours,Mothers,,,Thuringia,code16,23.273
2012,Hours,Mothers,,,Thuringia,code16,23.332
2013,Hours,Mothers,,,Thuringia,code16,24.404
2014,Hours,Mothers,,,Thuringia,code16,24.561
2015,Hours,Mothers,,,Thuringia,code16,23.923
2016,Hours,Mothers,,,Thuringia,code16,25.305
2017,Hours,Mothers,,,Thuringia,code16,25.195
2018,Hours,Mothers,,,Thuringia,code16,25.923
2019,Hours,Mothers,,,Thuringia,code16,25.784
2020,Hours,Mothers,|,,Thuringia,code16,25.41
2021,Hours,Mothers,|,,Thuringia,code16,25.768
2022,Hours,Mothers,,,Thuringia,code16,26.528
2023,Hours,Mothers,,,Thuringia,code16,25.935
2024,Hours,Mothers,p,,Thuringia,code16,25.63
2006,Hours,Fathers,,,Baden-Wuerttemberg,code08,39.239
2007,Hours,Fathers,|,,Baden-Wuerttemberg,code08,39.964
2008,Hours,Fathers,,,Baden-Wuerttemberg,code08,39.897
2009,Hours,Fathers,,,Baden-Wuerttemberg,code08,39.352
2010,Hours,Fathers,,,Baden-Wuerttemberg,code08,39.682
2011,Hours,Fathers,,,Baden-Wuerttemberg,code08,40.373
2012,Hours,Fathers,,,Baden-Wuerttemberg,code08,40.573
2013,Hours,Fathers,,,Baden-Wuerttemberg,code08,40.158
2014,Hours,Fathers,,,Baden-Wuerttemberg,code08,39.749
2015,Hours,Fathers,,,Baden-Wuerttemberg,code08,39.678
2016,Hours,Fathers,,,Baden-Wuerttemberg,code08,39.425
2017,Hours,Fathers,,,Baden-Wuerttemberg,code08,38.889
2018,Hours,Fathers,,,Baden-Wuerttemberg,code08,38.997
2019,Hours,Fathers,,,Baden-Wuerttemberg,code08,39.194
2020,Hours,Fathers,|,,Baden-Wuerttemberg,code08,38.005
2021,Hours,Fathers,|,,Baden-Wuerttemberg,code08,37.892
2022,Hours,Fathers,,,Baden-Wuerttemberg,code08,38.094
2023,Hours,Fathers,,,Baden-Wuerttemberg,code08,37.94
2024,Hours,Fathers,p,,Baden-Wuerttemberg,code08,37.816
2006,Hours,Fathers,,,Bavaria,code09,39.605
2007,Hours,Fathers,|,,Bavaria,code09,39.744
2008,Hours,Fathers,,,Bavaria,code09,40.303
2009,Hours,Fathers,,,Bavaria,code09,40.011
2010,Hours,Fathers,,,Bavaria,code09,39.986
2011,Hours,Fathers,,,Bavaria,code09,40.502
2012,Hours,Fathers,,,Bavaria,code09,40.622
2013,Hours,Fathers,,,Bavaria,code09,40.271
2014,Hours,Fathers,,,Bavaria,code09,40.033
2015,Hours,Fathers,,,Bavaria,code09,39.941
2016,Hours,Fathers,,,Bavaria,code09,39.911
2017,Hours,Fathers,,,Bavaria,code09,39.473
2018,Hours,Fathers,,,Bavaria,code09,39.422
2019,Hours,Fathers,,,Bavaria,code09,39.287
2020,Hours,Fathers,|,,Bavaria,code09,38.342
2021,Hours,Fathers,|,,Bavaria,code09,38.311
2022,Hours,Fathers,,,Bavaria,code09,38.611
2023,Hours,Fathers,,,Bavaria,code09,38.462
2024,Hours,Fathers,p,,Bavaria,code09,37.898
2006,Hours,Fathers,,,Berlin,code11,30.463
2007,Hours,Fathers,|,,Berlin,code11,31.366
2008,Hours,Fathers,,,Berlin,code11,31.662
2009,Hours,Fathers,,,Berlin,code11,32.391
2010,Hours,Fathers,,,Berlin,code11,33.042
2011,Hours,Fathers,,,Berlin,code11,33.018
2012,Hours,Fathers,,,Berlin,code11,33.459
2013,Hours,Fathers,,,Berlin,code11,32.935
2014,Hours,Fathers,,,Berlin,code11,32.508
2015,Hours,Fathers,,,Berlin,code11,33.092
2016,Hours,Fathers,,,Berlin,code11,33.798
2017,Hours,Fathers,,,Berlin,code11,34.159
2018,Hours,Fathers,,,Berlin,code11,34.364
2019,Hours,Fathers,,,Berlin,code11,34.388
2020,Hours,Fathers,|,,Berlin,code11,33.113
2021,Hours,Fathers,|,,Berlin,code11,33.182
2022,Hours,Fathers,,,Berlin,code11,34.895
2023,Hours,Fathers,,,Berlin,code11,34.021
2024,Hours,Fathers,p,,Berlin,code11,33.512
2006,Hours,Fathers,,,Brandenburg,code12,33.602
2007,Hours,Fathers,|,,Brandenburg,code12,34.882
2008,Hours,Fathers,,,Brandenburg,code12,35.61
2009,Hours,Fathers,,,Brandenburg,code12,35.942
2010,Hours,Fathers,,,Brandenburg,code12,36.578
2011,Hours,Fathers,,,Brandenburg,code12,37.04
2012,Hours,Fathers,,,Brandenburg,code12,37.621
2013,Hours,Fathers,,,Brandenburg,code12,38.084
2014,Hours,Fathers,,,Brandenburg,code12,37.768
2015,Hours,Fathers,,,Brandenburg,code12,37.816
2016,Hours,Fathers,,,Brandenburg,code12,37.882
2017,Hours,Fathers,,,Brandenburg,code12,37.323
2018,Hours,Fathers,,,Brandenburg,code12,37.9
2019,Hours,Fathers,,,Brandenburg,code12,37.578
2020,Hours,Fathers,|,,Brandenburg,code12,36.357
2021,Hours,Fathers,|,,Brandenburg,code12,37.621
2022,Hours,Fathers,,,Brandenburg,code12,37.439
2023,Hours,Fathers,,,Brandenburg,code12,37.163
2024,Hours,Fathers,p,,Brandenburg,code12,36.752
2006,Hours,Fathers,,,Bremen,code04,30.583
2007,Hours,Fathers,|,,Bremen,code04,33.28
2008,Hours,Fathers,,,Bremen,code04,33.804
2009,Hours,Fathers,,,Bremen,code04,31.886
2010,Hours,Fathers,,,Bremen,code04,33.682
2011,Hours,Fathers,,,Bremen,code04,31.889
2012,Hours,Fathers,,,Bremen,code04,34.556
2013,Hours,Fathers,,,Bremen,code04,33.864
2014,Hours,Fathers,,,Bremen,code04,34.4
2015,Hours,Fathers,,,Bremen,code04,33.311
2016,Hours,Fathers,,,Bremen,code04,33.87
2017,Hours,Fathers,,,Bremen,code04,33.667
2018,Hours,Fathers,,,Bremen,code04,33.191
2019,Hours,Fathers,,,Bremen,code04,32.438
2020,Hours,Fathers,|,,Bremen,code04,30.245
2021,Hours,Fathers,|,,Bremen,code04,30.961
2022,Hours,Fathers,,,Bremen,code04,32.074
2023,Hours,Fathers,,,Bremen,code04,31.566
2024,Hours,Fathers,p,,Bremen,code04,31.509
2006,Hours,Fathers,,,Hamburg,code02,35.115
2007,Hours,Fathers,|,,Hamburg,code02,34.677
2008,Hours,Fathers,,,Hamburg,code02,35.904
2009,Hours,Fathers,,,Hamburg,code02,37.153
2010,Hours,Fathers,,,Hamburg,code02,38.092
2011,Hours,Fathers,,,Hamburg,code02,37.942
2012,Hours,Fathers,,,Hamburg,code02,37.496
2013,Hours,Fathers,,,Hamburg,code02,38.055
2014,Hours,Fathers,,,Hamburg,code02,37.547
2015,Hours,Fathers,,,Hamburg,code02,36.515
2016,Hours,Fathers,,,Hamburg,code02,36.986
2017,Hours,Fathers,,,Hamburg,code02,36.833
2018,Hours,Fathers,,,Hamburg,code02,36.379
2019,Hours,Fathers,,,Hamburg,code02,35.306
2020,Hours,Fathers,|,,Hamburg,code02,34.777
2021,Hours,Fathers,|,,Hamburg,code02,35.248
2022,Hours,Fathers,,,Hamburg,code02,35.782
2023,Hours,Fathers,,,Hamburg,code02,35.72
2024,Hours,Fathers,p,,Hamburg,code02,35.322
2006,Hours,Fathers,,,Hesse,code06,38.026
2007,Hours,Fathers,|,,Hesse,code06,38.297
2008,Hours,Fathers,,,Hesse,code06,38.529
2009,Hours,Fathers,,,Hesse,code06,38.617
2010,Hours,Fathers,,,Hesse,code06,38.692
2011,Hours,Fathers,,,Hesse,code06,39.195
2012,Hours,Fathers,,,Hesse,code06,39.004
2013,Hours,Fathers,,,Hesse,code06,39.045
2014,Hours,Fathers,,,Hesse,code06,38.21
2015,Hours,Fathers,,,Hesse,code06,38.515
2016,Hours,Fathers,,,Hesse,code06,38.35
2017,Hours,Fathers,,,Hesse,code06,37.84
2018,Hours,Fathers,,,Hesse,code06,37.605
2019,Hours,Fathers,,,Hesse,code06,37.736
2020,Hours,Fathers,|,,Hesse,code06,36.067
2021,Hours,Fathers,|,,Hesse,code06,36.181
2022,Hours,Fathers,,,Hesse,code06,36.743
2023,Hours,Fathers,,,Hesse,code06,36.563
2024,Hours,Fathers,p,,Hesse,code06,36.587
2006,Hours,Fathers,,,Mecklenburg Western Pomerania,code13,33.146
2007,Hours,Fathers,|,,Mecklenburg Western Pomerania,code13,33.975
2008,Hours,Fathers,,,Mecklenburg Western Pomerania,code13,35.092
2009,Hours,Fathers,,,Mecklenburg Western Pomerania,code13,34.234
2010,Hours,Fathers,,,Mecklenburg Western Pomerania,code13,35.222
2011,Hours,Fathers,,,Mecklenburg Western Pomerania,code13,35.706
2012,Hours,Fathers,,,Mecklenburg Western Pomerania,code13,35.686
2013,Hours,Fathers,,,Mecklenburg Western Pomerania,code13,35.827
2014,Hours,Fathers,,,Mecklenburg Western Pomerania,code13,36.134
2015,Hours,Fathers,,,Mecklenburg Western Pomerania,code13,35.577
2016,Hours,Fathers,,,Mecklenburg Western Pomerania,code13,35.779
2017,Hours,Fathers,,,Mecklenburg Western Pomerania,code13,36.607
2018,Hours,Fathers,,,Mecklenburg Western Pomerania,code13,35.393
2019,Hours,Fathers,,,Mecklenburg Western Pomerania,code13,36.554
2020,Hours,Fathers,|,,Mecklenburg Western Pomerania,code13,37.295
2021,Hours,Fathers,|,,Mecklenburg Western Pomerania,code13,37.712
2022,Hours,Fathers,,,Mecklenburg Western Pomerania,code13,36.84
2023,Hours,Fathers,,,Mecklenburg Western Pomerania,code13,37.05
2024,Hours,Fathers,p,,Mecklenburg Western Pomerania,code13,36.628
2006,Hours,Fathers,,,Lower Saxony,code03,37.001
2007,Hours,Fathers,|,,Lower Saxony,code03,37.96
2008,Hours,Fathers,,,Lower Saxony,code03,37.974
2009,Hours,Fathers,,,Lower Saxony,code03,37.955
2010,Hours,Fathers,,,Lower Saxony,code03,38.105
2011,Hours,Fathers,,,Lower Saxony,code03,38.379
2012,Hours,Fathers,,,Lower Saxony,code03,38.756
2013,Hours,Fathers,,,Lower Saxony,code03,38.543
2014,Hours,Fathers,,,Lower Saxony,code03,38.498
2015,Hours,Fathers,,,Lower Saxony,code03,38.023
2016,Hours,Fathers,,,Lower Saxony,code03,37.28
2017,Hours,Fathers,,,Lower Saxony,code03,37.178
2018,Hours,Fathers,,,Lower Saxony,code03,37.448
2019,Hours,Fathers,,,Lower Saxony,code03,37.248
2020,Hours,Fathers,|,,Lower Saxony,code03,35.716
2021,Hours,Fathers,|,,Lower Saxony,code03,36.468
2022,Hours,Fathers,,,Lower Saxony,code03,37.008
2023,Hours,Fathers,,,Lower Saxony,code03,36.614
2024,Hours,Fathers,p,,Lower Saxony,code03,36.826
2006,Hours,Fathers,,,North Rhine-Westphalia,code05,36.579
2007,Hours,Fathers,|,,North Rhine-Westphalia,code05,37.019
2008,Hours,Fathers,,,North Rhine-Westphalia,code05,37.539
2009,Hours,Fathers,,,North Rhine-Westphalia,code05,36.988
2010,Hours,Fathers,,,North Rhine-Westphalia,code05,36.934
2011,Hours,Fathers,,,North Rhine-Westphalia,code05,37.81
2012,Hours,Fathers,,,North Rhine-Westphalia,code05,37.938
2013,Hours,Fathers,,,North Rhine-Westphalia,code05,37.341
2014,Hours,Fathers,,,North Rhine-Westphalia,code05,37.21
2015,Hours,Fathers,,,North Rhine-Westphalia,code05,37.18
2016,Hours,Fathers,,,North Rhine-Westphalia,code05,36.988
2017,Hours,Fathers,,,North Rhine-Westphalia,code05,36.78
2018,Hours,Fathers,,,North Rhine-Westphalia,code05,36.588
2019,Hours,Fathers,,,North Rhine-Westphalia,code05,36.547
2020,Hours,Fathers,|,,North Rhine-Westphalia,code05,35.312
2021,Hours,Fathers,|,,North Rhine-Westphalia,code05,35.19
2022,Hours,Fathers,,,North Rhine-Westphalia,code05,36.048
2023,Hours,Fathers,,,North Rhine-Westphalia,code05,35.919
2024,Hours,Fathers,p,,North Rhine-Westphalia,code05,35.773
2006,Hours,Fathers,,,Rhineland Palatinate,code07,38.318
2007,Hours,Fathers,|,,Rhineland Palatinate,code07,38.915
2008,Hours,Fathers,,,Rhineland Palatinate,code07,39.409
2009,Hours,Fathers,,,Rhineland Palatinate,code07,38.629
2010,Hours,Fathers,,,Rhineland Palatinate,code07,38.789
2011,Hours,Fathers,,,Rhineland Palatinate,code07,39.75
2012,Hours,Fathers,,,Rhineland Palatinate,code07,39.341
2013,Hours,Fathers,,,Rhineland Palatinate,code07,39.254
2014,Hours,Fathers,,,Rhineland Palatinate,code07,39.13
2015,Hours,Fathers,,,Rhineland Palatinate,code07,38.669
2016,Hours,Fathers,,,Rhineland Palatinate,code07,38.232
2017,Hours,Fathers,,,Rhineland Palatinate,code07,37.719
2018,Hours,Fathers,,,Rhineland Palatinate,code07,38.066
2019,Hours,Fathers,,,Rhineland Palatinate,code07,38.176
2020,Hours,Fathers,|,,Rhineland Palatinate,code07,37.09
2021,Hours,Fathers,|,,Rhineland Palatinate,code07,36.808
2022,Hours,Fathers,,,Rhineland Palatinate,code07,37.292
2023,Hours,Fathers,,,Rhineland Palatinate,code07,36.865
2024,Hours,Fathers,p,,Rhineland Palatinate,code07,37.009
2006,Hours,Fathers,,,Saarland,code10,35.576
2007,Hours,Fathers,|,,Saarland,code10,36.795
2008,Hours,Fathers,,,Saarland,code10,37.701
2009,Hours,Fathers,,,Saarland,code10,38.179
2010,Hours,Fathers,,,Saarland,code10,38.598
2011,Hours,Fathers,,,Saarland,code10,38.213
2012,Hours,Fathers,,,Saarland,code10,37.638
2013,Hours,Fathers,,,Saarland,code10,37.312
2014,Hours,Fathers,,,Saarland,code10,36.934
2015,Hours,Fathers,,,Saarland,code10,36.451
2016,Hours,Fathers,,,Saarland,code10,36.487
2017,Hours,Fathers,,,Saarland,code10,36.603
2018,Hours,Fathers,,,Saarland,code10,36.592
2019,Hours,Fathers,,,Saarland,code10,36.89
2020,Hours,Fathers,|,,Saarland,code10,36.557
2021,Hours,Fathers,|,,Saarland,code10,34.937
2022,Hours,Fathers,,,Saarland,code10,35.775
2023,Hours,Fathers,,,Saarland,code10,35.588
2024,Hours,Fathers,p,,Saarland,code10,34.711
2006,Hours,Fathers,,,Saxony,code14,35.088
2007,Hours,Fathers,|,,Saxony,code14,35.807
2008,Hours,Fathers,,,Saxony,code14,36.011
2009,Hours,Fathers,,,Saxony,code14,36.41
2010,Hours,Fathers,,,Saxony,code14,36.337
2011,Hours,Fathers,,,Saxony,code14,36.928
2012,Hours,Fathers,,,Saxony,code14,37.821
2013,Hours,Fathers,,,Saxony,code14,37.484
2014,Hours,Fathers,,,Saxony,code14,37.488
2015,Hours,Fathers,,,Saxony,code14,37.047
2016,Hours,Fathers,,,Saxony,code14,37.672
2017,Hours,Fathers,,,Saxony,code14,37.51
2018,Hours,Fathers,,,Saxony,code14,37.026
2019,Hours,Fathers,,,Saxony,code14,37.163
2020,Hours,Fathers,|,,Saxony,code14,37.148
2021,Hours,Fathers,|,,Saxony,code14,38.003
2022,Hours,Fathers,,,Saxony,code14,38.061
2023,Hours,Fathers,,,Saxony,code14,37.453
2024,Hours,Fathers,p,,Saxony,code14,36.852
2006,Hours,Fathers,,,Saxony-Anhalt,code15,33.48
2007,Hours,Fathers,|,,Saxony-Anhalt,code15,33.976
2008,Hours,Fathers,,,Saxony-Anhalt,code15,33.909
2009,Hours,Fathers,,,Saxony-Anhalt,code15,33.288
2010,Hours,Fathers,,,Saxony-Anhalt,code15,35.714
2011,Hours,Fathers,,,Saxony-Anhalt,code15,36.527
2012,Hours,Fathers,,,Saxony-Anhalt,code15,36.713
2013,Hours,Fathers,,,Saxony-Anhalt,code15,36.654
2014,Hours,Fathers,,,Saxony-Anhalt,code15,36.2
2015,Hours,Fathers,,,Saxony-Anhalt,code15,36.57
2016,Hours,Fathers,,,Saxony-Anhalt,code15,36.07
2017,Hours,Fathers,,,Saxony-Anhalt,code15,35.813
2018,Hours,Fathers,,,Saxony-Anhalt,code15,36.465
2019,Hours,Fathers,,,Saxony-Anhalt,code15,36.449
2020,Hours,Fathers,|,,Saxony-Anhalt,code15,36.84
2021,Hours,Fathers,|,,Saxony-Anhalt,code15,36.974
2022,Hours,Fathers,,,Saxony-Anhalt,code15,36.828
2023,Hours,Fathers,,,Saxony-Anhalt,code15,35.956
2024,Hours,Fathers,p,,Saxony-Anhalt,code15,36.168
2006,Hours,Fathers,,,Schleswig-Holstein,code01,38.217
2007,Hours,Fathers,|,,Schleswig-Holstein,code01,38.529
2008,Hours,Fathers,,,Schleswig-Holstein,code01,38.576
2009,Hours,Fathers,,,Schleswig-Holstein,code01,38.024
2010,Hours,Fathers,,,Schleswig-Holstein,code01,38.324
2011,Hours,Fathers,,,Schleswig-Holstein,code01,39.176
2012,Hours,Fathers,,,Schleswig-Holstein,code01,39.161
2013,Hours,Fathers,,,Schleswig-Holstein,code01,38.409
2014,Hours,Fathers,,,Schleswig-Holstein,code01,38.519
2015,Hours,Fathers,,,Schleswig-Holstein,code01,37.865
2016,Hours,Fathers,,,Schleswig-Holstein,code01,37.609
2017,Hours,Fathers,,,Schleswig-Holstein,code01,37.845
2018,Hours,Fathers,,,Schleswig-Holstein,code01,37.604
2019,Hours,Fathers,,,Schleswig-Holstein,code01,37.926
2020,Hours,Fathers,|,,Schleswig-Holstein,code01,36.523
2021,Hours,Fathers,|,,Schleswig-Holstein,code01,36.757
2022,Hours,Fathers,,,Schleswig-Holstein,code01,36.758
2023,Hours,Fathers,,,Schleswig-Holstein,code01,36.346
2024,Hours,Fathers,p,,Schleswig-Holstein,code01,36.301
2006,Hours,Fathers,,,Thuringia,code16,35.372
2007,Hours,Fathers,|,,Thuringia,code16,36.396
2008,Hours,Fathers,,,Thuringia,code16,36.716
2009,Hours,Fathers,,,Thuringia,code16,37.0
2010,Hours,Fathers,,,Thuringia,code16,37.94
2011,Hours,Fathers,,,Thuringia,code16,38.335
2012,Hours,Fathers,,,Thuringia,code16,38.25
2013,Hours,Fathers,,,Thuringia,code16,38.353
2014,Hours,Fathers,,,Thuringia,code16,38.084
2015,Hours,Fathers,,,Thuringia,code16,37.755
2016,Hours,Fathers,,,Thuringia,code16,37.323
2017,Hours,Fathers,,,Thuringia,code16,37.056
2018,Hours,Fathers,,,Thuringia,code16,37.191
2019,Hours,Fathers,,,Thuringia,code16,37.209
2020,Hours,Fathers,|,,Thuringia,code16,37.479
2021,Hours,Fathers,|,,Thuringia,code16,38.099
2022,Hours,Fathers,,,Thuringia,code16,37.453
2023,Hours,Fathers,,,Thuringia,code16,36.861
2024,Hours,Fathers,p,,Thuringia,code16,36.346
2006,Hours,Difference,,,Baden-Wuerttemberg,code08,25.459
2007,Hours,Difference,|,,Baden-Wuerttemberg,code08,25.721
2008,Hours,Difference,,,Baden-Wuerttemberg,code08,25.115
2009,Hours,Difference,,,Baden-Wuerttemberg,code08,24.591
2010,Hours,Difference,,,Baden-Wuerttemberg,code08,24.725
2011,Hours,Difference,,,Baden-Wuerttemberg,code08,24.761
2012,Hours,Difference,,,Baden-Wuerttemberg,code08,24.626
2013,Hours,Difference,,,Baden-Wuerttemberg,code08,24.005
2014,Hours,Difference,,,Baden-Wuerttemberg,code08,23.348
2015,Hours,Difference,,,Baden-Wuerttemberg,code08,23.229
2016,Hours,Difference,,,Baden-Wuerttemberg,code08,22.992
2017,Hours,Difference,,,Baden-Wuerttemberg,code08,22.456
2018,Hours,Difference,,,Baden-Wuerttemberg,code08,22.131
2019,Hours,Difference,,,Baden-Wuerttemberg,code08,22.206
2020,Hours,Difference,|,,Baden-Wuerttemberg,code08,21.565
2021,Hours,Difference,|,,Baden-Wuerttemberg,code08,21.104
2022,Hours,Difference,,,Baden-Wuerttemberg,code08,20.815
2023,Hours,Difference,,,Baden-Wuerttemberg,code08,20.402
2024,Hours,Difference,p,,Baden-Wuerttemberg,code08,19.969
2006,Hours,Difference,,,Bavaria,code09,25.147
2007,Hours,Difference,|,,Bavaria,code09,24.923
2008,Hours,Difference,,,Bavaria,code09,25.156
2009,Hours,Difference,,,Bavaria,code09,24.53
2010,Hours,Difference,,,Bavaria,code09,24.237
2011,Hours,Difference,,,Bavaria,code09,24.328
2012,Hours,Difference,,,Bavaria,code09,24.134
2013,Hours,Difference,,,Bavaria,code09,23.556
2014,Hours,Difference,,,Bavaria,code09,23.155
2015,Hours,Difference,,,Bavaria,code09,22.978
2016,Hours,Difference,,,Bavaria,code09,22.668
2017,Hours,Difference,,,Bavaria,code09,22.323
2018,Hours,Difference,,,Bavaria,code09,22.16
2019,Hours,Difference,,,Bavaria,code09,21.293
2020,Hours,Difference,|,,Bavaria,code09,21.105
2021,Hours,Difference,|,,Bavaria,code09,20.657
2022,Hours,Difference,,,Bavaria,code09,20.546
2023,Hours,Difference,,,Bavaria,code09,20.084
2024,Hours,Difference,p,,Bavaria,code09,18.994
2006,Hours,Difference,,,Berlin,code11,13.198
2007,Hours,Difference,|,,Berlin,code11,13.592
2008,Hours,Difference,,,Berlin,code11,13.639
2009,Hours,Difference,,,Berlin,code11,14.257
2010,Hours,Difference,,,Berlin,code11,14.674
2011,Hours,Difference,,,Berlin,code11,14.257
2012,Hours,Difference,,,Berlin,code11,14.506
2013,Hours,Difference,,,Berlin,code11,14.181
2014,Hours,Difference,,,Berlin,code11,13.949
2015,Hours,Difference,,,Berlin,code11,14.359
2016,Hours,Difference,,,Berlin,code11,13.365
2017,Hours,Difference,,,Berlin,code11,14.047
2018,Hours,Difference,,,Berlin,code11,13.293
2019,Hours,Difference,,,Berlin,code11,13.374
2020,Hours,Difference,|,,Berlin,code11,11.863
2021,Hours,Difference,|,,Berlin,code11,11.499
2022,Hours,Difference,,,Berlin,code11,13.191
2023,Hours,Difference,,,Berlin,code11,13.096
2024,Hours,Difference,p,,Berlin,code11,12.41
2006,Hours,Difference,,,Brandenburg,code12,10.61
2007,Hours,Difference,|,,Brandenburg,code12,12.015
2008,Hours,Difference,,,Brandenburg,code12,12.281
2009,Hours,Difference,,,Brandenburg,code12,11.553
2010,Hours,Difference,,,Brandenburg,code12,11.913
2011,Hours,Difference,,,Brandenburg,code12,12.538
2012,Hours,Difference,,,Brandenburg,code12,13.582
2013,Hours,Difference,,,Brandenburg,code12,13.677
2014,Hours,Difference,,,Brandenburg,code12,13.843
2015,Hours,Difference,,,Brandenburg,code12,13.338
2016,Hours,Difference,,,Brandenburg,code12,12.156
2017,Hours,Difference,,,Brandenburg,code12,11.044
2018,Hours,Difference,,,Brandenburg,code12,11.574
2019,Hours,Difference,,,Brandenburg,code12,10.75
2020,Hours,Difference,|,,Brandenburg,code12,9.044
2021,Hours,Difference,|,,Brandenburg,code12,9.589
2022,Hours,Difference,,,Brandenburg,code12,9.523
2023,Hours,Difference,,,Brandenburg,code12,9.991
2024,Hours,Difference,p,,Brandenburg,code12,9.308
2006,Hours,Difference,,,Bremen,code04,18.122
2007,Hours,Difference,|,,Bremen,code04,19.772
2008,Hours,Difference,,,Bremen,code04,20.296
2009,Hours,Difference,,,Bremen,code04,16.524
2010,Hours,Difference,,,Bremen,code04,18.902
2011,Hours,Difference,,,Bremen,code04,17.787
2012,Hours,Difference,,,Bremen,code04,19.725
2013,Hours,Difference,,,Bremen,code04,18.965
2014,Hours,Difference,,,Bremen,code04,20.483
2015,Hours,Difference,,,Bremen,code04,18.983
2016,Hours,Difference,,,Bremen,code04,19.429
2017,Hours,Difference,,,Bremen,code04,18.817
2018,Hours,Difference,,,Bremen,code04,18.649
2019,Hours,Difference,,,Bremen,code04,18.138
2020,Hours,Difference,|,,Bremen,code04,16.132
2021,Hours,Difference,|,,Bremen,code04,16.084
2022,Hours,Difference,,,Bremen,code04,17.256
2023,Hours,Difference,,,Bremen,code04,17.375
2024,Hours,Difference,p,,Bremen,code04,16.286
2006,Hours,Difference,,,Hamburg,code02,19.972
2007,Hours,Difference,|,,Hamburg,code02,19.659
2008,Hours,Difference,,,Hamburg,code02,20.233
2009,Hours,Difference,,,Hamburg,code02,21.333
2010,Hours,Difference,,,Hamburg,code02,22.247
2011,Hours,Difference,,,Hamburg,code02,21.171
2012,Hours,Difference,,,Hamburg,code02,19.809
2013,Hours,Difference,,,Hamburg,code02,20.483
2014,Hours,Difference,,,Hamburg,code02,19.76
2015,Hours,Difference,,,Hamburg,code02,18.004
2016,Hours,Difference,,,Hamburg,code02,19.021
2017,Hours,Difference,,,Hamburg,code02,18.269
2018,Hours,Difference,,,Hamburg,code02,17.636
2019,Hours,Difference,,,Hamburg,code02,15.583
2020,Hours,Difference,|,,Hamburg,code02,15.848
2021,Hours,Difference,|,,Hamburg,code02,16.137
2022,Hours,Difference,,,Hamburg,code02,16.148
2023,Hours,Difference,,,Hamburg,code02,15.957
2024,Hours,Difference,p,,Hamburg,code02,15.539
2006,Hours,Difference,,,Hesse,code06,23.879
2007,Hours,Difference,|,,Hesse,code06,23.665
2008,Hours,Difference,,,Hesse,code06,23.534
2009,Hours,Difference,,,Hesse,code06,23.086
2010,Hours,Difference,,,Hesse,code06,22.867
2011,Hours,Difference,,,Hesse,code06,22.86
2012,Hours,Difference,,,Hesse,code06,22.329
2013,Hours,Difference,,,Hesse,code06,22.472
2014,Hours,Difference,,,Hesse,code06,21.463
2015,Hours,Difference,,,Hesse,code06,21.645
2016,Hours,Difference,,,Hesse,code06,21.609
2017,Hours,Difference,,,Hesse,code06,20.452
2018,Hours,Difference,,,Hesse,code06,20.084
2019,Hours,Difference,,,Hesse,code06,19.937
2020,Hours,Difference,|,,Hesse,code06,18.726
2021,Hours,Difference,|,,Hesse,code06,18.402
2022,Hours,Difference,,,Hesse,code06,18.43
2023,Hours,Difference,,,Hesse,code06,17.79
2024,Hours,Difference,p,,Hesse,code06,17.717
2006,Hours,Difference,,,Mecklenburg Western Pomerania,code13,11.374
2007,Hours,Difference,|,,Mecklenburg Western Pomerania,code13,13.078
2008,Hours,Difference,,,Mecklenburg Western Pomerania,code13,14.218
2009,Hours,Difference,,,Mecklenburg Western Pomerania,code13,12.949
2010,Hours,Difference,,,Mecklenburg Western Pomerania,code13,11.863
2011,Hours,Difference,,,Mecklenburg Western Pomerania,code13,12.416
2012,Hours,Difference,,,Mecklenburg Western Pomerania,code13,11.7
2013,Hours,Difference,,,Mecklenburg Western Pomerania,code13,12.348
2014,Hours,Difference,,,Mecklenburg Western Pomerania,code13,11.686
2015,Hours,Difference,,,Mecklenburg Western Pomerania,code13,10.804
2016,Hours,Difference,,,Mecklenburg Western Pomerania,code13,11.564
2017,Hours,Difference,,,Mecklenburg Western Pomerania,code13,12.818
2018,Hours,Difference,,,Mecklenburg Western Pomerania,code13,10.754
2019,Hours,Difference,,,Mecklenburg Western Pomerania,code13,10.601
2020,Hours,Difference,|,,Mecklenburg Western Pomerania,code13,11.447
2021,Hours,Difference,|,,Mecklenburg Western Pomerania,code13,11.519
2022,Hours,Difference,,,Mecklenburg Western Pomerania,code13,10.792
2023,Hours,Difference,,,Mecklenburg Western Pomerania,code13,10.05
2024,Hours,Difference,p,,Mecklenburg Western Pomerania,code13,10.078
2006,Hours,Difference,,,Lower Saxony,code03,23.869
2007,Hours,Difference,|,,Lower Saxony,code03,24.156
2008,Hours,Difference,,,Lower Saxony,code03,23.923
2009,Hours,Difference,,,Lower Saxony,code03,23.203
2010,Hours,Difference,,,Lower Saxony,code03,22.548
2011,Hours,Difference,,,Lower Saxony,code03,22.615
2012,Hours,Difference,,,Lower Saxony,code03,22.957
2013,Hours,Difference,,,Lower Saxony,code03,22.495
2014,Hours,Difference,,,Lower Saxony,code03,22.435
2015,Hours,Difference,,,Lower Saxony,code03,21.674
2016,Hours,Difference,,,Lower Saxony,code03,20.501
2017,Hours,Difference,,,Lower Saxony,code03,20.264
2018,Hours,Difference,,,Lower Saxony,code03,20.071
2019,Hours,Difference,,,Lower Saxony,code03,19.849
2020,Hours,Difference,|,,Lower Saxony,code03,18.705
2021,Hours,Difference,|,,Lower Saxony,code03,18.874
2022,Hours,Difference,,,Lower Saxony,code03,18.78
2023,Hours,Difference,,,Lower Saxony,code03,18.514
2024,Hours,Difference,p,,Lower Saxony,code03,18.431
2006,Hours,Difference,,,North Rhine-Westphalia,code05,23.637
2007,Hours,Difference,|,,North Rhine-Westphalia,code05,23.901
2008,Hours,Difference,,,North Rhine-Westphalia,code05,24.201
2009,Hours,Difference,,,North Rhine-Westphalia,code05,23.356
2010,Hours,Difference,,,North Rhine-Westphalia,code05,23.087
2011,Hours,Difference,,,North Rhine-Westphalia,code05,23.504
2012,Hours,Difference,,,North Rhine-Westphalia,code05,23.368
2013,Hours,Difference,,,North Rhine-Westphalia,code05,22.358
2014,Hours,Difference,,,North Rhine-Westphalia,code05,22.172
2015,Hours,Difference,,,North Rhine-Westphalia,code05,21.813
2016,Hours,Difference,,,North Rhine-Westphalia,code05,21.528
2017,Hours,Difference,,,North Rhine-Westphalia,code05,21.107
2018,Hours,Difference,,,North Rhine-Westphalia,code05,20.567
2019,Hours,Difference,,,North Rhine-Westphalia,code05,20.333
2020,Hours,Difference,|,,North Rhine-Westphalia,code05,18.992
2021,Hours,Difference,|,,North Rhine-Westphalia,code05,18.436
2022,Hours,Difference,,,North Rhine-Westphalia,code05,18.875
2023,Hours,Difference,,,North Rhine-Westphalia,code05,18.492
2024,Hours,Difference,p,,North Rhine-Westphalia,code05,18.126
2006,Hours,Difference,,,Rhineland Palatinate,code07,23.652
2007,Hours,Difference,|,,Rhineland Palatinate,code07,24.351
2008,Hours,Difference,,,Rhineland Palatinate,code07,24.644
2009,Hours,Difference,,,Rhineland Palatinate,code07,23.459
2010,Hours,Difference,,,Rhineland Palatinate,code07,23.467
2011,Hours,Difference,,,Rhineland Palatinate,code07,24.087
2012,Hours,Difference,,,Rhineland Palatinate,code07,23.423
2013,Hours,Difference,,,Rhineland Palatinate,code07,22.82
2014,Hours,Difference,,,Rhineland Palatinate,code07,22.61
2015,Hours,Difference,,,Rhineland Palatinate,code07,22.18
2016,Hours,Difference,,,Rhineland Palatinate,code07,21.51
2017,Hours,Difference,,,Rhineland Palatinate,code07,21.103
2018,Hours,Difference,,,Rhineland Palatinate,code07,21.079
2019,Hours,Difference,,,Rhineland Palatinate,code07,20.861
2020,Hours,Difference,|,,Rhineland Palatinate,code07,20.141
2021,Hours,Difference,|,,Rhineland Palatinate,code07,19.259
2022,Hours,Difference,,,Rhineland Palatinate,code07,19.748
2023,Hours,Difference,,,Rhineland Palatinate,code07,18.8
2024,Hours,Difference,p,,Rhineland Palatinate,code07,18.624
2006,Hours,Difference,,,Saarland,code10,22.828
2007,Hours,Difference,|,,Saarland,code10,22.934
2008,Hours,Difference,,,Saarland,code10,22.882
2009,Hours,Difference,,,Saarland,code10,24.019
2010,Hours,Difference,,,Saarland,code10,23.886
2011,Hours,Difference,,,Saarland,code10,23.658
2012,Hours,Difference,,,Saarland,code10,22.949
2013,Hours,Difference,,,Saarland,code10,21.762
2014,Hours,Difference,,,Saarland,code10,20.234
2015,Hours,Difference,,,Saarland,code10,19.715
2016,Hours,Difference,,,Saarland,code10,19.564
2017,Hours,Difference,,,Saarland,code10,19.14
2018,Hours,Difference,,,Saarland,code10,18.682
2019,Hours,Difference,,,Saarland,code10,18.072
2020,Hours,Difference,|,,Saarland,code10,17.905
2021,Hours,Difference,|,,Saarland,code10,16.826
2022,Hours,Difference,,,Saarland,code10,18.401
2023,Hours,Difference,,,Saarland,code10,17.869
2024,Hours,Difference,p,,Saarland,code10,16.863
2006,Hours,Difference,,,Saxony,code14,13.592
2007,Hours,Difference,|,,Saxony,code14,14.231
2008,Hours,Difference,,,Saxony,code14,14.429
2009,Hours,Difference,,,Saxony,code14,15.086
2010,Hours,Difference,,,Saxony,code14,14.69
2011,Hours,Difference,,,Saxony,code14,14.707
2012,Hours,Difference,,,Saxony,code14,14.642
2013,Hours,Difference,,,Saxony,code14,14.542
2014,Hours,Difference,,,Saxony,code14,13.957
2015,Hours,Difference,,,Saxony,code14,13.076
2016,Hours,Difference,,,Saxony,code14,13.137
2017,Hours,Difference,,,Saxony,code14,12.912
2018,Hours,Difference,,,Saxony,code14,12.4
2019,Hours,Difference,,,Saxony,code14,11.717
2020,Hours,Difference,|,,Saxony,code14,11.303
2021,Hours,Difference,|,,Saxony,code14,11.441
2022,Hours,Difference,,,Saxony,code14,11.818
2023,Hours,Difference,,,Saxony,code14,11.615
2024,Hours,Difference,p,,Saxony,code14,10.619
2006,Hours,Difference,,,Saxony-Anhalt,code15,12.031
2007,Hours,Difference,|,,Saxony-Anhalt,code15,12.473
2008,Hours,Difference,,,Saxony-Anhalt,code15,13.06
2009,Hours,Difference,,,Saxony-Anhalt,code15,11.706
2010,Hours,Difference,,,Saxony-Anhalt,code15,13.072
2011,Hours,Difference,,,Saxony-Anhalt,code15,13.252
2012,Hours,Difference,,,Saxony-Anhalt,code15,13.229
2013,Hours,Difference,,,Saxony-Anhalt,code15,13.186
2014,Hours,Difference,,,Saxony-Anhalt,code15,12.403
2015,Hours,Difference,,,Saxony-Anhalt,code15,13.357
2016,Hours,Difference,,,Saxony-Anhalt,code15,11.867
2017,Hours,Difference,,,Saxony-Anhalt,code15,11.082
2018,Hours,Difference,,,Saxony-Anhalt,code15,11.11
2019,Hours,Difference,,,Saxony-Anhalt,code15,10.663
2020,Hours,Difference,|,,Saxony-Anhalt,code15,11.149
2021,Hours,Difference,|,,Saxony-Anhalt,code15,10.876
2022,Hours,Difference,,,Saxony-Anhalt,code15,10.647
2023,Hours,Difference,,,Saxony-Anhalt,code15,9.759
2024,Hours,Difference,p,,Saxony-Anhalt,code15,10.089
2006,Hours,Difference,,,Schleswig-Holstein,code01,24.02
2007,Hours,Difference,|,,Schleswig-Holstein,code01,24.217
2008,Hours,Difference,,,Schleswig-Holstein,code01,23.74
2009,Hours,Difference,,,Schleswig-Holstein,code01,22.677
2010,Hours,Difference,,,Schleswig-Holstein,code01,22.024
2011,Hours,Difference,,,Schleswig-Holstein,code01,22.669
2012,Hours,Difference,,,Schleswig-Holstein,code01,21.914
2013,Hours,Difference,,,Schleswig-Holstein,code01,21.667
2014,Hours,Difference,,,Schleswig-Holstein,code01,21.275
2015,Hours,Difference,,,Schleswig-Holstein,code01,20.273
2016,Hours,Difference,,,Schleswig-Holstein,code01,19.698
2017,Hours,Difference,,,Schleswig-Holstein,code01,19.456
2018,Hours,Difference,,,Schleswig-Holstein,code01,19.001
2019,Hours,Difference,,,Schleswig-Holstein,code01,19.069
2020,Hours,Difference,|,,Schleswig-Holstein,code01,18.393
2021,Hours,Difference,|,,Schleswig-Holstein,code01,18.187
2022,Hours,Difference,,,Schleswig-Holstein,code01,17.467
2023,Hours,Difference,,,Schleswig-Holstein,code01,17.184
2024,Hours,Difference,p,,Schleswig-Holstein,code01,16.886
2006,Hours,Difference,,,Thuringia,code16,14.226
2007,Hours,Difference,|,,Thuringia,code16,15.074
2008,Hours,Difference,,,Thuringia,code16,15.32
2009,Hours,Difference,,,Thuringia,code16,14.853
2010,Hours,Difference,,,Thuringia,code16,14.759
2011,Hours,Difference,,,Thuringia,code16,15.062
2012,Hours,Difference,,,Thuringia,code16,14.918
2013,Hours,Difference,,,Thuringia,code16,13.949
2014,Hours,Difference,,,Thuringia,code16,13.523
2015,Hours,Difference,,,Thuringia,code16,13.832
2016,Hours,Difference,,,Thuringia,code16,12.018
2017,Hours,Difference,,,Thuringia,code16,11.861
2018,Hours,Difference,,,Thuringia,code16,11.268
2019,Hours,Difference,,,Thuringia,code16,11.425
2020,Hours,Difference,|,,Thuringia,code16,12.069
2021,Hours,Difference,|,,Thuringia,code16,12.331
2022,Hours,Difference,,,Thuringia,code16,10.925
2023,Hours,Difference,,,Thuringia,code16,10.926
2024,Hours,Difference,p,,Thuringia,code16,10.715
