Year,Units,Series,Federal state,GeoCode,Value
2006,Percentage,<u>Time series of the indicator:</u> Unadjusted Gender Pay Gap,,,23.0
2007,Percentage,<u>Time series of the indicator:</u> Unadjusted Gender Pay Gap,,,23.0
2008,Percentage,<u>Time series of the indicator:</u> Unadjusted Gender Pay Gap,,,23.0
2009,Percentage,<u>Time series of the indicator:</u> Unadjusted Gender Pay Gap,,,23.0
2010,Percentage,<u>Time series of the indicator:</u> Unadjusted Gender Pay Gap,,,22.0
2011,Percentage,<u>Time series of the indicator:</u> Unadjusted Gender Pay Gap,,,22.0
2012,Percentage,<u>Time series of the indicator:</u> Unadjusted Gender Pay Gap,,,23.0
2013,Percentage,<u>Time series of the indicator:</u> Unadjusted Gender Pay Gap,,,22.0
2014,Percentage,<u>Time series of the indicator:</u> Unadjusted Gender Pay Gap,,,22.0
2015,Percentage,<u>Time series of the indicator:</u> Unadjusted Gender Pay Gap,,,22.0
2016,Percentage,<u>Time series of the indicator:</u> Unadjusted Gender Pay Gap,,,21.0
2017,Percentage,<u>Time series of the indicator:</u> Unadjusted Gender Pay Gap,,,20.0
2018,Percentage,<u>Time series of the indicator:</u> Unadjusted Gender Pay Gap,,,20.0
2019,Percentage,<u>Time series of the indicator:</u> Unadjusted Gender Pay Gap,,,19.0
2020,Percentage,<u>Time series of the indicator:</u> Unadjusted Gender Pay Gap,,,18.0
2021,Percentage,<u>Time series of the indicator:</u> Unadjusted Gender Pay Gap,,,18.0
2022,Percentage,<u>Time series of the indicator:</u> Unadjusted Gender Pay Gap,,,18.0
2023,Percentage,<u>Time series of the indicator:</u> Unadjusted Gender Pay Gap,,,18.0
2024,Percentage,<u>Time series of the indicator:</u> Unadjusted Gender Pay Gap,,,16.0
2006,Percentage,<u>Additional time series:</u> Adjusted Gender Pay Gap,,,8.0
2007,Percentage,<u>Additional time series:</u> Adjusted Gender Pay Gap,,,
2008,Percentage,<u>Additional time series:</u> Adjusted Gender Pay Gap,,,
2009,Percentage,<u>Additional time series:</u> Adjusted Gender Pay Gap,,,
2010,Percentage,<u>Additional time series:</u> Adjusted Gender Pay Gap,,,7.0
2011,Percentage,<u>Additional time series:</u> Adjusted Gender Pay Gap,,,
2012,Percentage,<u>Additional time series:</u> Adjusted Gender Pay Gap,,,
2013,Percentage,<u>Additional time series:</u> Adjusted Gender Pay Gap,,,
2014,Percentage,<u>Additional time series:</u> Adjusted Gender Pay Gap,,,6.0
2015,Percentage,<u>Additional time series:</u> Adjusted Gender Pay Gap,,,
2016,Percentage,<u>Additional time series:</u> Adjusted Gender Pay Gap,,,
2017,Percentage,<u>Additional time series:</u> Adjusted Gender Pay Gap,,,
2018,Percentage,<u>Additional time series:</u> Adjusted Gender Pay Gap,,,6.0
2019,Percentage,<u>Additional time series:</u> Adjusted Gender Pay Gap,,,
2020,Percentage,<u>Additional time series:</u> Adjusted Gender Pay Gap,,,
2021,Percentage,<u>Additional time series:</u> Adjusted Gender Pay Gap,,,
2022,Percentage,<u>Additional time series:</u> Adjusted Gender Pay Gap,,,7.0
2023,Percentage,<u>Additional time series:</u> Adjusted Gender Pay Gap,,,6.0
2024,Percentage,<u>Additional time series:</u> Adjusted Gender Pay Gap,,,6.0
2006,Percentage,<u>Time series of the indicator:</u> Unadjusted Gender Pay Gap,Baden-Wuerttemberg,code08,28.0
2007,Percentage,<u>Time series of the indicator:</u> Unadjusted Gender Pay Gap,Baden-Wuerttemberg,code08,28.0
2008,Percentage,<u>Time series of the indicator:</u> Unadjusted Gender Pay Gap,Baden-Wuerttemberg,code08,28.0
2009,Percentage,<u>Time series of the indicator:</u> Unadjusted Gender Pay Gap,Baden-Wuerttemberg,code08,27.0
2010,Percentage,<u>Time series of the indicator:</u> Unadjusted Gender Pay Gap,Baden-Wuerttemberg,code08,27.0
2011,Percentage,<u>Time series of the indicator:</u> Unadjusted Gender Pay Gap,Baden-Wuerttemberg,code08,27.0
2012,Percentage,<u>Time series of the indicator:</u> Unadjusted Gender Pay Gap,Baden-Wuerttemberg,code08,27.0
2013,Percentage,<u>Time series of the indicator:</u> Unadjusted Gender Pay Gap,Baden-Wuerttemberg,code08,27.0
2014,Percentage,<u>Time series of the indicator:</u> Unadjusted Gender Pay Gap,Baden-Wuerttemberg,code08,27.0
2015,Percentage,<u>Time series of the indicator:</u> Unadjusted Gender Pay Gap,Baden-Wuerttemberg,code08,26.0
2016,Percentage,<u>Time series of the indicator:</u> Unadjusted Gender Pay Gap,Baden-Wuerttemberg,code08,26.0
2017,Percentage,<u>Time series of the indicator:</u> Unadjusted Gender Pay Gap,Baden-Wuerttemberg,code08,25.0
2018,Percentage,<u>Time series of the indicator:</u> Unadjusted Gender Pay Gap,Baden-Wuerttemberg,code08,24.0
2019,Percentage,<u>Time series of the indicator:</u> Unadjusted Gender Pay Gap,Baden-Wuerttemberg,code08,23.0
2020,Percentage,<u>Time series of the indicator:</u> Unadjusted Gender Pay Gap,Baden-Wuerttemberg,code08,23.0
2021,Percentage,<u>Time series of the indicator:</u> Unadjusted Gender Pay Gap,Baden-Wuerttemberg,code08,22.0
2022,Percentage,<u>Time series of the indicator:</u> Unadjusted Gender Pay Gap,Baden-Wuerttemberg,code08,23.0
2023,Percentage,<u>Time series of the indicator:</u> Unadjusted Gender Pay Gap,Baden-Wuerttemberg,code08,22.0
2024,Percentage,<u>Time series of the indicator:</u> Unadjusted Gender Pay Gap,Baden-Wuerttemberg,code08,19.0
2006,Percentage,<u>Time series of the indicator:</u> Unadjusted Gender Pay Gap,Bavaria,code09,23.0
2007,Percentage,<u>Time series of the indicator:</u> Unadjusted Gender Pay Gap,Bavaria,code09,24.0
2008,Percentage,<u>Time series of the indicator:</u> Unadjusted Gender Pay Gap,Bavaria,code09,25.0
2009,Percentage,<u>Time series of the indicator:</u> Unadjusted Gender Pay Gap,Bavaria,code09,25.0
2010,Percentage,<u>Time series of the indicator:</u> Unadjusted Gender Pay Gap,Bavaria,code09,26.0
2011,Percentage,<u>Time series of the indicator:</u> Unadjusted Gender Pay Gap,Bavaria,code09,25.0
2012,Percentage,<u>Time series of the indicator:</u> Unadjusted Gender Pay Gap,Bavaria,code09,25.0
2013,Percentage,<u>Time series of the indicator:</u> Unadjusted Gender Pay Gap,Bavaria,code09,25.0
2014,Percentage,<u>Time series of the indicator:</u> Unadjusted Gender Pay Gap,Bavaria,code09,25.0
2015,Percentage,<u>Time series of the indicator:</u> Unadjusted Gender Pay Gap,Bavaria,code09,24.0
2016,Percentage,<u>Time series of the indicator:</u> Unadjusted Gender Pay Gap,Bavaria,code09,24.0
2017,Percentage,<u>Time series of the indicator:</u> Unadjusted Gender Pay Gap,Bavaria,code09,24.0
2018,Percentage,<u>Time series of the indicator:</u> Unadjusted Gender Pay Gap,Bavaria,code09,24.0
2019,Percentage,<u>Time series of the indicator:</u> Unadjusted Gender Pay Gap,Bavaria,code09,23.0
2020,Percentage,<u>Time series of the indicator:</u> Unadjusted Gender Pay Gap,Bavaria,code09,22.0
2021,Percentage,<u>Time series of the indicator:</u> Unadjusted Gender Pay Gap,Bavaria,code09,21.0
2022,Percentage,<u>Time series of the indicator:</u> Unadjusted Gender Pay Gap,Bavaria,code09,21.0
2023,Percentage,<u>Time series of the indicator:</u> Unadjusted Gender Pay Gap,Bavaria,code09,21.0
2024,Percentage,<u>Time series of the indicator:</u> Unadjusted Gender Pay Gap,Bavaria,code09,18.0
2006,Percentage,<u>Time series of the indicator:</u> Unadjusted Gender Pay Gap,Berlin,code11,14.0
2007,Percentage,<u>Time series of the indicator:</u> Unadjusted Gender Pay Gap,Berlin,code11,14.0
2008,Percentage,<u>Time series of the indicator:</u> Unadjusted Gender Pay Gap,Berlin,code11,16.0
2009,Percentage,<u>Time series of the indicator:</u> Unadjusted Gender Pay Gap,Berlin,code11,15.0
2010,Percentage,<u>Time series of the indicator:</u> Unadjusted Gender Pay Gap,Berlin,code11,14.0
2011,Percentage,<u>Time series of the indicator:</u> Unadjusted Gender Pay Gap,Berlin,code11,15.0
2012,Percentage,<u>Time series of the indicator:</u> Unadjusted Gender Pay Gap,Berlin,code11,15.0
2013,Percentage,<u>Time series of the indicator:</u> Unadjusted Gender Pay Gap,Berlin,code11,14.0
2014,Percentage,<u>Time series of the indicator:</u> Unadjusted Gender Pay Gap,Berlin,code11,14.0
2015,Percentage,<u>Time series of the indicator:</u> Unadjusted Gender Pay Gap,Berlin,code11,14.0
2016,Percentage,<u>Time series of the indicator:</u> Unadjusted Gender Pay Gap,Berlin,code11,12.0
2017,Percentage,<u>Time series of the indicator:</u> Unadjusted Gender Pay Gap,Berlin,code11,10.0
2018,Percentage,<u>Time series of the indicator:</u> Unadjusted Gender Pay Gap,Berlin,code11,10.0
2019,Percentage,<u>Time series of the indicator:</u> Unadjusted Gender Pay Gap,Berlin,code11,10.0
2020,Percentage,<u>Time series of the indicator:</u> Unadjusted Gender Pay Gap,Berlin,code11,10.0
2021,Percentage,<u>Time series of the indicator:</u> Unadjusted Gender Pay Gap,Berlin,code11,10.0
2022,Percentage,<u>Time series of the indicator:</u> Unadjusted Gender Pay Gap,Berlin,code11,10.0
2023,Percentage,<u>Time series of the indicator:</u> Unadjusted Gender Pay Gap,Berlin,code11,11.0
2024,Percentage,<u>Time series of the indicator:</u> Unadjusted Gender Pay Gap,Berlin,code11,10.0
2006,Percentage,<u>Time series of the indicator:</u> Unadjusted Gender Pay Gap,Brandenburg,code12,6.0
2007,Percentage,<u>Time series of the indicator:</u> Unadjusted Gender Pay Gap,Brandenburg,code12,7.0
2008,Percentage,<u>Time series of the indicator:</u> Unadjusted Gender Pay Gap,Brandenburg,code12,7.0
2009,Percentage,<u>Time series of the indicator:</u> Unadjusted Gender Pay Gap,Brandenburg,code12,7.0
2010,Percentage,<u>Time series of the indicator:</u> Unadjusted Gender Pay Gap,Brandenburg,code12,7.0
2011,Percentage,<u>Time series of the indicator:</u> Unadjusted Gender Pay Gap,Brandenburg,code12,6.0
2012,Percentage,<u>Time series of the indicator:</u> Unadjusted Gender Pay Gap,Brandenburg,code12,7.0
2013,Percentage,<u>Time series of the indicator:</u> Unadjusted Gender Pay Gap,Brandenburg,code12,5.0
2014,Percentage,<u>Time series of the indicator:</u> Unadjusted Gender Pay Gap,Brandenburg,code12,7.0
2015,Percentage,<u>Time series of the indicator:</u> Unadjusted Gender Pay Gap,Brandenburg,code12,5.0
2016,Percentage,<u>Time series of the indicator:</u> Unadjusted Gender Pay Gap,Brandenburg,code12,6.0
2017,Percentage,<u>Time series of the indicator:</u> Unadjusted Gender Pay Gap,Brandenburg,code12,6.0
2018,Percentage,<u>Time series of the indicator:</u> Unadjusted Gender Pay Gap,Brandenburg,code12,6.0
2019,Percentage,<u>Time series of the indicator:</u> Unadjusted Gender Pay Gap,Brandenburg,code12,7.0
2020,Percentage,<u>Time series of the indicator:</u> Unadjusted Gender Pay Gap,Brandenburg,code12,6.0
2021,Percentage,<u>Time series of the indicator:</u> Unadjusted Gender Pay Gap,Brandenburg,code12,5.0
2022,Percentage,<u>Time series of the indicator:</u> Unadjusted Gender Pay Gap,Brandenburg,code12,6.0
2023,Percentage,<u>Time series of the indicator:</u> Unadjusted Gender Pay Gap,Brandenburg,code12,4.0
2024,Percentage,<u>Time series of the indicator:</u> Unadjusted Gender Pay Gap,Brandenburg,code12,2.0
2006,Percentage,<u>Time series of the indicator:</u> Unadjusted Gender Pay Gap,Bremen,code04,25.0
2007,Percentage,<u>Time series of the indicator:</u> Unadjusted Gender Pay Gap,Bremen,code04,27.0
2008,Percentage,<u>Time series of the indicator:</u> Unadjusted Gender Pay Gap,Bremen,code04,27.0
2009,Percentage,<u>Time series of the indicator:</u> Unadjusted Gender Pay Gap,Bremen,code04,24.0
2010,Percentage,<u>Time series of the indicator:</u> Unadjusted Gender Pay Gap,Bremen,code04,24.0
2011,Percentage,<u>Time series of the indicator:</u> Unadjusted Gender Pay Gap,Bremen,code04,24.0
2012,Percentage,<u>Time series of the indicator:</u> Unadjusted Gender Pay Gap,Bremen,code04,27.0
2013,Percentage,<u>Time series of the indicator:</u> Unadjusted Gender Pay Gap,Bremen,code04,25.0
2014,Percentage,<u>Time series of the indicator:</u> Unadjusted Gender Pay Gap,Bremen,code04,25.0
2015,Percentage,<u>Time series of the indicator:</u> Unadjusted Gender Pay Gap,Bremen,code04,25.0
2016,Percentage,<u>Time series of the indicator:</u> Unadjusted Gender Pay Gap,Bremen,code04,24.0
2017,Percentage,<u>Time series of the indicator:</u> Unadjusted Gender Pay Gap,Bremen,code04,24.0
2018,Percentage,<u>Time series of the indicator:</u> Unadjusted Gender Pay Gap,Bremen,code04,23.0
2019,Percentage,<u>Time series of the indicator:</u> Unadjusted Gender Pay Gap,Bremen,code04,25.0
2020,Percentage,<u>Time series of the indicator:</u> Unadjusted Gender Pay Gap,Bremen,code04,22.0
2021,Percentage,<u>Time series of the indicator:</u> Unadjusted Gender Pay Gap,Bremen,code04,22.0
2022,Percentage,<u>Time series of the indicator:</u> Unadjusted Gender Pay Gap,Bremen,code04,20.0
2023,Percentage,<u>Time series of the indicator:</u> Unadjusted Gender Pay Gap,Bremen,code04,19.0
2024,Percentage,<u>Time series of the indicator:</u> Unadjusted Gender Pay Gap,Bremen,code04,17.0
2006,Percentage,<u>Time series of the indicator:</u> Unadjusted Gender Pay Gap,Hamburg,code02,20.0
2007,Percentage,<u>Time series of the indicator:</u> Unadjusted Gender Pay Gap,Hamburg,code02,22.0
2008,Percentage,<u>Time series of the indicator:</u> Unadjusted Gender Pay Gap,Hamburg,code02,22.0
2009,Percentage,<u>Time series of the indicator:</u> Unadjusted Gender Pay Gap,Hamburg,code02,23.0
2010,Percentage,<u>Time series of the indicator:</u> Unadjusted Gender Pay Gap,Hamburg,code02,23.0
2011,Percentage,<u>Time series of the indicator:</u> Unadjusted Gender Pay Gap,Hamburg,code02,22.0
2012,Percentage,<u>Time series of the indicator:</u> Unadjusted Gender Pay Gap,Hamburg,code02,24.0
2013,Percentage,<u>Time series of the indicator:</u> Unadjusted Gender Pay Gap,Hamburg,code02,23.0
2014,Percentage,<u>Time series of the indicator:</u> Unadjusted Gender Pay Gap,Hamburg,code02,22.0
2015,Percentage,<u>Time series of the indicator:</u> Unadjusted Gender Pay Gap,Hamburg,code02,22.0
2016,Percentage,<u>Time series of the indicator:</u> Unadjusted Gender Pay Gap,Hamburg,code02,21.0
2017,Percentage,<u>Time series of the indicator:</u> Unadjusted Gender Pay Gap,Hamburg,code02,21.0
2018,Percentage,<u>Time series of the indicator:</u> Unadjusted Gender Pay Gap,Hamburg,code02,21.0
2019,Percentage,<u>Time series of the indicator:</u> Unadjusted Gender Pay Gap,Hamburg,code02,21.0
2020,Percentage,<u>Time series of the indicator:</u> Unadjusted Gender Pay Gap,Hamburg,code02,21.0
2021,Percentage,<u>Time series of the indicator:</u> Unadjusted Gender Pay Gap,Hamburg,code02,21.0
2022,Percentage,<u>Time series of the indicator:</u> Unadjusted Gender Pay Gap,Hamburg,code02,18.0
2023,Percentage,<u>Time series of the indicator:</u> Unadjusted Gender Pay Gap,Hamburg,code02,18.0
2024,Percentage,<u>Time series of the indicator:</u> Unadjusted Gender Pay Gap,Hamburg,code02,18.0
2006,Percentage,<u>Time series of the indicator:</u> Unadjusted Gender Pay Gap,Hesse,code06,23.0
2007,Percentage,<u>Time series of the indicator:</u> Unadjusted Gender Pay Gap,Hesse,code06,24.0
2008,Percentage,<u>Time series of the indicator:</u> Unadjusted Gender Pay Gap,Hesse,code06,24.0
2009,Percentage,<u>Time series of the indicator:</u> Unadjusted Gender Pay Gap,Hesse,code06,24.0
2010,Percentage,<u>Time series of the indicator:</u> Unadjusted Gender Pay Gap,Hesse,code06,25.0
2011,Percentage,<u>Time series of the indicator:</u> Unadjusted Gender Pay Gap,Hesse,code06,25.0
2012,Percentage,<u>Time series of the indicator:</u> Unadjusted Gender Pay Gap,Hesse,code06,24.0
2013,Percentage,<u>Time series of the indicator:</u> Unadjusted Gender Pay Gap,Hesse,code06,23.0
2014,Percentage,<u>Time series of the indicator:</u> Unadjusted Gender Pay Gap,Hesse,code06,24.0
2015,Percentage,<u>Time series of the indicator:</u> Unadjusted Gender Pay Gap,Hesse,code06,23.0
2016,Percentage,<u>Time series of the indicator:</u> Unadjusted Gender Pay Gap,Hesse,code06,22.0
2017,Percentage,<u>Time series of the indicator:</u> Unadjusted Gender Pay Gap,Hesse,code06,22.0
2018,Percentage,<u>Time series of the indicator:</u> Unadjusted Gender Pay Gap,Hesse,code06,21.0
2019,Percentage,<u>Time series of the indicator:</u> Unadjusted Gender Pay Gap,Hesse,code06,19.0
2020,Percentage,<u>Time series of the indicator:</u> Unadjusted Gender Pay Gap,Hesse,code06,18.0
2021,Percentage,<u>Time series of the indicator:</u> Unadjusted Gender Pay Gap,Hesse,code06,18.0
2022,Percentage,<u>Time series of the indicator:</u> Unadjusted Gender Pay Gap,Hesse,code06,21.0
2023,Percentage,<u>Time series of the indicator:</u> Unadjusted Gender Pay Gap,Hesse,code06,20.0
2024,Percentage,<u>Time series of the indicator:</u> Unadjusted Gender Pay Gap,Hesse,code06,19.0
2006,Percentage,<u>Time series of the indicator:</u> Unadjusted Gender Pay Gap,Mecklenburg Western Pomerania,code13,2.0
2007,Percentage,<u>Time series of the indicator:</u> Unadjusted Gender Pay Gap,Mecklenburg Western Pomerania,code13,2.0
2008,Percentage,<u>Time series of the indicator:</u> Unadjusted Gender Pay Gap,Mecklenburg Western Pomerania,code13,3.0
2009,Percentage,<u>Time series of the indicator:</u> Unadjusted Gender Pay Gap,Mecklenburg Western Pomerania,code13,3.0
2010,Percentage,<u>Time series of the indicator:</u> Unadjusted Gender Pay Gap,Mecklenburg Western Pomerania,code13,4.0
2011,Percentage,<u>Time series of the indicator:</u> Unadjusted Gender Pay Gap,Mecklenburg Western Pomerania,code13,6.0
2012,Percentage,<u>Time series of the indicator:</u> Unadjusted Gender Pay Gap,Mecklenburg Western Pomerania,code13,7.0
2013,Percentage,<u>Time series of the indicator:</u> Unadjusted Gender Pay Gap,Mecklenburg Western Pomerania,code13,6.0
2014,Percentage,<u>Time series of the indicator:</u> Unadjusted Gender Pay Gap,Mecklenburg Western Pomerania,code13,8.0
2015,Percentage,<u>Time series of the indicator:</u> Unadjusted Gender Pay Gap,Mecklenburg Western Pomerania,code13,7.0
2016,Percentage,<u>Time series of the indicator:</u> Unadjusted Gender Pay Gap,Mecklenburg Western Pomerania,code13,6.0
2017,Percentage,<u>Time series of the indicator:</u> Unadjusted Gender Pay Gap,Mecklenburg Western Pomerania,code13,6.0
2018,Percentage,<u>Time series of the indicator:</u> Unadjusted Gender Pay Gap,Mecklenburg Western Pomerania,code13,6.0
2019,Percentage,<u>Time series of the indicator:</u> Unadjusted Gender Pay Gap,Mecklenburg Western Pomerania,code13,6.0
2020,Percentage,<u>Time series of the indicator:</u> Unadjusted Gender Pay Gap,Mecklenburg Western Pomerania,code13,6.0
2021,Percentage,<u>Time series of the indicator:</u> Unadjusted Gender Pay Gap,Mecklenburg Western Pomerania,code13,5.0
2022,Percentage,<u>Time series of the indicator:</u> Unadjusted Gender Pay Gap,Mecklenburg Western Pomerania,code13,6.0
2023,Percentage,<u>Time series of the indicator:</u> Unadjusted Gender Pay Gap,Mecklenburg Western Pomerania,code13,7.0
2024,Percentage,<u>Time series of the indicator:</u> Unadjusted Gender Pay Gap,Mecklenburg Western Pomerania,code13,7.0
2006,Percentage,<u>Time series of the indicator:</u> Unadjusted Gender Pay Gap,Lower Saxony,code03,25.0
2007,Percentage,<u>Time series of the indicator:</u> Unadjusted Gender Pay Gap,Lower Saxony,code03,24.0
2008,Percentage,<u>Time series of the indicator:</u> Unadjusted Gender Pay Gap,Lower Saxony,code03,23.0
2009,Percentage,<u>Time series of the indicator:</u> Unadjusted Gender Pay Gap,Lower Saxony,code03,22.0
2010,Percentage,<u>Time series of the indicator:</u> Unadjusted Gender Pay Gap,Lower Saxony,code03,22.0
2011,Percentage,<u>Time series of the indicator:</u> Unadjusted Gender Pay Gap,Lower Saxony,code03,22.0
2012,Percentage,<u>Time series of the indicator:</u> Unadjusted Gender Pay Gap,Lower Saxony,code03,21.0
2013,Percentage,<u>Time series of the indicator:</u> Unadjusted Gender Pay Gap,Lower Saxony,code03,20.0
2014,Percentage,<u>Time series of the indicator:</u> Unadjusted Gender Pay Gap,Lower Saxony,code03,22.0
2015,Percentage,<u>Time series of the indicator:</u> Unadjusted Gender Pay Gap,Lower Saxony,code03,22.0
2016,Percentage,<u>Time series of the indicator:</u> Unadjusted Gender Pay Gap,Lower Saxony,code03,21.0
2017,Percentage,<u>Time series of the indicator:</u> Unadjusted Gender Pay Gap,Lower Saxony,code03,21.0
2018,Percentage,<u>Time series of the indicator:</u> Unadjusted Gender Pay Gap,Lower Saxony,code03,21.0
2019,Percentage,<u>Time series of the indicator:</u> Unadjusted Gender Pay Gap,Lower Saxony,code03,21.0
2020,Percentage,<u>Time series of the indicator:</u> Unadjusted Gender Pay Gap,Lower Saxony,code03,19.0
2021,Percentage,<u>Time series of the indicator:</u> Unadjusted Gender Pay Gap,Lower Saxony,code03,19.0
2022,Percentage,<u>Time series of the indicator:</u> Unadjusted Gender Pay Gap,Lower Saxony,code03,18.0
2023,Percentage,<u>Time series of the indicator:</u> Unadjusted Gender Pay Gap,Lower Saxony,code03,18.0
2024,Percentage,<u>Time series of the indicator:</u> Unadjusted Gender Pay Gap,Lower Saxony,code03,15.0
2006,Percentage,<u>Time series of the indicator:</u> Unadjusted Gender Pay Gap,North Rhine-Westphalia,code05,24.0
2007,Percentage,<u>Time series of the indicator:</u> Unadjusted Gender Pay Gap,North Rhine-Westphalia,code05,24.0
2008,Percentage,<u>Time series of the indicator:</u> Unadjusted Gender Pay Gap,North Rhine-Westphalia,code05,24.0
2009,Percentage,<u>Time series of the indicator:</u> Unadjusted Gender Pay Gap,North Rhine-Westphalia,code05,23.0
2010,Percentage,<u>Time series of the indicator:</u> Unadjusted Gender Pay Gap,North Rhine-Westphalia,code05,23.0
2011,Percentage,<u>Time series of the indicator:</u> Unadjusted Gender Pay Gap,North Rhine-Westphalia,code05,23.0
2012,Percentage,<u>Time series of the indicator:</u> Unadjusted Gender Pay Gap,North Rhine-Westphalia,code05,24.0
2013,Percentage,<u>Time series of the indicator:</u> Unadjusted Gender Pay Gap,North Rhine-Westphalia,code05,23.0
2014,Percentage,<u>Time series of the indicator:</u> Unadjusted Gender Pay Gap,North Rhine-Westphalia,code05,23.0
2015,Percentage,<u>Time series of the indicator:</u> Unadjusted Gender Pay Gap,North Rhine-Westphalia,code05,23.0
2016,Percentage,<u>Time series of the indicator:</u> Unadjusted Gender Pay Gap,North Rhine-Westphalia,code05,22.0
2017,Percentage,<u>Time series of the indicator:</u> Unadjusted Gender Pay Gap,North Rhine-Westphalia,code05,21.0
2018,Percentage,<u>Time series of the indicator:</u> Unadjusted Gender Pay Gap,North Rhine-Westphalia,code05,20.0
2019,Percentage,<u>Time series of the indicator:</u> Unadjusted Gender Pay Gap,North Rhine-Westphalia,code05,19.0
2020,Percentage,<u>Time series of the indicator:</u> Unadjusted Gender Pay Gap,North Rhine-Westphalia,code05,18.0
2021,Percentage,<u>Time series of the indicator:</u> Unadjusted Gender Pay Gap,North Rhine-Westphalia,code05,17.0
2022,Percentage,<u>Time series of the indicator:</u> Unadjusted Gender Pay Gap,North Rhine-Westphalia,code05,17.0
2023,Percentage,<u>Time series of the indicator:</u> Unadjusted Gender Pay Gap,North Rhine-Westphalia,code05,17.0
2024,Percentage,<u>Time series of the indicator:</u> Unadjusted Gender Pay Gap,North Rhine-Westphalia,code05,16.0
2006,Percentage,<u>Time series of the indicator:</u> Unadjusted Gender Pay Gap,Rhineland Palatinate,code07,21.0
2007,Percentage,<u>Time series of the indicator:</u> Unadjusted Gender Pay Gap,Rhineland Palatinate,code07,22.0
2008,Percentage,<u>Time series of the indicator:</u> Unadjusted Gender Pay Gap,Rhineland Palatinate,code07,22.0
2009,Percentage,<u>Time series of the indicator:</u> Unadjusted Gender Pay Gap,Rhineland Palatinate,code07,22.0
2010,Percentage,<u>Time series of the indicator:</u> Unadjusted Gender Pay Gap,Rhineland Palatinate,code07,22.0
2011,Percentage,<u>Time series of the indicator:</u> Unadjusted Gender Pay Gap,Rhineland Palatinate,code07,22.0
2012,Percentage,<u>Time series of the indicator:</u> Unadjusted Gender Pay Gap,Rhineland Palatinate,code07,22.0
2013,Percentage,<u>Time series of the indicator:</u> Unadjusted Gender Pay Gap,Rhineland Palatinate,code07,22.0
2014,Percentage,<u>Time series of the indicator:</u> Unadjusted Gender Pay Gap,Rhineland Palatinate,code07,21.0
2015,Percentage,<u>Time series of the indicator:</u> Unadjusted Gender Pay Gap,Rhineland Palatinate,code07,20.0
2016,Percentage,<u>Time series of the indicator:</u> Unadjusted Gender Pay Gap,Rhineland Palatinate,code07,20.0
2017,Percentage,<u>Time series of the indicator:</u> Unadjusted Gender Pay Gap,Rhineland Palatinate,code07,19.0
2018,Percentage,<u>Time series of the indicator:</u> Unadjusted Gender Pay Gap,Rhineland Palatinate,code07,18.0
2019,Percentage,<u>Time series of the indicator:</u> Unadjusted Gender Pay Gap,Rhineland Palatinate,code07,17.0
2020,Percentage,<u>Time series of the indicator:</u> Unadjusted Gender Pay Gap,Rhineland Palatinate,code07,15.0
2021,Percentage,<u>Time series of the indicator:</u> Unadjusted Gender Pay Gap,Rhineland Palatinate,code07,15.0
2022,Percentage,<u>Time series of the indicator:</u> Unadjusted Gender Pay Gap,Rhineland Palatinate,code07,15.0
2023,Percentage,<u>Time series of the indicator:</u> Unadjusted Gender Pay Gap,Rhineland Palatinate,code07,15.0
2024,Percentage,<u>Time series of the indicator:</u> Unadjusted Gender Pay Gap,Rhineland Palatinate,code07,14.0
2006,Percentage,<u>Time series of the indicator:</u> Unadjusted Gender Pay Gap,Saarland,code10,24.0
2007,Percentage,<u>Time series of the indicator:</u> Unadjusted Gender Pay Gap,Saarland,code10,26.0
2008,Percentage,<u>Time series of the indicator:</u> Unadjusted Gender Pay Gap,Saarland,code10,26.0
2009,Percentage,<u>Time series of the indicator:</u> Unadjusted Gender Pay Gap,Saarland,code10,25.0
2010,Percentage,<u>Time series of the indicator:</u> Unadjusted Gender Pay Gap,Saarland,code10,25.0
2011,Percentage,<u>Time series of the indicator:</u> Unadjusted Gender Pay Gap,Saarland,code10,25.0
2012,Percentage,<u>Time series of the indicator:</u> Unadjusted Gender Pay Gap,Saarland,code10,25.0
2013,Percentage,<u>Time series of the indicator:</u> Unadjusted Gender Pay Gap,Saarland,code10,24.0
2014,Percentage,<u>Time series of the indicator:</u> Unadjusted Gender Pay Gap,Saarland,code10,23.0
2015,Percentage,<u>Time series of the indicator:</u> Unadjusted Gender Pay Gap,Saarland,code10,24.0
2016,Percentage,<u>Time series of the indicator:</u> Unadjusted Gender Pay Gap,Saarland,code10,24.0
2017,Percentage,<u>Time series of the indicator:</u> Unadjusted Gender Pay Gap,Saarland,code10,24.0
2018,Percentage,<u>Time series of the indicator:</u> Unadjusted Gender Pay Gap,Saarland,code10,23.0
2019,Percentage,<u>Time series of the indicator:</u> Unadjusted Gender Pay Gap,Saarland,code10,22.0
2020,Percentage,<u>Time series of the indicator:</u> Unadjusted Gender Pay Gap,Saarland,code10,20.0
2021,Percentage,<u>Time series of the indicator:</u> Unadjusted Gender Pay Gap,Saarland,code10,20.0
2022,Percentage,<u>Time series of the indicator:</u> Unadjusted Gender Pay Gap,Saarland,code10,18.0
2023,Percentage,<u>Time series of the indicator:</u> Unadjusted Gender Pay Gap,Saarland,code10,18.0
2024,Percentage,<u>Time series of the indicator:</u> Unadjusted Gender Pay Gap,Saarland,code10,16.0
2006,Percentage,<u>Time series of the indicator:</u> Unadjusted Gender Pay Gap,Saxony,code14,9.0
2007,Percentage,<u>Time series of the indicator:</u> Unadjusted Gender Pay Gap,Saxony,code14,9.0
2008,Percentage,<u>Time series of the indicator:</u> Unadjusted Gender Pay Gap,Saxony,code14,9.0
2009,Percentage,<u>Time series of the indicator:</u> Unadjusted Gender Pay Gap,Saxony,code14,9.0
2010,Percentage,<u>Time series of the indicator:</u> Unadjusted Gender Pay Gap,Saxony,code14,9.0
2011,Percentage,<u>Time series of the indicator:</u> Unadjusted Gender Pay Gap,Saxony,code14,10.0
2012,Percentage,<u>Time series of the indicator:</u> Unadjusted Gender Pay Gap,Saxony,code14,11.0
2013,Percentage,<u>Time series of the indicator:</u> Unadjusted Gender Pay Gap,Saxony,code14,11.0
2014,Percentage,<u>Time series of the indicator:</u> Unadjusted Gender Pay Gap,Saxony,code14,11.0
2015,Percentage,<u>Time series of the indicator:</u> Unadjusted Gender Pay Gap,Saxony,code14,11.0
2016,Percentage,<u>Time series of the indicator:</u> Unadjusted Gender Pay Gap,Saxony,code14,10.0
2017,Percentage,<u>Time series of the indicator:</u> Unadjusted Gender Pay Gap,Saxony,code14,9.0
2018,Percentage,<u>Time series of the indicator:</u> Unadjusted Gender Pay Gap,Saxony,code14,8.0
2019,Percentage,<u>Time series of the indicator:</u> Unadjusted Gender Pay Gap,Saxony,code14,7.0
2020,Percentage,<u>Time series of the indicator:</u> Unadjusted Gender Pay Gap,Saxony,code14,7.0
2021,Percentage,<u>Time series of the indicator:</u> Unadjusted Gender Pay Gap,Saxony,code14,6.0
2022,Percentage,<u>Time series of the indicator:</u> Unadjusted Gender Pay Gap,Saxony,code14,8.0
2023,Percentage,<u>Time series of the indicator:</u> Unadjusted Gender Pay Gap,Saxony,code14,9.0
2024,Percentage,<u>Time series of the indicator:</u> Unadjusted Gender Pay Gap,Saxony,code14,7.0
2006,Percentage,<u>Time series of the indicator:</u> Unadjusted Gender Pay Gap,Saxony-Anhalt,code15,3.0
2007,Percentage,<u>Time series of the indicator:</u> Unadjusted Gender Pay Gap,Saxony-Anhalt,code15,3.0
2008,Percentage,<u>Time series of the indicator:</u> Unadjusted Gender Pay Gap,Saxony-Anhalt,code15,3.0
2009,Percentage,<u>Time series of the indicator:</u> Unadjusted Gender Pay Gap,Saxony-Anhalt,code15,3.0
2010,Percentage,<u>Time series of the indicator:</u> Unadjusted Gender Pay Gap,Saxony-Anhalt,code15,4.0
2011,Percentage,<u>Time series of the indicator:</u> Unadjusted Gender Pay Gap,Saxony-Anhalt,code15,5.0
2012,Percentage,<u>Time series of the indicator:</u> Unadjusted Gender Pay Gap,Saxony-Anhalt,code15,5.0
2013,Percentage,<u>Time series of the indicator:</u> Unadjusted Gender Pay Gap,Saxony-Anhalt,code15,4.0
2014,Percentage,<u>Time series of the indicator:</u> Unadjusted Gender Pay Gap,Saxony-Anhalt,code15,5.0
2015,Percentage,<u>Time series of the indicator:</u> Unadjusted Gender Pay Gap,Saxony-Anhalt,code15,4.0
2016,Percentage,<u>Time series of the indicator:</u> Unadjusted Gender Pay Gap,Saxony-Anhalt,code15,4.0
2017,Percentage,<u>Time series of the indicator:</u> Unadjusted Gender Pay Gap,Saxony-Anhalt,code15,6.0
2018,Percentage,<u>Time series of the indicator:</u> Unadjusted Gender Pay Gap,Saxony-Anhalt,code15,8.0
2019,Percentage,<u>Time series of the indicator:</u> Unadjusted Gender Pay Gap,Saxony-Anhalt,code15,7.0
2020,Percentage,<u>Time series of the indicator:</u> Unadjusted Gender Pay Gap,Saxony-Anhalt,code15,8.0
2021,Percentage,<u>Time series of the indicator:</u> Unadjusted Gender Pay Gap,Saxony-Anhalt,code15,7.0
2022,Percentage,<u>Time series of the indicator:</u> Unadjusted Gender Pay Gap,Saxony-Anhalt,code15,6.0
2023,Percentage,<u>Time series of the indicator:</u> Unadjusted Gender Pay Gap,Saxony-Anhalt,code15,5.0
2024,Percentage,<u>Time series of the indicator:</u> Unadjusted Gender Pay Gap,Saxony-Anhalt,code15,4.0
2006,Percentage,<u>Time series of the indicator:</u> Unadjusted Gender Pay Gap,Schleswig-Holstein,code01,18.0
2007,Percentage,<u>Time series of the indicator:</u> Unadjusted Gender Pay Gap,Schleswig-Holstein,code01,18.0
2008,Percentage,<u>Time series of the indicator:</u> Unadjusted Gender Pay Gap,Schleswig-Holstein,code01,19.0
2009,Percentage,<u>Time series of the indicator:</u> Unadjusted Gender Pay Gap,Schleswig-Holstein,code01,18.0
2010,Percentage,<u>Time series of the indicator:</u> Unadjusted Gender Pay Gap,Schleswig-Holstein,code01,18.0
2011,Percentage,<u>Time series of the indicator:</u> Unadjusted Gender Pay Gap,Schleswig-Holstein,code01,17.0
2012,Percentage,<u>Time series of the indicator:</u> Unadjusted Gender Pay Gap,Schleswig-Holstein,code01,18.0
2013,Percentage,<u>Time series of the indicator:</u> Unadjusted Gender Pay Gap,Schleswig-Holstein,code01,18.0
2014,Percentage,<u>Time series of the indicator:</u> Unadjusted Gender Pay Gap,Schleswig-Holstein,code01,17.0
2015,Percentage,<u>Time series of the indicator:</u> Unadjusted Gender Pay Gap,Schleswig-Holstein,code01,16.0
2016,Percentage,<u>Time series of the indicator:</u> Unadjusted Gender Pay Gap,Schleswig-Holstein,code01,16.0
2017,Percentage,<u>Time series of the indicator:</u> Unadjusted Gender Pay Gap,Schleswig-Holstein,code01,14.0
2018,Percentage,<u>Time series of the indicator:</u> Unadjusted Gender Pay Gap,Schleswig-Holstein,code01,14.0
2019,Percentage,<u>Time series of the indicator:</u> Unadjusted Gender Pay Gap,Schleswig-Holstein,code01,13.0
2020,Percentage,<u>Time series of the indicator:</u> Unadjusted Gender Pay Gap,Schleswig-Holstein,code01,13.0
2021,Percentage,<u>Time series of the indicator:</u> Unadjusted Gender Pay Gap,Schleswig-Holstein,code01,12.0
2022,Percentage,<u>Time series of the indicator:</u> Unadjusted Gender Pay Gap,Schleswig-Holstein,code01,12.0
2023,Percentage,<u>Time series of the indicator:</u> Unadjusted Gender Pay Gap,Schleswig-Holstein,code01,12.0
2024,Percentage,<u>Time series of the indicator:</u> Unadjusted Gender Pay Gap,Schleswig-Holstein,code01,11.0
2006,Percentage,<u>Time series of the indicator:</u> Unadjusted Gender Pay Gap,Thuringia,code16,6.0
2007,Percentage,<u>Time series of the indicator:</u> Unadjusted Gender Pay Gap,Thuringia,code16,5.0
2008,Percentage,<u>Time series of the indicator:</u> Unadjusted Gender Pay Gap,Thuringia,code16,5.0
2009,Percentage,<u>Time series of the indicator:</u> Unadjusted Gender Pay Gap,Thuringia,code16,6.0
2010,Percentage,<u>Time series of the indicator:</u> Unadjusted Gender Pay Gap,Thuringia,code16,6.0
2011,Percentage,<u>Time series of the indicator:</u> Unadjusted Gender Pay Gap,Thuringia,code16,7.0
2012,Percentage,<u>Time series of the indicator:</u> Unadjusted Gender Pay Gap,Thuringia,code16,8.0
2013,Percentage,<u>Time series of the indicator:</u> Unadjusted Gender Pay Gap,Thuringia,code16,9.0
2014,Percentage,<u>Time series of the indicator:</u> Unadjusted Gender Pay Gap,Thuringia,code16,8.0
2015,Percentage,<u>Time series of the indicator:</u> Unadjusted Gender Pay Gap,Thuringia,code16,9.0
2016,Percentage,<u>Time series of the indicator:</u> Unadjusted Gender Pay Gap,Thuringia,code16,7.0
2017,Percentage,<u>Time series of the indicator:</u> Unadjusted Gender Pay Gap,Thuringia,code16,6.0
2018,Percentage,<u>Time series of the indicator:</u> Unadjusted Gender Pay Gap,Thuringia,code16,6.0
2019,Percentage,<u>Time series of the indicator:</u> Unadjusted Gender Pay Gap,Thuringia,code16,6.0
2020,Percentage,<u>Time series of the indicator:</u> Unadjusted Gender Pay Gap,Thuringia,code16,5.0
2021,Percentage,<u>Time series of the indicator:</u> Unadjusted Gender Pay Gap,Thuringia,code16,5.0
2022,Percentage,<u>Time series of the indicator:</u> Unadjusted Gender Pay Gap,Thuringia,code16,7.0
2023,Percentage,<u>Time series of the indicator:</u> Unadjusted Gender Pay Gap,Thuringia,code16,7.0
2024,Percentage,<u>Time series of the indicator:</u> Unadjusted Gender Pay Gap,Thuringia,code16,6.0
