Year,Units,Time series,COMMENT_OBS_0,Value
2010,2010 = 100,Raw material input productivity,,100.0
2011,2010 = 100,Raw material input productivity,r,98.0
2012,2010 = 100,Raw material input productivity,,100.0
2013,2010 = 100,Raw material input productivity,,101.0
2014,2010 = 100,Raw material input productivity,r,102.0
2015,2010 = 100,Raw material input productivity,r,106.0
2016,2010 = 100,Raw material input productivity,r,105.0
2017,2010 = 100,Raw material input productivity,r,108.0
2018,2010 = 100,Raw material input productivity,r,109.0
2019,2010 = 100,Raw material input productivity,,111.0
2020,2010 = 100,Raw material input productivity,,111.0
2021,2010 = 100,Raw material input productivity,,116.0
2022,2010 = 100,Raw material input productivity,p,127.0
2030,2010 = 100,Raw material input productivity,…,
2010,2010 = 100,"Raw material input for consumption, investment and exports",,100.0
2011,2010 = 100,"Raw material input for consumption, investment and exports",,107.0
2012,2010 = 100,"Raw material input for consumption, investment and exports",,105.0
2013,2010 = 100,"Raw material input for consumption, investment and exports",,104.0
2014,2010 = 100,"Raw material input for consumption, investment and exports",r,106.0
2015,2010 = 100,"Raw material input for consumption, investment and exports",r,105.0
2016,2010 = 100,"Raw material input for consumption, investment and exports",r,109.0
2017,2010 = 100,"Raw material input for consumption, investment and exports",r,109.0
2018,2010 = 100,"Raw material input for consumption, investment and exports",r,110.0
2019,2010 = 100,"Raw material input for consumption, investment and exports",r,110.0
2020,2010 = 100,"Raw material input for consumption, investment and exports",,104.0
2021,2010 = 100,"Raw material input for consumption, investment and exports",,105.0
2022,2010 = 100,"Raw material input for consumption, investment and exports",p,99.0
2030,2010 = 100,"Raw material input for consumption, investment and exports",…,
2010,2010 = 100,"Value of consumption, investment and exports (price-adjusted)",,100.0
2011,2010 = 100,"Value of consumption, investment and exports (price-adjusted)",,105.0
2012,2010 = 100,"Value of consumption, investment and exports (price-adjusted)",,105.0
2013,2010 = 100,"Value of consumption, investment and exports (price-adjusted)",,106.0
2014,2010 = 100,"Value of consumption, investment and exports (price-adjusted)",,108.0
2015,2010 = 100,"Value of consumption, investment and exports (price-adjusted)",,111.0
2016,2010 = 100,"Value of consumption, investment and exports (price-adjusted)",,114.0
2017,2010 = 100,"Value of consumption, investment and exports (price-adjusted)",,117.0
2018,2010 = 100,"Value of consumption, investment and exports (price-adjusted)",,120.0
2019,2010 = 100,"Value of consumption, investment and exports (price-adjusted)",,122.0
2020,2010 = 100,"Value of consumption, investment and exports (price-adjusted)",,116.0
2021,2010 = 100,"Value of consumption, investment and exports (price-adjusted)",,121.0
2022,2010 = 100,"Value of consumption, investment and exports (price-adjusted)",p,125.0
2030,2010 = 100,"Value of consumption, investment and exports (price-adjusted)",…,
2010,2010 = 100,Raw material consumption and investment,,100.0
2011,2010 = 100,Raw material consumption and investment,,108.0
2012,2010 = 100,Raw material consumption and investment,,105.0
2013,2010 = 100,Raw material consumption and investment,,102.0
2014,2010 = 100,Raw material consumption and investment,,103.0
2015,2010 = 100,Raw material consumption and investment,,100.0
2016,2010 = 100,Raw material consumption and investment,,103.0
2017,2010 = 100,Raw material consumption and investment,,106.0
2018,2010 = 100,Raw material consumption and investment,,107.0
2019,2010 = 100,Raw material consumption and investment,,106.0
2020,2010 = 100,Raw material consumption and investment,,101.0
2021,2010 = 100,Raw material consumption and investment,,104.0
2022,2010 = 100,Raw material consumption and investment,p,100.0
2030,2010 = 100,Raw material consumption and investment,…,
2010,2010 = 100,Raw material consumption for exports,,100.0
2011,2010 = 100,Raw material consumption for exports,,106.0
2012,2010 = 100,Raw material consumption for exports,,104.0
2013,2010 = 100,Raw material consumption for exports,,106.0
2014,2010 = 100,Raw material consumption for exports,,108.0
2015,2010 = 100,Raw material consumption for exports,,109.0
2016,2010 = 100,Raw material consumption for exports,,114.0
2017,2010 = 100,Raw material consumption for exports,,112.0
2018,2010 = 100,Raw material consumption for exports,,114.0
2019,2010 = 100,Raw material consumption for exports,,113.0
2020,2010 = 100,Raw material consumption for exports,,107.0
2021,2010 = 100,Raw material consumption for exports,,105.0
2022,2010 = 100,Raw material consumption for exports,p,97.0
2030,2010 = 100,Raw material consumption for exports,…,
