Year,Units,Zeitreihe,Gebiet,COMMENT_OBS_0,Bundesland,GeoCode,Value
2007,Gini-Koeffizient,<u>Zeitreihe des Indikators:</u> Gini-Koeffizient des verfügbaren Äquivalenzeinkommens,Deutschland,,,,0.304
2008,Gini-Koeffizient,<u>Zeitreihe des Indikators:</u> Gini-Koeffizient des verfügbaren Äquivalenzeinkommens,Deutschland,,,,0.302
2009,Gini-Koeffizient,<u>Zeitreihe des Indikators:</u> Gini-Koeffizient des verfügbaren Äquivalenzeinkommens,Deutschland,,,,0.291
2010,Gini-Koeffizient,<u>Zeitreihe des Indikators:</u> Gini-Koeffizient des verfügbaren Äquivalenzeinkommens,Deutschland,,,,0.293
2011,Gini-Koeffizient,<u>Zeitreihe des Indikators:</u> Gini-Koeffizient des verfügbaren Äquivalenzeinkommens,Deutschland,,,,0.29
2012,Gini-Koeffizient,<u>Zeitreihe des Indikators:</u> Gini-Koeffizient des verfügbaren Äquivalenzeinkommens,Deutschland,,,,0.283
2013,Gini-Koeffizient,<u>Zeitreihe des Indikators:</u> Gini-Koeffizient des verfügbaren Äquivalenzeinkommens,Deutschland,,,,0.297
2014,Gini-Koeffizient,<u>Zeitreihe des Indikators:</u> Gini-Koeffizient des verfügbaren Äquivalenzeinkommens,Deutschland,,,,0.307
2015,Gini-Koeffizient,<u>Zeitreihe des Indikators:</u> Gini-Koeffizient des verfügbaren Äquivalenzeinkommens,Deutschland,,,,0.301
2016,Gini-Koeffizient,<u>Zeitreihe des Indikators:</u> Gini-Koeffizient des verfügbaren Äquivalenzeinkommens,Deutschland,,,,0.295
2017,Gini-Koeffizient,<u>Zeitreihe des Indikators:</u> Gini-Koeffizient des verfügbaren Äquivalenzeinkommens,Deutschland,,,,0.291
2018,Gini-Koeffizient,<u>Zeitreihe des Indikators:</u> Gini-Koeffizient des verfügbaren Äquivalenzeinkommens,Deutschland,,,,0.311
2019,Gini-Koeffizient,<u>Zeitreihe des Indikators:</u> Gini-Koeffizient des verfügbaren Äquivalenzeinkommens,Deutschland,,,,0.297
2020,Gini-Koeffizient,<u>Zeitreihe des Indikators:</u> Gini-Koeffizient des verfügbaren Äquivalenzeinkommens,Deutschland,,,,0.305
2021,Gini-Koeffizient,<u>Zeitreihe des Indikators:</u> Gini-Koeffizient des verfügbaren Äquivalenzeinkommens,Deutschland,p,,,0.312
2022,Gini-Koeffizient,<u>Zeitreihe des Indikators:</u> Gini-Koeffizient des verfügbaren Äquivalenzeinkommens,Deutschland,p,,,0.29
2023,Gini-Koeffizient,<u>Zeitreihe des Indikators:</u> Gini-Koeffizient des verfügbaren Äquivalenzeinkommens,Deutschland,,,,0.294
2024,Gini-Koeffizient,<u>Zeitreihe des Indikators:</u> Gini-Koeffizient des verfügbaren Äquivalenzeinkommens,Deutschland,,,,0.295
2007,Gini-Koeffizient,<u>Zeitreihe des Indikators:</u> Gini-Koeffizient des verfügbaren Äquivalenzeinkommens,Europäische Union,,,,0.306
2008,Gini-Koeffizient,<u>Zeitreihe des Indikators:</u> Gini-Koeffizient des verfügbaren Äquivalenzeinkommens,Europäische Union,,,,0.31
2009,Gini-Koeffizient,<u>Zeitreihe des Indikators:</u> Gini-Koeffizient des verfügbaren Äquivalenzeinkommens,Europäische Union,,,,0.306
2010,Gini-Koeffizient,<u>Zeitreihe des Indikators:</u> Gini-Koeffizient des verfügbaren Äquivalenzeinkommens,Europäische Union,,,,0.305
2011,Gini-Koeffizient,<u>Zeitreihe des Indikators:</u> Gini-Koeffizient des verfügbaren Äquivalenzeinkommens,Europäische Union,,,,0.308
2012,Gini-Koeffizient,<u>Zeitreihe des Indikators:</u> Gini-Koeffizient des verfügbaren Äquivalenzeinkommens,Europäische Union,,,,0.305
2013,Gini-Koeffizient,<u>Zeitreihe des Indikators:</u> Gini-Koeffizient des verfügbaren Äquivalenzeinkommens,Europäische Union,,,,0.305
2014,Gini-Koeffizient,<u>Zeitreihe des Indikators:</u> Gini-Koeffizient des verfügbaren Äquivalenzeinkommens,Europäische Union,,,,0.309
2015,Gini-Koeffizient,<u>Zeitreihe des Indikators:</u> Gini-Koeffizient des verfügbaren Äquivalenzeinkommens,Europäische Union,,,,0.308
2016,Gini-Koeffizient,<u>Zeitreihe des Indikators:</u> Gini-Koeffizient des verfügbaren Äquivalenzeinkommens,Europäische Union,,,,0.306
2017,Gini-Koeffizient,<u>Zeitreihe des Indikators:</u> Gini-Koeffizient des verfügbaren Äquivalenzeinkommens,Europäische Union,,,,0.303
2018,Gini-Koeffizient,<u>Zeitreihe des Indikators:</u> Gini-Koeffizient des verfügbaren Äquivalenzeinkommens,Europäische Union,,,,0.304
2019,Gini-Koeffizient,<u>Zeitreihe des Indikators:</u> Gini-Koeffizient des verfügbaren Äquivalenzeinkommens,Europäische Union,,,,0.302
2020,Gini-Koeffizient,<u>Zeitreihe des Indikators:</u> Gini-Koeffizient des verfügbaren Äquivalenzeinkommens,Europäische Union,,,,0.3
2021,Gini-Koeffizient,<u>Zeitreihe des Indikators:</u> Gini-Koeffizient des verfügbaren Äquivalenzeinkommens,Europäische Union,p,,,0.302
2022,Gini-Koeffizient,<u>Zeitreihe des Indikators:</u> Gini-Koeffizient des verfügbaren Äquivalenzeinkommens,Europäische Union,p,,,0.296
2023,Gini-Koeffizient,<u>Zeitreihe des Indikators:</u> Gini-Koeffizient des verfügbaren Äquivalenzeinkommens,Europäische Union,,,,0.296
2024,Gini-Koeffizient,<u>Zeitreihe des Indikators:</u> Gini-Koeffizient des verfügbaren Äquivalenzeinkommens,Europäische Union,,,,0.293
2007,Gini-Koeffizient,<u>Zusätzliche Zeitreihe:</u> Gini-Koeffizient des verfügbaren Äquivalenzeinkommens vor Sozialleistungen,Deutschland,,,,0.373
2008,Gini-Koeffizient,<u>Zusätzliche Zeitreihe:</u> Gini-Koeffizient des verfügbaren Äquivalenzeinkommens vor Sozialleistungen,Deutschland,,,,0.367
2009,Gini-Koeffizient,<u>Zusätzliche Zeitreihe:</u> Gini-Koeffizient des verfügbaren Äquivalenzeinkommens vor Sozialleistungen,Deutschland,,,,0.355
2010,Gini-Koeffizient,<u>Zusätzliche Zeitreihe:</u> Gini-Koeffizient des verfügbaren Äquivalenzeinkommens vor Sozialleistungen,Deutschland,,,,0.359
2011,Gini-Koeffizient,<u>Zusätzliche Zeitreihe:</u> Gini-Koeffizient des verfügbaren Äquivalenzeinkommens vor Sozialleistungen,Deutschland,,,,0.358
2012,Gini-Koeffizient,<u>Zusätzliche Zeitreihe:</u> Gini-Koeffizient des verfügbaren Äquivalenzeinkommens vor Sozialleistungen,Deutschland,,,,0.345
2013,Gini-Koeffizient,<u>Zusätzliche Zeitreihe:</u> Gini-Koeffizient des verfügbaren Äquivalenzeinkommens vor Sozialleistungen,Deutschland,,,,0.362
2014,Gini-Koeffizient,<u>Zusätzliche Zeitreihe:</u> Gini-Koeffizient des verfügbaren Äquivalenzeinkommens vor Sozialleistungen,Deutschland,,,,0.371
2015,Gini-Koeffizient,<u>Zusätzliche Zeitreihe:</u> Gini-Koeffizient des verfügbaren Äquivalenzeinkommens vor Sozialleistungen,Deutschland,,,,0.363
2016,Gini-Koeffizient,<u>Zusätzliche Zeitreihe:</u> Gini-Koeffizient des verfügbaren Äquivalenzeinkommens vor Sozialleistungen,Deutschland,,,,0.359
2017,Gini-Koeffizient,<u>Zusätzliche Zeitreihe:</u> Gini-Koeffizient des verfügbaren Äquivalenzeinkommens vor Sozialleistungen,Deutschland,,,,0.35
2018,Gini-Koeffizient,<u>Zusätzliche Zeitreihe:</u> Gini-Koeffizient des verfügbaren Äquivalenzeinkommens vor Sozialleistungen,Deutschland,,,,0.366
2019,Gini-Koeffizient,<u>Zusätzliche Zeitreihe:</u> Gini-Koeffizient des verfügbaren Äquivalenzeinkommens vor Sozialleistungen,Deutschland,,,,0.352
2020,Gini-Koeffizient,<u>Zusätzliche Zeitreihe:</u> Gini-Koeffizient des verfügbaren Äquivalenzeinkommens vor Sozialleistungen,Deutschland,,,,0.362
2021,Gini-Koeffizient,<u>Zusätzliche Zeitreihe:</u> Gini-Koeffizient des verfügbaren Äquivalenzeinkommens vor Sozialleistungen,Deutschland,,,,0.381
2022,Gini-Koeffizient,<u>Zusätzliche Zeitreihe:</u> Gini-Koeffizient des verfügbaren Äquivalenzeinkommens vor Sozialleistungen,Deutschland,r,,,0.356
2023,Gini-Koeffizient,<u>Zusätzliche Zeitreihe:</u> Gini-Koeffizient des verfügbaren Äquivalenzeinkommens vor Sozialleistungen,Deutschland,,,,0.358
2024,Gini-Koeffizient,<u>Zusätzliche Zeitreihe:</u> Gini-Koeffizient des verfügbaren Äquivalenzeinkommens vor Sozialleistungen,Deutschland,,,,0.355
2007,Gini-Koeffizient,<u>Zusätzliche Zeitreihe:</u> Gini-Koeffizient des verfügbaren Äquivalenzeinkommens vor Sozialleistungen,Europäische Union,,,,0.361
2008,Gini-Koeffizient,<u>Zusätzliche Zeitreihe:</u> Gini-Koeffizient des verfügbaren Äquivalenzeinkommens vor Sozialleistungen,Europäische Union,,,,0.361
2009,Gini-Koeffizient,<u>Zusätzliche Zeitreihe:</u> Gini-Koeffizient des verfügbaren Äquivalenzeinkommens vor Sozialleistungen,Europäische Union,,,,0.36
2010,Gini-Koeffizient,<u>Zusätzliche Zeitreihe:</u> Gini-Koeffizient des verfügbaren Äquivalenzeinkommens vor Sozialleistungen,Europäische Union,,,,0.363
2011,Gini-Koeffizient,<u>Zusätzliche Zeitreihe:</u> Gini-Koeffizient des verfügbaren Äquivalenzeinkommens vor Sozialleistungen,Europäische Union,,,,0.366
2012,Gini-Koeffizient,<u>Zusätzliche Zeitreihe:</u> Gini-Koeffizient des verfügbaren Äquivalenzeinkommens vor Sozialleistungen,Europäische Union,,,,0.36
2013,Gini-Koeffizient,<u>Zusätzliche Zeitreihe:</u> Gini-Koeffizient des verfügbaren Äquivalenzeinkommens vor Sozialleistungen,Europäische Union,,,,0.363
2014,Gini-Koeffizient,<u>Zusätzliche Zeitreihe:</u> Gini-Koeffizient des verfügbaren Äquivalenzeinkommens vor Sozialleistungen,Europäische Union,,,,0.366
2015,Gini-Koeffizient,<u>Zusätzliche Zeitreihe:</u> Gini-Koeffizient des verfügbaren Äquivalenzeinkommens vor Sozialleistungen,Europäische Union,,,,0.365
2016,Gini-Koeffizient,<u>Zusätzliche Zeitreihe:</u> Gini-Koeffizient des verfügbaren Äquivalenzeinkommens vor Sozialleistungen,Europäische Union,,,,0.362
2017,Gini-Koeffizient,<u>Zusätzliche Zeitreihe:</u> Gini-Koeffizient des verfügbaren Äquivalenzeinkommens vor Sozialleistungen,Europäische Union,,,,0.359
2018,Gini-Koeffizient,<u>Zusätzliche Zeitreihe:</u> Gini-Koeffizient des verfügbaren Äquivalenzeinkommens vor Sozialleistungen,Europäische Union,,,,0.359
2019,Gini-Koeffizient,<u>Zusätzliche Zeitreihe:</u> Gini-Koeffizient des verfügbaren Äquivalenzeinkommens vor Sozialleistungen,Europäische Union,,,,0.355
2020,Gini-Koeffizient,<u>Zusätzliche Zeitreihe:</u> Gini-Koeffizient des verfügbaren Äquivalenzeinkommens vor Sozialleistungen,Europäische Union,,,,0.349
2021,Gini-Koeffizient,<u>Zusätzliche Zeitreihe:</u> Gini-Koeffizient des verfügbaren Äquivalenzeinkommens vor Sozialleistungen,Europäische Union,p,,,0.36
2022,Gini-Koeffizient,<u>Zusätzliche Zeitreihe:</u> Gini-Koeffizient des verfügbaren Äquivalenzeinkommens vor Sozialleistungen,Europäische Union,p,,,0.349
2023,Gini-Koeffizient,<u>Zusätzliche Zeitreihe:</u> Gini-Koeffizient des verfügbaren Äquivalenzeinkommens vor Sozialleistungen,Europäische Union,,,,0.347
2024,Gini-Koeffizient,<u>Zusätzliche Zeitreihe:</u> Gini-Koeffizient des verfügbaren Äquivalenzeinkommens vor Sozialleistungen,Europäische Union,,,,0.344
2007,Gini-Koeffizient,<u>Zusätzliche Zeitreihe:</u> Gini-Koeffizient des Marktequivalenzeinkommens,Deutschland,,,,
2008,Gini-Koeffizient,<u>Zusätzliche Zeitreihe:</u> Gini-Koeffizient des Marktequivalenzeinkommens,Deutschland,,,,
2009,Gini-Koeffizient,<u>Zusätzliche Zeitreihe:</u> Gini-Koeffizient des Marktequivalenzeinkommens,Deutschland,,,,
2010,Gini-Koeffizient,<u>Zusätzliche Zeitreihe:</u> Gini-Koeffizient des Marktequivalenzeinkommens,Deutschland,,,,
2011,Gini-Koeffizient,<u>Zusätzliche Zeitreihe:</u> Gini-Koeffizient des Marktequivalenzeinkommens,Deutschland,,,,
2012,Gini-Koeffizient,<u>Zusätzliche Zeitreihe:</u> Gini-Koeffizient des Marktequivalenzeinkommens,Deutschland,,,,
2013,Gini-Koeffizient,<u>Zusätzliche Zeitreihe:</u> Gini-Koeffizient des Marktequivalenzeinkommens,Deutschland,,,,
2014,Gini-Koeffizient,<u>Zusätzliche Zeitreihe:</u> Gini-Koeffizient des Marktequivalenzeinkommens,Deutschland,,,,
2015,Gini-Koeffizient,<u>Zusätzliche Zeitreihe:</u> Gini-Koeffizient des Marktequivalenzeinkommens,Deutschland,,,,
2016,Gini-Koeffizient,<u>Zusätzliche Zeitreihe:</u> Gini-Koeffizient des Marktequivalenzeinkommens,Deutschland,,,,
2017,Gini-Koeffizient,<u>Zusätzliche Zeitreihe:</u> Gini-Koeffizient des Marktequivalenzeinkommens,Deutschland,,,,
2018,Gini-Koeffizient,<u>Zusätzliche Zeitreihe:</u> Gini-Koeffizient des Marktequivalenzeinkommens,Deutschland,,,,
2019,Gini-Koeffizient,<u>Zusätzliche Zeitreihe:</u> Gini-Koeffizient des Marktequivalenzeinkommens,Deutschland,.,,,
2020,Gini-Koeffizient,<u>Zusätzliche Zeitreihe:</u> Gini-Koeffizient des Marktequivalenzeinkommens,Deutschland,,,,0.409
2021,Gini-Koeffizient,<u>Zusätzliche Zeitreihe:</u> Gini-Koeffizient des Marktequivalenzeinkommens,Deutschland,,,,0.454
2022,Gini-Koeffizient,<u>Zusätzliche Zeitreihe:</u> Gini-Koeffizient des Marktequivalenzeinkommens,Deutschland,,,,0.46
2023,Gini-Koeffizient,<u>Zusätzliche Zeitreihe:</u> Gini-Koeffizient des Marktequivalenzeinkommens,Deutschland,,,,0.461
2024,Gini-Koeffizient,<u>Zusätzliche Zeitreihe:</u> Gini-Koeffizient des Marktequivalenzeinkommens,Deutschland,,,,0.477
2007,Gini-Koeffizient,<u>Zusätzliche Zeitreihe:</u> Gini-Koeffizient des Vermögens,Deutschland,.,,,
2008,Gini-Koeffizient,<u>Zusätzliche Zeitreihe:</u> Gini-Koeffizient des Vermögens,Deutschland,.,,,
2009,Gini-Koeffizient,<u>Zusätzliche Zeitreihe:</u> Gini-Koeffizient des Vermögens,Deutschland,.,,,
2010,Gini-Koeffizient,<u>Zusätzliche Zeitreihe:</u> Gini-Koeffizient des Vermögens,Deutschland,,,,0.758
2011,Gini-Koeffizient,<u>Zusätzliche Zeitreihe:</u> Gini-Koeffizient des Vermögens,Deutschland,.,,,
2012,Gini-Koeffizient,<u>Zusätzliche Zeitreihe:</u> Gini-Koeffizient des Vermögens,Deutschland,.,,,
2013,Gini-Koeffizient,<u>Zusätzliche Zeitreihe:</u> Gini-Koeffizient des Vermögens,Deutschland,.,,,
2014,Gini-Koeffizient,<u>Zusätzliche Zeitreihe:</u> Gini-Koeffizient des Vermögens,Deutschland,,,,0.762
2015,Gini-Koeffizient,<u>Zusätzliche Zeitreihe:</u> Gini-Koeffizient des Vermögens,Deutschland,.,,,
2016,Gini-Koeffizient,<u>Zusätzliche Zeitreihe:</u> Gini-Koeffizient des Vermögens,Deutschland,.,,,
2017,Gini-Koeffizient,<u>Zusätzliche Zeitreihe:</u> Gini-Koeffizient des Vermögens,Deutschland,,,,0.739
2018,Gini-Koeffizient,<u>Zusätzliche Zeitreihe:</u> Gini-Koeffizient des Vermögens,Deutschland,.,,,
2019,Gini-Koeffizient,<u>Zusätzliche Zeitreihe:</u> Gini-Koeffizient des Vermögens,Deutschland,.,,,
2020,Gini-Koeffizient,<u>Zusätzliche Zeitreihe:</u> Gini-Koeffizient des Vermögens,Deutschland,.,,,
2021,Gini-Koeffizient,<u>Zusätzliche Zeitreihe:</u> Gini-Koeffizient des Vermögens,Deutschland,,,,0.728
2022,Gini-Koeffizient,<u>Zusätzliche Zeitreihe:</u> Gini-Koeffizient des Vermögens,Deutschland,…,,,
2023,Gini-Koeffizient,<u>Zusätzliche Zeitreihe:</u> Gini-Koeffizient des Vermögens,Deutschland,…,,,0.724
2024,Gini-Koeffizient,<u>Zusätzliche Zeitreihe:</u> Gini-Koeffizient des Vermögens,Deutschland,…,,,
2007,Gini-Koeffizient,<u>Zusätzliche Zeitreihe:</u> Gini-Koeffizient des Vermögens,Eurozone,.,,,
2008,Gini-Koeffizient,<u>Zusätzliche Zeitreihe:</u> Gini-Koeffizient des Vermögens,Eurozone,.,,,
2009,Gini-Koeffizient,<u>Zusätzliche Zeitreihe:</u> Gini-Koeffizient des Vermögens,Eurozone,.,,,
2010,Gini-Koeffizient,<u>Zusätzliche Zeitreihe:</u> Gini-Koeffizient des Vermögens,Eurozone,,,,0.68
2011,Gini-Koeffizient,<u>Zusätzliche Zeitreihe:</u> Gini-Koeffizient des Vermögens,Eurozone,.,,,
2012,Gini-Koeffizient,<u>Zusätzliche Zeitreihe:</u> Gini-Koeffizient des Vermögens,Eurozone,.,,,
2013,Gini-Koeffizient,<u>Zusätzliche Zeitreihe:</u> Gini-Koeffizient des Vermögens,Eurozone,.,,,
2014,Gini-Koeffizient,<u>Zusätzliche Zeitreihe:</u> Gini-Koeffizient des Vermögens,Eurozone,,,,0.685
2015,Gini-Koeffizient,<u>Zusätzliche Zeitreihe:</u> Gini-Koeffizient des Vermögens,Eurozone,.,,,
2016,Gini-Koeffizient,<u>Zusätzliche Zeitreihe:</u> Gini-Koeffizient des Vermögens,Eurozone,.,,,
2017,Gini-Koeffizient,<u>Zusätzliche Zeitreihe:</u> Gini-Koeffizient des Vermögens,Eurozone,,,,0.695
2018,Gini-Koeffizient,<u>Zusätzliche Zeitreihe:</u> Gini-Koeffizient des Vermögens,Eurozone,.,,,
2019,Gini-Koeffizient,<u>Zusätzliche Zeitreihe:</u> Gini-Koeffizient des Vermögens,Eurozone,.,,,
2020,Gini-Koeffizient,<u>Zusätzliche Zeitreihe:</u> Gini-Koeffizient des Vermögens,Eurozone,.,,,
2021,Gini-Koeffizient,<u>Zusätzliche Zeitreihe:</u> Gini-Koeffizient des Vermögens,Eurozone,,,,0.694
2022,Gini-Koeffizient,<u>Zusätzliche Zeitreihe:</u> Gini-Koeffizient des Vermögens,Eurozone,…,,,
2023,Gini-Koeffizient,<u>Zusätzliche Zeitreihe:</u> Gini-Koeffizient des Vermögens,Eurozone,…,,,
2024,Gini-Koeffizient,<u>Zusätzliche Zeitreihe:</u> Gini-Koeffizient des Vermögens,Eurozone,…,,,
2020,Gini-Koeffizient,<u>Zusätzliche Zeitreihe:</u> Gini-Koeffizient des verfügbaren Äquivalenzeinkommens vor Sozialleistungen,,,Baden-Württemberg,code08,0.29
2021,Gini-Koeffizient,<u>Zusätzliche Zeitreihe:</u> Gini-Koeffizient des verfügbaren Äquivalenzeinkommens vor Sozialleistungen,,,Baden-Württemberg,code08,0.29
2022,Gini-Koeffizient,<u>Zusätzliche Zeitreihe:</u> Gini-Koeffizient des verfügbaren Äquivalenzeinkommens vor Sozialleistungen,,,Baden-Württemberg,code08,0.29
2023,Gini-Koeffizient,<u>Zusätzliche Zeitreihe:</u> Gini-Koeffizient des verfügbaren Äquivalenzeinkommens vor Sozialleistungen,,,Baden-Württemberg,code08,0.29
2020,Gini-Koeffizient,<u>Zusätzliche Zeitreihe:</u> Gini-Koeffizient des verfügbaren Äquivalenzeinkommens vor Sozialleistungen,,,Bayern,code09,0.29
2021,Gini-Koeffizient,<u>Zusätzliche Zeitreihe:</u> Gini-Koeffizient des verfügbaren Äquivalenzeinkommens vor Sozialleistungen,,,Bayern,code09,0.3
2022,Gini-Koeffizient,<u>Zusätzliche Zeitreihe:</u> Gini-Koeffizient des verfügbaren Äquivalenzeinkommens vor Sozialleistungen,,,Bayern,code09,0.3
2023,Gini-Koeffizient,<u>Zusätzliche Zeitreihe:</u> Gini-Koeffizient des verfügbaren Äquivalenzeinkommens vor Sozialleistungen,,,Bayern,code09,0.3
2020,Gini-Koeffizient,<u>Zusätzliche Zeitreihe:</u> Gini-Koeffizient des verfügbaren Äquivalenzeinkommens vor Sozialleistungen,,,Berlin,code11,0.32
2021,Gini-Koeffizient,<u>Zusätzliche Zeitreihe:</u> Gini-Koeffizient des verfügbaren Äquivalenzeinkommens vor Sozialleistungen,,,Berlin,code11,0.32
2022,Gini-Koeffizient,<u>Zusätzliche Zeitreihe:</u> Gini-Koeffizient des verfügbaren Äquivalenzeinkommens vor Sozialleistungen,,,Berlin,code11,0.31
2023,Gini-Koeffizient,<u>Zusätzliche Zeitreihe:</u> Gini-Koeffizient des verfügbaren Äquivalenzeinkommens vor Sozialleistungen,,,Berlin,code11,0.32
2020,Gini-Koeffizient,<u>Zusätzliche Zeitreihe:</u> Gini-Koeffizient des verfügbaren Äquivalenzeinkommens vor Sozialleistungen,,,Brandenburg,code12,0.28
2021,Gini-Koeffizient,<u>Zusätzliche Zeitreihe:</u> Gini-Koeffizient des verfügbaren Äquivalenzeinkommens vor Sozialleistungen,,,Brandenburg,code12,0.28
2022,Gini-Koeffizient,<u>Zusätzliche Zeitreihe:</u> Gini-Koeffizient des verfügbaren Äquivalenzeinkommens vor Sozialleistungen,,,Brandenburg,code12,0.27
2023,Gini-Koeffizient,<u>Zusätzliche Zeitreihe:</u> Gini-Koeffizient des verfügbaren Äquivalenzeinkommens vor Sozialleistungen,,,Brandenburg,code12,0.27
2020,Gini-Koeffizient,<u>Zusätzliche Zeitreihe:</u> Gini-Koeffizient des verfügbaren Äquivalenzeinkommens vor Sozialleistungen,,,Bremen,code04,0.32
2021,Gini-Koeffizient,<u>Zusätzliche Zeitreihe:</u> Gini-Koeffizient des verfügbaren Äquivalenzeinkommens vor Sozialleistungen,,,Bremen,code04,0.33
2022,Gini-Koeffizient,<u>Zusätzliche Zeitreihe:</u> Gini-Koeffizient des verfügbaren Äquivalenzeinkommens vor Sozialleistungen,,,Bremen,code04,0.31
2023,Gini-Koeffizient,<u>Zusätzliche Zeitreihe:</u> Gini-Koeffizient des verfügbaren Äquivalenzeinkommens vor Sozialleistungen,,,Bremen,code04,0.31
2020,Gini-Koeffizient,<u>Zusätzliche Zeitreihe:</u> Gini-Koeffizient des verfügbaren Äquivalenzeinkommens vor Sozialleistungen,,,Hamburg,code02,0.31
2021,Gini-Koeffizient,<u>Zusätzliche Zeitreihe:</u> Gini-Koeffizient des verfügbaren Äquivalenzeinkommens vor Sozialleistungen,,,Hamburg,code02,0.33
2022,Gini-Koeffizient,<u>Zusätzliche Zeitreihe:</u> Gini-Koeffizient des verfügbaren Äquivalenzeinkommens vor Sozialleistungen,,,Hamburg,code02,0.33
2023,Gini-Koeffizient,<u>Zusätzliche Zeitreihe:</u> Gini-Koeffizient des verfügbaren Äquivalenzeinkommens vor Sozialleistungen,,,Hamburg,code02,0.32
2020,Gini-Koeffizient,<u>Zusätzliche Zeitreihe:</u> Gini-Koeffizient des verfügbaren Äquivalenzeinkommens vor Sozialleistungen,,,Hessen,code06,0.32
2021,Gini-Koeffizient,<u>Zusätzliche Zeitreihe:</u> Gini-Koeffizient des verfügbaren Äquivalenzeinkommens vor Sozialleistungen,,,Hessen,code06,0.32
2022,Gini-Koeffizient,<u>Zusätzliche Zeitreihe:</u> Gini-Koeffizient des verfügbaren Äquivalenzeinkommens vor Sozialleistungen,,,Hessen,code06,0.31
2023,Gini-Koeffizient,<u>Zusätzliche Zeitreihe:</u> Gini-Koeffizient des verfügbaren Äquivalenzeinkommens vor Sozialleistungen,,,Hessen,code06,0.32
2020,Gini-Koeffizient,<u>Zusätzliche Zeitreihe:</u> Gini-Koeffizient des verfügbaren Äquivalenzeinkommens vor Sozialleistungen,,,Mecklenburg-Vorpommern,code13,0.26
2021,Gini-Koeffizient,<u>Zusätzliche Zeitreihe:</u> Gini-Koeffizient des verfügbaren Äquivalenzeinkommens vor Sozialleistungen,,,Mecklenburg-Vorpommern,code13,0.25
2022,Gini-Koeffizient,<u>Zusätzliche Zeitreihe:</u> Gini-Koeffizient des verfügbaren Äquivalenzeinkommens vor Sozialleistungen,,,Mecklenburg-Vorpommern,code13,0.25
2023,Gini-Koeffizient,<u>Zusätzliche Zeitreihe:</u> Gini-Koeffizient des verfügbaren Äquivalenzeinkommens vor Sozialleistungen,,,Mecklenburg-Vorpommern,code13,0.26
2020,Gini-Koeffizient,<u>Zusätzliche Zeitreihe:</u> Gini-Koeffizient des verfügbaren Äquivalenzeinkommens vor Sozialleistungen,,,Niedersachsen,code03,0.29
2021,Gini-Koeffizient,<u>Zusätzliche Zeitreihe:</u> Gini-Koeffizient des verfügbaren Äquivalenzeinkommens vor Sozialleistungen,,,Niedersachsen,code03,0.3
2022,Gini-Koeffizient,<u>Zusätzliche Zeitreihe:</u> Gini-Koeffizient des verfügbaren Äquivalenzeinkommens vor Sozialleistungen,,,Niedersachsen,code03,0.3
2023,Gini-Koeffizient,<u>Zusätzliche Zeitreihe:</u> Gini-Koeffizient des verfügbaren Äquivalenzeinkommens vor Sozialleistungen,,,Niedersachsen,code03,0.29
2020,Gini-Koeffizient,<u>Zusätzliche Zeitreihe:</u> Gini-Koeffizient des verfügbaren Äquivalenzeinkommens vor Sozialleistungen,,,Nordrhein-Westfalen,code05,0.3
2021,Gini-Koeffizient,<u>Zusätzliche Zeitreihe:</u> Gini-Koeffizient des verfügbaren Äquivalenzeinkommens vor Sozialleistungen,,,Nordrhein-Westfalen,code05,0.32
2022,Gini-Koeffizient,<u>Zusätzliche Zeitreihe:</u> Gini-Koeffizient des verfügbaren Äquivalenzeinkommens vor Sozialleistungen,,,Nordrhein-Westfalen,code05,0.32
2023,Gini-Koeffizient,<u>Zusätzliche Zeitreihe:</u> Gini-Koeffizient des verfügbaren Äquivalenzeinkommens vor Sozialleistungen,,,Nordrhein-Westfalen,code05,0.31
2020,Gini-Koeffizient,<u>Zusätzliche Zeitreihe:</u> Gini-Koeffizient des verfügbaren Äquivalenzeinkommens vor Sozialleistungen,,,Rheinland-Pfalz,code07,0.29
2021,Gini-Koeffizient,<u>Zusätzliche Zeitreihe:</u> Gini-Koeffizient des verfügbaren Äquivalenzeinkommens vor Sozialleistungen,,,Rheinland-Pfalz,code07,0.29
2022,Gini-Koeffizient,<u>Zusätzliche Zeitreihe:</u> Gini-Koeffizient des verfügbaren Äquivalenzeinkommens vor Sozialleistungen,,,Rheinland-Pfalz,code07,0.3
2023,Gini-Koeffizient,<u>Zusätzliche Zeitreihe:</u> Gini-Koeffizient des verfügbaren Äquivalenzeinkommens vor Sozialleistungen,,,Rheinland-Pfalz,code07,0.29
2020,Gini-Koeffizient,<u>Zusätzliche Zeitreihe:</u> Gini-Koeffizient des verfügbaren Äquivalenzeinkommens vor Sozialleistungen,,,Saarland,code10,0.28
2021,Gini-Koeffizient,<u>Zusätzliche Zeitreihe:</u> Gini-Koeffizient des verfügbaren Äquivalenzeinkommens vor Sozialleistungen,,,Saarland,code10,0.29
2022,Gini-Koeffizient,<u>Zusätzliche Zeitreihe:</u> Gini-Koeffizient des verfügbaren Äquivalenzeinkommens vor Sozialleistungen,,,Saarland,code10,0.29
2023,Gini-Koeffizient,<u>Zusätzliche Zeitreihe:</u> Gini-Koeffizient des verfügbaren Äquivalenzeinkommens vor Sozialleistungen,,,Saarland,code10,0.29
2020,Gini-Koeffizient,<u>Zusätzliche Zeitreihe:</u> Gini-Koeffizient des verfügbaren Äquivalenzeinkommens vor Sozialleistungen,,,Sachsen,code14,0.25
2021,Gini-Koeffizient,<u>Zusätzliche Zeitreihe:</u> Gini-Koeffizient des verfügbaren Äquivalenzeinkommens vor Sozialleistungen,,,Sachsen,code14,0.26
2022,Gini-Koeffizient,<u>Zusätzliche Zeitreihe:</u> Gini-Koeffizient des verfügbaren Äquivalenzeinkommens vor Sozialleistungen,,,Sachsen,code14,0.25
2023,Gini-Koeffizient,<u>Zusätzliche Zeitreihe:</u> Gini-Koeffizient des verfügbaren Äquivalenzeinkommens vor Sozialleistungen,,,Sachsen,code14,0.25
2020,Gini-Koeffizient,<u>Zusätzliche Zeitreihe:</u> Gini-Koeffizient des verfügbaren Äquivalenzeinkommens vor Sozialleistungen,,,Sachsen-Anhalt,code15,0.26
2021,Gini-Koeffizient,<u>Zusätzliche Zeitreihe:</u> Gini-Koeffizient des verfügbaren Äquivalenzeinkommens vor Sozialleistungen,,,Sachsen-Anhalt,code15,0.26
2022,Gini-Koeffizient,<u>Zusätzliche Zeitreihe:</u> Gini-Koeffizient des verfügbaren Äquivalenzeinkommens vor Sozialleistungen,,,Sachsen-Anhalt,code15,0.26
2023,Gini-Koeffizient,<u>Zusätzliche Zeitreihe:</u> Gini-Koeffizient des verfügbaren Äquivalenzeinkommens vor Sozialleistungen,,,Sachsen-Anhalt,code15,0.26
2020,Gini-Koeffizient,<u>Zusätzliche Zeitreihe:</u> Gini-Koeffizient des verfügbaren Äquivalenzeinkommens vor Sozialleistungen,,,Schleswig-Holstein,code01,0.29
2021,Gini-Koeffizient,<u>Zusätzliche Zeitreihe:</u> Gini-Koeffizient des verfügbaren Äquivalenzeinkommens vor Sozialleistungen,,,Schleswig-Holstein,code01,0.29
2022,Gini-Koeffizient,<u>Zusätzliche Zeitreihe:</u> Gini-Koeffizient des verfügbaren Äquivalenzeinkommens vor Sozialleistungen,,,Schleswig-Holstein,code01,0.3
2023,Gini-Koeffizient,<u>Zusätzliche Zeitreihe:</u> Gini-Koeffizient des verfügbaren Äquivalenzeinkommens vor Sozialleistungen,,,Schleswig-Holstein,code01,0.3
2020,Gini-Koeffizient,<u>Zusätzliche Zeitreihe:</u> Gini-Koeffizient des verfügbaren Äquivalenzeinkommens vor Sozialleistungen,,,Thüringen,code16,0.25
2021,Gini-Koeffizient,<u>Zusätzliche Zeitreihe:</u> Gini-Koeffizient des verfügbaren Äquivalenzeinkommens vor Sozialleistungen,,,Thüringen,code16,0.26
2022,Gini-Koeffizient,<u>Zusätzliche Zeitreihe:</u> Gini-Koeffizient des verfügbaren Äquivalenzeinkommens vor Sozialleistungen,,,Thüringen,code16,0.25
2023,Gini-Koeffizient,<u>Zusätzliche Zeitreihe:</u> Gini-Koeffizient des verfügbaren Äquivalenzeinkommens vor Sozialleistungen,,,Thüringen,code16,0.25
