Year,Units,COMMENT_OBS_0,Verstädterungsgrad,Bundesland,GeoCode,Value
2000,2000 = 100,,,,,100.0
2001,2000 = 100,,,,,99.177
2002,2000 = 100,,,,,98.269
2003,2000 = 100,,,,,97.261
2004,2000 = 100,,,,,96.24
2005,2000 = 100,,,,,95.29
2006,2000 = 100,,,,,94.287
2007,2000 = 100,,,,,93.328
2008,2000 = 100,,,,,92.246
2009,2000 = 100,,,,,91.382
2010,2000 = 100,,,,,90.705
2011,2000 = 100,,,,,90.013
2012,2000 = 100,,,,,89.792
2013,2000 = 100,,,,,89.64
2014,2000 = 100,,,,,89.571
2015,2000 = 100,,,,,90.332
2016,2000 = 100,|,,,,90.394
2017,2000 = 100,,,,,90.232
2018,2000 = 100,,,,,89.909
2019,2000 = 100,,,,,89.773
2020,2000 = 100,,,,,89.379
2021,2000 = 100,,,,,89.095
2022,2000 = 100,,,,,90.014
2023,2000 = 100,,,,,89.945
2000,2000 = 100,,Nicht-ländliche Gebiete,,,100.0
2001,2000 = 100,,Nicht-ländliche Gebiete,,,99.601
2002,2000 = 100,,Nicht-ländliche Gebiete,,,99.098
2003,2000 = 100,,Nicht-ländliche Gebiete,,,98.523
2004,2000 = 100,,Nicht-ländliche Gebiete,,,97.906
2005,2000 = 100,,Nicht-ländliche Gebiete,,,97.438
2006,2000 = 100,,Nicht-ländliche Gebiete,,,96.994
2007,2000 = 100,,Nicht-ländliche Gebiete,,,96.568
2008,2000 = 100,,Nicht-ländliche Gebiete,,,95.999
2009,2000 = 100,,Nicht-ländliche Gebiete,,,95.565
2010,2000 = 100,,Nicht-ländliche Gebiete,,,95.343
2011,2000 = 100,,Nicht-ländliche Gebiete,,,94.924
2012,2000 = 100,,Nicht-ländliche Gebiete,,,95.28
2013,2000 = 100,,Nicht-ländliche Gebiete,,,95.617
2014,2000 = 100,,Nicht-ländliche Gebiete,,,96.139
2015,2000 = 100,,Nicht-ländliche Gebiete,,,97.237
2016,2000 = 100,|,Nicht-ländliche Gebiete,,,97.608
2017,2000 = 100,,Nicht-ländliche Gebiete,,,97.778
2018,2000 = 100,,Nicht-ländliche Gebiete,,,98.004
2019,2000 = 100,,Nicht-ländliche Gebiete,,,98.089
2020,2000 = 100,,Nicht-ländliche Gebiete,,,97.807
2021,2000 = 100,,Nicht-ländliche Gebiete,,,97.635
2022,2000 = 100,,Nicht-ländliche Gebiete,,,98.895
2023,2000 = 100,,Nicht-ländliche Gebiete,,,99.181
2000,2000 = 100,,Ländliche Gebiete,,,100.0
2001,2000 = 100,,Ländliche Gebiete,,,99.014
2002,2000 = 100,,Ländliche Gebiete,,,97.954
2003,2000 = 100,,Ländliche Gebiete,,,96.77
2004,2000 = 100,,Ländliche Gebiete,,,95.592
2005,2000 = 100,,Ländliche Gebiete,,,94.407
2006,2000 = 100,,Ländliche Gebiete,,,93.113
2007,2000 = 100,,Ländliche Gebiete,,,91.882
2008,2000 = 100,,Ländliche Gebiete,,,90.54
2009,2000 = 100,,Ländliche Gebiete,,,89.455
2010,2000 = 100,,Ländliche Gebiete,,,88.513
2011,2000 = 100,,Ländliche Gebiete,,,87.811
2012,2000 = 100,,Ländliche Gebiete,,,87.26
2013,2000 = 100,,Ländliche Gebiete,,,86.833
2014,2000 = 100,,Ländliche Gebiete,,,86.495
2015,2000 = 100,,Ländliche Gebiete,,,87.056
2016,2000 = 100,|,Ländliche Gebiete,,,86.927
2017,2000 = 100,,Ländliche Gebiete,,,86.613
2018,2000 = 100,,Ländliche Gebiete,,,86.099
2019,2000 = 100,,Ländliche Gebiete,,,85.87
2020,2000 = 100,,Ländliche Gebiete,,,85.506
2021,2000 = 100,,Ländliche Gebiete,,,85.242
2022,2000 = 100,,Ländliche Gebiete,,,86.022
2023,2000 = 100,,Ländliche Gebiete,,,85.837
2000,2000 = 100,,,Baden-Württemberg,code08,100.0
2001,2000 = 100,,,Baden-Württemberg,code08,99.699
2002,2000 = 100,,,Baden-Württemberg,code08,99.336
2003,2000 = 100,,,Baden-Württemberg,code08,98.73
2004,2000 = 100,,,Baden-Württemberg,code08,98.196
2005,2000 = 100,,,Baden-Württemberg,code08,97.609
2006,2000 = 100,,,Baden-Württemberg,code08,96.852
2007,2000 = 100,,,Baden-Württemberg,code08,96.098
2008,2000 = 100,,,Baden-Württemberg,code08,95.401
2009,2000 = 100,,,Baden-Württemberg,code08,94.753
2010,2000 = 100,,,Baden-Württemberg,code08,94.268
2011,2000 = 100,,,Baden-Württemberg,code08,96.307
2012,2000 = 100,,,Baden-Württemberg,code08,93.702
2013,2000 = 100,,,Baden-Württemberg,code08,93.839
2014,2000 = 100,,,Baden-Württemberg,code08,94.042
2015,2000 = 100,,,Baden-Württemberg,code08,94.448
2016,2000 = 100,|,,Baden-Württemberg,code08,95.6
2017,2000 = 100,,,Baden-Württemberg,code08,95.705
2018,2000 = 100,,,Baden-Württemberg,code08,96.025
2019,2000 = 100,,,Baden-Württemberg,code08,96.106
2020,2000 = 100,,,Baden-Württemberg,code08,96.01
2021,2000 = 100,,,Baden-Württemberg,code08,95.619
2022,2000 = 100,,,Baden-Württemberg,code08,95.503
2023,2000 = 100,…,,Baden-Württemberg,code08,
2000,2000 = 100,,,Bayern,code09,100.0
2001,2000 = 100,,,Bayern,code09,99.681
2002,2000 = 100,,,Bayern,code09,99.206
2003,2000 = 100,,,Bayern,code09,98.622
2004,2000 = 100,,,Bayern,code09,98.002
2005,2000 = 100,,,Bayern,code09,97.402
2006,2000 = 100,,,Bayern,code09,96.59
2007,2000 = 100,,,Bayern,code09,96.018
2008,2000 = 100,,,Bayern,code09,95.224
2009,2000 = 100,,,Bayern,code09,94.377
2010,2000 = 100,,,Bayern,code09,93.64
2011,2000 = 100,,,Bayern,code09,92.196
2012,2000 = 100,,,Bayern,code09,91.008
2013,2000 = 100,,,Bayern,code09,91.059
2014,2000 = 100,,,Bayern,code09,91.247
2015,2000 = 100,,,Bayern,code09,91.354
2016,2000 = 100,|,,Bayern,code09,92.071
2017,2000 = 100,,,Bayern,code09,92.23
2018,2000 = 100,,,Bayern,code09,92.307
2019,2000 = 100,,,Bayern,code09,92.443
2020,2000 = 100,,,Bayern,code09,92.325
2021,2000 = 100,,,Bayern,code09,92.031
2022,2000 = 100,,,Bayern,code09,92.013
2023,2000 = 100,…,,Bayern,code09,
2000,2000 = 100,,,Berlin,code11,100.0
2001,2000 = 100,,,Berlin,code11,99.584
2002,2000 = 100,,,Berlin,code11,99.266
2003,2000 = 100,,,Berlin,code11,98.716
2004,2000 = 100,,,Berlin,code11,98.429
2005,2000 = 100,,,Berlin,code11,98.072
2006,2000 = 100,,,Berlin,code11,98.074
2007,2000 = 100,,,Berlin,code11,97.845
2008,2000 = 100,,,Berlin,code11,98.027
2009,2000 = 100,,,Berlin,code11,97.595
2010,2000 = 100,,,Berlin,code11,97.686
2011,2000 = 100,,,Berlin,code11,103.121
2012,2000 = 100,,,Berlin,code11,99.424
2013,2000 = 100,,,Berlin,code11,100.734
2014,2000 = 100,,,Berlin,code11,102.125
2015,2000 = 100,,,Berlin,code11,103.558
2016,2000 = 100,|,,Berlin,code11,104.853
2017,2000 = 100,,,Berlin,code11,106.321
2018,2000 = 100,,,Berlin,code11,107.401
2019,2000 = 100,,,Berlin,code11,108.297
2020,2000 = 100,,,Berlin,code11,109.004
2021,2000 = 100,,,Berlin,code11,108.832
2022,2000 = 100,,,Berlin,code11,109.21
2023,2000 = 100,…,,Berlin,code11,
2000,2000 = 100,,,Brandenburg,code12,100.0
2001,2000 = 100,,,Brandenburg,code12,98.188
2002,2000 = 100,,,Brandenburg,code12,96.516
2003,2000 = 100,,,Brandenburg,code12,94.992
2004,2000 = 100,,,Brandenburg,code12,93.69
2005,2000 = 100,,,Brandenburg,code12,91.864
2006,2000 = 100,,,Brandenburg,code12,90.282
2007,2000 = 100,,,Brandenburg,code12,88.928
2008,2000 = 100,,,Brandenburg,code12,87.0
2009,2000 = 100,,,Brandenburg,code12,85.747
2010,2000 = 100,,,Brandenburg,code12,84.862
2011,2000 = 100,,,Brandenburg,code12,85.931
2012,2000 = 100,,,Brandenburg,code12,83.812
2013,2000 = 100,,,Brandenburg,code12,82.454
2014,2000 = 100,,,Brandenburg,code12,82.118
2015,2000 = 100,,,Brandenburg,code12,82.203
2016,2000 = 100,|,,Brandenburg,code12,82.793
2017,2000 = 100,,,Brandenburg,code12,83.06
2018,2000 = 100,,,Brandenburg,code12,83.199
2019,2000 = 100,,,Brandenburg,code12,83.404
2020,2000 = 100,,,Brandenburg,code12,82.902
2021,2000 = 100,,,Brandenburg,code12,82.525
2022,2000 = 100,,,Brandenburg,code12,82.123
2023,2000 = 100,…,,Brandenburg,code12,
2000,2000 = 100,,,Bremen,code04,100.0
2001,2000 = 100,,,Bremen,code04,99.404
2002,2000 = 100,,,Bremen,code04,99.705
2003,2000 = 100,,,Bremen,code04,99.354
2004,2000 = 100,,,Bremen,code04,99.297
2005,2000 = 100,,,Bremen,code04,98.835
2006,2000 = 100,,,Bremen,code04,98.845
2007,2000 = 100,,,Bremen,code04,97.788
2008,2000 = 100,,,Bremen,code04,97.536
2009,2000 = 100,,,Bremen,code04,97.441
2010,2000 = 100,,,Bremen,code04,96.8
2011,2000 = 100,,,Bremen,code04,97.751
2012,2000 = 100,,,Bremen,code04,95.669
2013,2000 = 100,,,Bremen,code04,96.049
2014,2000 = 100,,,Bremen,code04,96.024
2015,2000 = 100,,,Bremen,code04,96.681
2016,2000 = 100,|,,Bremen,code04,97.69
2017,2000 = 100,,,Bremen,code04,98.631
2018,2000 = 100,,,Bremen,code04,99.108
2019,2000 = 100,,,Bremen,code04,99.325
2020,2000 = 100,,,Bremen,code04,98.907
2021,2000 = 100,,,Bremen,code04,98.673
2022,2000 = 100,,,Bremen,code04,97.758
2023,2000 = 100,…,,Bremen,code04,
2000,2000 = 100,,,Hamburg,code02,100.0
2001,2000 = 100,,,Hamburg,code02,100.416
2002,2000 = 100,,,Hamburg,code02,99.394
2003,2000 = 100,,,Hamburg,code02,98.788
2004,2000 = 100,,,Hamburg,code02,97.681
2005,2000 = 100,,,Hamburg,code02,97.078
2006,2000 = 100,,,Hamburg,code02,97.018
2007,2000 = 100,,,Hamburg,code02,97.52
2008,2000 = 100,,,Hamburg,code02,97.365
2009,2000 = 100,,,Hamburg,code02,97.029
2010,2000 = 100,,,Hamburg,code02,97.269
2011,2000 = 100,,,Hamburg,code02,101.874
2012,2000 = 100,,,Hamburg,code02,97.765
2013,2000 = 100,,,Hamburg,code02,98.245
2014,2000 = 100,,,Hamburg,code02,99.587
2015,2000 = 100,,,Hamburg,code02,101.198
2016,2000 = 100,|,,Hamburg,code02,103.338
2017,2000 = 100,,,Hamburg,code02,104.573
2018,2000 = 100,,,Hamburg,code02,105.808
2019,2000 = 100,,,Hamburg,code02,106.473
2020,2000 = 100,,,Hamburg,code02,106.851
2021,2000 = 100,,,Hamburg,code02,107.293
2022,2000 = 100,,,Hamburg,code02,107.993
2023,2000 = 100,…,,Hamburg,code02,
2000,2000 = 100,,,Hessen,code06,100.0
2001,2000 = 100,,,Hessen,code06,99.761
2002,2000 = 100,,,Hessen,code06,99.375
2003,2000 = 100,,,Hessen,code06,98.793
2004,2000 = 100,,,Hessen,code06,98.345
2005,2000 = 100,,,Hessen,code06,97.783
2006,2000 = 100,,,Hessen,code06,97.067
2007,2000 = 100,,,Hessen,code06,96.466
2008,2000 = 100,,,Hessen,code06,95.941
2009,2000 = 100,,,Hessen,code06,95.437
2010,2000 = 100,,,Hessen,code06,95.034
2011,2000 = 100,,,Hessen,code06,96.47
2012,2000 = 100,,,Hessen,code06,94.9
2013,2000 = 100,,,Hessen,code06,95.029
2014,2000 = 100,,,Hessen,code06,95.112
2015,2000 = 100,,,Hessen,code06,95.615
2016,2000 = 100,|,,Hessen,code06,96.376
2017,2000 = 100,,,Hessen,code06,96.558
2018,2000 = 100,,,Hessen,code06,96.73
2019,2000 = 100,,,Hessen,code06,96.82
2020,2000 = 100,,,Hessen,code06,97.007
2021,2000 = 100,,,Hessen,code06,96.941
2022,2000 = 100,,,Hessen,code06,97.267
2023,2000 = 100,…,,Hessen,code06,
2000,2000 = 100,,,Mecklenburg-Vorpommern,code13,100.0
2001,2000 = 100,,,Mecklenburg-Vorpommern,code13,97.322
2002,2000 = 100,,,Mecklenburg-Vorpommern,code13,94.061
2003,2000 = 100,,,Mecklenburg-Vorpommern,code13,91.441
2004,2000 = 100,,,Mecklenburg-Vorpommern,code13,89.125
2005,2000 = 100,,,Mecklenburg-Vorpommern,code13,87.158
2006,2000 = 100,,,Mecklenburg-Vorpommern,code13,85.042
2007,2000 = 100,,,Mecklenburg-Vorpommern,code13,83.101
2008,2000 = 100,,,Mecklenburg-Vorpommern,code13,80.47
2009,2000 = 100,,,Mecklenburg-Vorpommern,code13,78.53
2010,2000 = 100,,,Mecklenburg-Vorpommern,code13,76.936
2011,2000 = 100,,,Mecklenburg-Vorpommern,code13,77.826
2012,2000 = 100,,,Mecklenburg-Vorpommern,code13,75.699
2013,2000 = 100,,,Mecklenburg-Vorpommern,code13,75.068
2014,2000 = 100,,,Mecklenburg-Vorpommern,code13,73.982
2015,2000 = 100,,,Mecklenburg-Vorpommern,code13,73.987
2016,2000 = 100,|,,Mecklenburg-Vorpommern,code13,72.134
2017,2000 = 100,,,Mecklenburg-Vorpommern,code13,73.135
2018,2000 = 100,,,Mecklenburg-Vorpommern,code13,73.085
2019,2000 = 100,,,Mecklenburg-Vorpommern,code13,73.087
2020,2000 = 100,,,Mecklenburg-Vorpommern,code13,72.882
2021,2000 = 100,,,Mecklenburg-Vorpommern,code13,72.81
2022,2000 = 100,,,Mecklenburg-Vorpommern,code13,72.71
2023,2000 = 100,…,,Mecklenburg-Vorpommern,code13,
2000,2000 = 100,,,Niedersachsen,code03,100.0
2001,2000 = 100,,,Niedersachsen,code03,99.372
2002,2000 = 100,,,Niedersachsen,code03,98.874
2003,2000 = 100,,,Niedersachsen,code03,98.204
2004,2000 = 100,,,Niedersachsen,code03,97.152
2005,2000 = 100,,,Niedersachsen,code03,96.201
2006,2000 = 100,,,Niedersachsen,code03,95.388
2007,2000 = 100,,,Niedersachsen,code03,94.617
2008,2000 = 100,,,Niedersachsen,code03,93.649
2009,2000 = 100,,,Niedersachsen,code03,92.909
2010,2000 = 100,,,Niedersachsen,code03,92.299
2011,2000 = 100,,,Niedersachsen,code03,93.176
2012,2000 = 100,,,Niedersachsen,code03,90.978
2013,2000 = 100,,,Niedersachsen,code03,90.564
2014,2000 = 100,,,Niedersachsen,code03,90.178
2015,2000 = 100,,,Niedersachsen,code03,90.135
2016,2000 = 100,|,,Niedersachsen,code03,91.243
2017,2000 = 100,,,Niedersachsen,code03,91.136
2018,2000 = 100,,,Niedersachsen,code03,90.981
2019,2000 = 100,,,Niedersachsen,code03,90.918
2020,2000 = 100,,,Niedersachsen,code03,90.708
2021,2000 = 100,,,Niedersachsen,code03,90.545
2022,2000 = 100,,,Niedersachsen,code03,90.547
2023,2000 = 100,…,,Niedersachsen,code03,
2000,2000 = 100,,,Nordrhein-Westfalen,code05,100.0
2001,2000 = 100,,,Nordrhein-Westfalen,code05,99.32
2002,2000 = 100,,,Nordrhein-Westfalen,code05,98.58
2003,2000 = 100,,,Nordrhein-Westfalen,code05,98.075
2004,2000 = 100,,,Nordrhein-Westfalen,code05,97.015
2005,2000 = 100,,,Nordrhein-Westfalen,code05,96.219
2006,2000 = 100,,,Nordrhein-Westfalen,code05,95.306
2007,2000 = 100,,,Nordrhein-Westfalen,code05,94.413
2008,2000 = 100,,,Nordrhein-Westfalen,code05,93.315
2009,2000 = 100,,,Nordrhein-Westfalen,code05,92.504
2010,2000 = 100,,,Nordrhein-Westfalen,code05,91.774
2011,2000 = 100,,,Nordrhein-Westfalen,code05,92.906
2012,2000 = 100,,,Nordrhein-Westfalen,code05,90.894
2013,2000 = 100,,,Nordrhein-Westfalen,code05,90.544
2014,2000 = 100,,,Nordrhein-Westfalen,code05,90.251
2015,2000 = 100,,,Nordrhein-Westfalen,code05,90.198
2016,2000 = 100,|,,Nordrhein-Westfalen,code05,91.703
2017,2000 = 100,,,Nordrhein-Westfalen,code05,91.561
2018,2000 = 100,,,Nordrhein-Westfalen,code05,91.454
2019,2000 = 100,,,Nordrhein-Westfalen,code05,91.215
2020,2000 = 100,,,Nordrhein-Westfalen,code05,91.047
2021,2000 = 100,,,Nordrhein-Westfalen,code05,90.711
2022,2000 = 100,,,Nordrhein-Westfalen,code05,90.471
2023,2000 = 100,…,,Nordrhein-Westfalen,code05,
2000,2000 = 100,,,Rheinland-Pfalz,code07,100.0
2001,2000 = 100,,,Rheinland-Pfalz,code07,99.598
2002,2000 = 100,,,Rheinland-Pfalz,code07,99.133
2003,2000 = 100,,,Rheinland-Pfalz,code07,98.56
2004,2000 = 100,,,Rheinland-Pfalz,code07,97.493
2005,2000 = 100,,,Rheinland-Pfalz,code07,96.408
2006,2000 = 100,,,Rheinland-Pfalz,code07,95.565
2007,2000 = 100,,,Rheinland-Pfalz,code07,94.806
2008,2000 = 100,,,Rheinland-Pfalz,code07,93.988
2009,2000 = 100,,,Rheinland-Pfalz,code07,93.544
2010,2000 = 100,,,Rheinland-Pfalz,code07,93.259
2011,2000 = 100,,,Rheinland-Pfalz,code07,93.35
2012,2000 = 100,,,Rheinland-Pfalz,code07,92.866
2013,2000 = 100,,,Rheinland-Pfalz,code07,92.708
2014,2000 = 100,,,Rheinland-Pfalz,code07,92.705
2015,2000 = 100,,,Rheinland-Pfalz,code07,93.236
2016,2000 = 100,|,,Rheinland-Pfalz,code07,93.926
2017,2000 = 100,,,Rheinland-Pfalz,code07,94.28
2018,2000 = 100,,,Rheinland-Pfalz,code07,94.281
2019,2000 = 100,,,Rheinland-Pfalz,code07,94.256
2020,2000 = 100,,,Rheinland-Pfalz,code07,93.892
2021,2000 = 100,,,Rheinland-Pfalz,code07,92.977
2022,2000 = 100,,,Rheinland-Pfalz,code07,92.339
2023,2000 = 100,…,,Rheinland-Pfalz,code07,
2000,2000 = 100,,,Saarland,code10,100.0
2001,2000 = 100,,,Saarland,code10,99.133
2002,2000 = 100,,,Saarland,code10,98.539
2003,2000 = 100,,,Saarland,code10,97.946
2004,2000 = 100,,,Saarland,code10,96.472
2005,2000 = 100,,,Saarland,code10,95.471
2006,2000 = 100,,,Saarland,code10,94.386
2007,2000 = 100,,,Saarland,code10,93.359
2008,2000 = 100,,,Saarland,code10,92.364
2009,2000 = 100,,,Saarland,code10,91.069
2010,2000 = 100,,,Saarland,code10,89.864
2011,2000 = 100,,,Saarland,code10,91.1
2012,2000 = 100,,,Saarland,code10,89.002
2013,2000 = 100,,,Saarland,code10,88.518
2014,2000 = 100,,,Saarland,code10,88.036
2015,2000 = 100,,,Saarland,code10,87.723
2016,2000 = 100,|,,Saarland,code10,86.637
2017,2000 = 100,,,Saarland,code10,86.638
2018,2000 = 100,,,Saarland,code10,86.335
2019,2000 = 100,,,Saarland,code10,85.903
2020,2000 = 100,,,Saarland,code10,85.497
2021,2000 = 100,,,Saarland,code10,84.766
2022,2000 = 100,,,Saarland,code10,84.206
2023,2000 = 100,…,,Saarland,code10,
2000,2000 = 100,,,Sachsen,code14,100.0
2001,2000 = 100,,,Sachsen,code14,97.588
2002,2000 = 100,,,Sachsen,code14,95.745
2003,2000 = 100,,,Sachsen,code14,94.371
2004,2000 = 100,,,Sachsen,code14,93.288
2005,2000 = 100,,,Sachsen,code14,92.235
2006,2000 = 100,,,Sachsen,code14,90.909
2007,2000 = 100,,,Sachsen,code14,88.515
2008,2000 = 100,,,Sachsen,code14,86.865
2009,2000 = 100,,,Sachsen,code14,84.873
2010,2000 = 100,,,Sachsen,code14,83.476
2011,2000 = 100,,,Sachsen,code14,84.378
2012,2000 = 100,,,Sachsen,code14,81.738
2013,2000 = 100,,,Sachsen,code14,81.277
2014,2000 = 100,,,Sachsen,code14,78.277
2015,2000 = 100,,,Sachsen,code14,78.869
2016,2000 = 100,|,,Sachsen,code14,79.064
2017,2000 = 100,,,Sachsen,code14,78.423
2018,2000 = 100,,,Sachsen,code14,77.894
2019,2000 = 100,,,Sachsen,code14,77.253
2020,2000 = 100,,,Sachsen,code14,76.455
2021,2000 = 100,,,Sachsen,code14,75.522
2022,2000 = 100,,,Sachsen,code14,74.78
2023,2000 = 100,…,,Sachsen,code14,
2000,2000 = 100,,,Sachsen-Anhalt,code15,100.0
2001,2000 = 100,,,Sachsen-Anhalt,code15,96.514
2002,2000 = 100,,,Sachsen-Anhalt,code15,94.469
2003,2000 = 100,,,Sachsen-Anhalt,code15,91.933
2004,2000 = 100,,,Sachsen-Anhalt,code15,86.575
2005,2000 = 100,,,Sachsen-Anhalt,code15,82.088
2006,2000 = 100,,,Sachsen-Anhalt,code15,79.531
2007,2000 = 100,,,Sachsen-Anhalt,code15,78.401
2008,2000 = 100,,,Sachsen-Anhalt,code15,77.023
2009,2000 = 100,,,Sachsen-Anhalt,code15,76.056
2010,2000 = 100,,,Sachsen-Anhalt,code15,75.506
2011,2000 = 100,,,Sachsen-Anhalt,code15,76.811
2012,2000 = 100,,,Sachsen-Anhalt,code15,74.961
2013,2000 = 100,,,Sachsen-Anhalt,code15,74.357
2014,2000 = 100,,,Sachsen-Anhalt,code15,73.672
2015,2000 = 100,,,Sachsen-Anhalt,code15,73.311
2016,2000 = 100,|,,Sachsen-Anhalt,code15,73.432
2017,2000 = 100,,,Sachsen-Anhalt,code15,73.058
2018,2000 = 100,,,Sachsen-Anhalt,code15,72.639
2019,2000 = 100,,,Sachsen-Anhalt,code15,71.964
2020,2000 = 100,,,Sachsen-Anhalt,code15,71.45
2021,2000 = 100,,,Sachsen-Anhalt,code15,70.932
2022,2000 = 100,,,Sachsen-Anhalt,code15,70.395
2023,2000 = 100,…,,Sachsen-Anhalt,code15,
2000,2000 = 100,,,Schleswig-Holstein,code01,100.0
2001,2000 = 100,,,Schleswig-Holstein,code01,98.73
2002,2000 = 100,,,Schleswig-Holstein,code01,97.426
2003,2000 = 100,,,Schleswig-Holstein,code01,95.974
2004,2000 = 100,,,Schleswig-Holstein,code01,94.533
2005,2000 = 100,,,Schleswig-Holstein,code01,93.829
2006,2000 = 100,,,Schleswig-Holstein,code01,92.655
2007,2000 = 100,,,Schleswig-Holstein,code01,91.428
2008,2000 = 100,,,Schleswig-Holstein,code01,90.767
2009,2000 = 100,,,Schleswig-Holstein,code01,90.051
2010,2000 = 100,,,Schleswig-Holstein,code01,89.577
2011,2000 = 100,,,Schleswig-Holstein,code01,89.899
2012,2000 = 100,,,Schleswig-Holstein,code01,88.53
2013,2000 = 100,,,Schleswig-Holstein,code01,88.227
2014,2000 = 100,,,Schleswig-Holstein,code01,88.044
2015,2000 = 100,,,Schleswig-Holstein,code01,88.076
2016,2000 = 100,|,,Schleswig-Holstein,code01,88.79
2017,2000 = 100,,,Schleswig-Holstein,code01,88.979
2018,2000 = 100,,,Schleswig-Holstein,code01,88.727
2019,2000 = 100,,,Schleswig-Holstein,code01,88.662
2020,2000 = 100,,,Schleswig-Holstein,code01,87.986
2021,2000 = 100,,,Schleswig-Holstein,code01,87.565
2022,2000 = 100,,,Schleswig-Holstein,code01,87.51
2023,2000 = 100,…,,Schleswig-Holstein,code01,
2000,2000 = 100,,,Thüringen,code16,100.0
2001,2000 = 100,,,Thüringen,code16,98.464
2002,2000 = 100,,,Thüringen,code16,96.634
2003,2000 = 100,,,Thüringen,code16,95.453
2004,2000 = 100,,,Thüringen,code16,94.385
2005,2000 = 100,,,Thüringen,code16,93.083
2006,2000 = 100,,,Thüringen,code16,91.744
2007,2000 = 100,,,Thüringen,code16,90.289
2008,2000 = 100,,,Thüringen,code16,88.804
2009,2000 = 100,,,Thüringen,code16,87.422
2010,2000 = 100,,,Thüringen,code16,86.005
2011,2000 = 100,,,Thüringen,code16,86.465
2012,2000 = 100,,,Thüringen,code16,83.357
2013,2000 = 100,,,Thüringen,code16,82.396
2014,2000 = 100,,,Thüringen,code16,80.472
2015,2000 = 100,,,Thüringen,code16,79.865
2016,2000 = 100,|,,Thüringen,code16,78.798
2017,2000 = 100,,,Thüringen,code16,73.261
2018,2000 = 100,,,Thüringen,code16,66.671
2019,2000 = 100,,,Thüringen,code16,66.177
2020,2000 = 100,,,Thüringen,code16,65.77
2021,2000 = 100,,,Thüringen,code16,65.257
2022,2000 = 100,,,Thüringen,code16,64.86
2023,2000 = 100,…,,Thüringen,code16,
2000,Einwohner/-innen pro km² Siedlungs- und Verkehrsfläche,,,,,1853.467
2001,Einwohner/-innen pro km² Siedlungs- und Verkehrsfläche,,,,,1838.213
2002,Einwohner/-innen pro km² Siedlungs- und Verkehrsfläche,,,,,1821.393
2003,Einwohner/-innen pro km² Siedlungs- und Verkehrsfläche,,,,,1802.705
2004,Einwohner/-innen pro km² Siedlungs- und Verkehrsfläche,,,,,1783.78
2005,Einwohner/-innen pro km² Siedlungs- und Verkehrsfläche,,,,,1766.167
2006,Einwohner/-innen pro km² Siedlungs- und Verkehrsfläche,,,,,1747.571
2007,Einwohner/-innen pro km² Siedlungs- und Verkehrsfläche,,,,,1729.797
2008,Einwohner/-innen pro km² Siedlungs- und Verkehrsfläche,,,,,1709.759
2009,Einwohner/-innen pro km² Siedlungs- und Verkehrsfläche,,,,,1693.736
2010,Einwohner/-innen pro km² Siedlungs- und Verkehrsfläche,,,,,1681.19
2011,Einwohner/-innen pro km² Siedlungs- und Verkehrsfläche,,,,,1668.353
2012,Einwohner/-innen pro km² Siedlungs- und Verkehrsfläche,,,,,1664.274
2013,Einwohner/-innen pro km² Siedlungs- und Verkehrsfläche,,,,,1661.45
2014,Einwohner/-innen pro km² Siedlungs- und Verkehrsfläche,,,,,1660.161
2015,Einwohner/-innen pro km² Siedlungs- und Verkehrsfläche,,,,,1674.273
2016,Einwohner/-innen pro km² Siedlungs- und Verkehrsfläche,|,,,,1675.431
2017,Einwohner/-innen pro km² Siedlungs- und Verkehrsfläche,,,,,1672.418
2018,Einwohner/-innen pro km² Siedlungs- und Verkehrsfläche,,,,,1666.437
2019,Einwohner/-innen pro km² Siedlungs- und Verkehrsfläche,,,,,1663.907
2020,Einwohner/-innen pro km² Siedlungs- und Verkehrsfläche,,,,,1656.618
2021,Einwohner/-innen pro km² Siedlungs- und Verkehrsfläche,,,,,1651.338
2022,Einwohner/-innen pro km² Siedlungs- und Verkehrsfläche,,,,,1668.389
2023,Einwohner/-innen pro km² Siedlungs- und Verkehrsfläche,,,,,1667.11
2000,Einwohner/-innen pro km² Siedlungs- und Verkehrsfläche,,Nicht-ländliche Gebiete,,,3411.596
2001,Einwohner/-innen pro km² Siedlungs- und Verkehrsfläche,,Nicht-ländliche Gebiete,,,3397.97
2002,Einwohner/-innen pro km² Siedlungs- und Verkehrsfläche,,Nicht-ländliche Gebiete,,,3380.838
2003,Einwohner/-innen pro km² Siedlungs- und Verkehrsfläche,,Nicht-ländliche Gebiete,,,3361.215
2004,Einwohner/-innen pro km² Siedlungs- und Verkehrsfläche,,Nicht-ländliche Gebiete,,,3340.152
2005,Einwohner/-innen pro km² Siedlungs- und Verkehrsfläche,,Nicht-ländliche Gebiete,,,3324.201
2006,Einwohner/-innen pro km² Siedlungs- und Verkehrsfläche,,Nicht-ländliche Gebiete,,,3309.058
2007,Einwohner/-innen pro km² Siedlungs- und Verkehrsfläche,,Nicht-ländliche Gebiete,,,3294.496
2008,Einwohner/-innen pro km² Siedlungs- und Verkehrsfläche,,Nicht-ländliche Gebiete,,,3275.095
2009,Einwohner/-innen pro km² Siedlungs- und Verkehrsfläche,,Nicht-ländliche Gebiete,,,3260.277
2010,Einwohner/-innen pro km² Siedlungs- und Verkehrsfläche,,Nicht-ländliche Gebiete,,,3252.726
2011,Einwohner/-innen pro km² Siedlungs- und Verkehrsfläche,,Nicht-ländliche Gebiete,,,3238.439
2012,Einwohner/-innen pro km² Siedlungs- und Verkehrsfläche,,Nicht-ländliche Gebiete,,,3250.561
2013,Einwohner/-innen pro km² Siedlungs- und Verkehrsfläche,,Nicht-ländliche Gebiete,,,3262.076
2014,Einwohner/-innen pro km² Siedlungs- und Verkehrsfläche,,Nicht-ländliche Gebiete,,,3279.89
2015,Einwohner/-innen pro km² Siedlungs- und Verkehrsfläche,,Nicht-ländliche Gebiete,,,3317.349
2016,Einwohner/-innen pro km² Siedlungs- und Verkehrsfläche,|,Nicht-ländliche Gebiete,,,3329.999
2017,Einwohner/-innen pro km² Siedlungs- und Verkehrsfläche,,Nicht-ländliche Gebiete,,,3335.804
2018,Einwohner/-innen pro km² Siedlungs- und Verkehrsfläche,,Nicht-ländliche Gebiete,,,3343.507
2019,Einwohner/-innen pro km² Siedlungs- und Verkehrsfläche,,Nicht-ländliche Gebiete,,,3346.403
2020,Einwohner/-innen pro km² Siedlungs- und Verkehrsfläche,,Nicht-ländliche Gebiete,,,3336.769
2021,Einwohner/-innen pro km² Siedlungs- und Verkehrsfläche,,Nicht-ländliche Gebiete,,,3330.908
2022,Einwohner/-innen pro km² Siedlungs- und Verkehrsfläche,,Nicht-ländliche Gebiete,,,3373.914
2023,Einwohner/-innen pro km² Siedlungs- und Verkehrsfläche,,Nicht-ländliche Gebiete,,,3383.647
2000,Einwohner/-innen pro km² Siedlungs- und Verkehrsfläche,,Ländliche Gebiete,,,1399.352
2001,Einwohner/-innen pro km² Siedlungs- und Verkehrsfläche,,Ländliche Gebiete,,,1385.558
2002,Einwohner/-innen pro km² Siedlungs- und Verkehrsfläche,,Ländliche Gebiete,,,1370.722
2003,Einwohner/-innen pro km² Siedlungs- und Verkehrsfläche,,Ländliche Gebiete,,,1354.16
2004,Einwohner/-innen pro km² Siedlungs- und Verkehrsfläche,,Ländliche Gebiete,,,1337.663
2005,Einwohner/-innen pro km² Siedlungs- und Verkehrsfläche,,Ländliche Gebiete,,,1321.082
2006,Einwohner/-innen pro km² Siedlungs- und Verkehrsfläche,,Ländliche Gebiete,,,1302.984
2007,Einwohner/-innen pro km² Siedlungs- und Verkehrsfläche,,Ländliche Gebiete,,,1285.757
2008,Einwohner/-innen pro km² Siedlungs- und Verkehrsfläche,,Ländliche Gebiete,,,1266.974
2009,Einwohner/-innen pro km² Siedlungs- und Verkehrsfläche,,Ländliche Gebiete,,,1251.794
2010,Einwohner/-innen pro km² Siedlungs- und Verkehrsfläche,,Ländliche Gebiete,,,1238.602
2011,Einwohner/-innen pro km² Siedlungs- und Verkehrsfläche,,Ländliche Gebiete,,,1228.789
2012,Einwohner/-innen pro km² Siedlungs- und Verkehrsfläche,,Ländliche Gebiete,,,1221.071
2013,Einwohner/-innen pro km² Siedlungs- und Verkehrsfläche,,Ländliche Gebiete,,,1215.095
2014,Einwohner/-innen pro km² Siedlungs- und Verkehrsfläche,,Ländliche Gebiete,,,1210.365
2015,Einwohner/-innen pro km² Siedlungs- und Verkehrsfläche,,Ländliche Gebiete,,,1218.218
2016,Einwohner/-innen pro km² Siedlungs- und Verkehrsfläche,|,Ländliche Gebiete,,,1216.413
2017,Einwohner/-innen pro km² Siedlungs- und Verkehrsfläche,,Ländliche Gebiete,,,1212.02
2018,Einwohner/-innen pro km² Siedlungs- und Verkehrsfläche,,Ländliche Gebiete,,,1204.835
2019,Einwohner/-innen pro km² Siedlungs- und Verkehrsfläche,,Ländliche Gebiete,,,1201.622
2020,Einwohner/-innen pro km² Siedlungs- und Verkehrsfläche,,Ländliche Gebiete,,,1196.536
2021,Einwohner/-innen pro km² Siedlungs- und Verkehrsfläche,,Ländliche Gebiete,,,1192.833
2022,Einwohner/-innen pro km² Siedlungs- und Verkehrsfläche,,Ländliche Gebiete,,,1203.752
2023,Einwohner/-innen pro km² Siedlungs- und Verkehrsfläche,,Ländliche Gebiete,,,1201.166
2000,Einwohner/-innen pro km² Siedlungs- und Verkehrsfläche,,,Baden-Württemberg,code08,2199.384
2001,Einwohner/-innen pro km² Siedlungs- und Verkehrsfläche,,,Baden-Württemberg,code08,2192.763
2002,Einwohner/-innen pro km² Siedlungs- und Verkehrsfläche,,,Baden-Württemberg,code08,2184.773
2003,Einwohner/-innen pro km² Siedlungs- und Verkehrsfläche,,,Baden-Württemberg,code08,2171.453
2004,Einwohner/-innen pro km² Siedlungs- und Verkehrsfläche,,,Baden-Württemberg,code08,2159.709
2005,Einwohner/-innen pro km² Siedlungs- und Verkehrsfläche,,,Baden-Württemberg,code08,2146.808
2006,Einwohner/-innen pro km² Siedlungs- und Verkehrsfläche,,,Baden-Württemberg,code08,2130.148
2007,Einwohner/-innen pro km² Siedlungs- und Verkehrsfläche,,,Baden-Württemberg,code08,2113.569
2008,Einwohner/-innen pro km² Siedlungs- und Verkehrsfläche,,,Baden-Württemberg,code08,2098.234
2009,Einwohner/-innen pro km² Siedlungs- und Verkehrsfläche,,,Baden-Württemberg,code08,2083.973
2010,Einwohner/-innen pro km² Siedlungs- und Verkehrsfläche,,,Baden-Württemberg,code08,2073.309
2011,Einwohner/-innen pro km² Siedlungs- und Verkehrsfläche,,,Baden-Württemberg,code08,2118.156
2012,Einwohner/-innen pro km² Siedlungs- und Verkehrsfläche,,,Baden-Württemberg,code08,2060.859
2013,Einwohner/-innen pro km² Siedlungs- und Verkehrsfläche,,,Baden-Württemberg,code08,2063.876
2014,Einwohner/-innen pro km² Siedlungs- und Verkehrsfläche,,,Baden-Württemberg,code08,2068.342
2015,Einwohner/-innen pro km² Siedlungs- und Verkehrsfläche,,,Baden-Württemberg,code08,2077.272
2016,Einwohner/-innen pro km² Siedlungs- und Verkehrsfläche,|,,Baden-Württemberg,code08,2102.61
2017,Einwohner/-innen pro km² Siedlungs- und Verkehrsfläche,,,Baden-Württemberg,code08,2104.915
2018,Einwohner/-innen pro km² Siedlungs- und Verkehrsfläche,,,Baden-Württemberg,code08,2111.961
2019,Einwohner/-innen pro km² Siedlungs- und Verkehrsfläche,,,Baden-Württemberg,code08,2113.749
2020,Einwohner/-innen pro km² Siedlungs- und Verkehrsfläche,,,Baden-Württemberg,code08,2111.634
2021,Einwohner/-innen pro km² Siedlungs- und Verkehrsfläche,,,Baden-Württemberg,code08,2103.036
2022,Einwohner/-innen pro km² Siedlungs- und Verkehrsfläche,,,Baden-Württemberg,code08,2100.471
2023,Einwohner/-innen pro km² Siedlungs- und Verkehrsfläche,…,,Baden-Württemberg,code08,
2000,Einwohner/-innen pro km² Siedlungs- und Verkehrsfläche,,,Bayern,code09,1654.096
2001,Einwohner/-innen pro km² Siedlungs- und Verkehrsfläche,,,Bayern,code09,1648.823
2002,Einwohner/-innen pro km² Siedlungs- und Verkehrsfläche,,,Bayern,code09,1640.967
2003,Einwohner/-innen pro km² Siedlungs- und Verkehrsfläche,,,Bayern,code09,1631.311
2004,Einwohner/-innen pro km² Siedlungs- und Verkehrsfläche,,,Bayern,code09,1621.046
2005,Einwohner/-innen pro km² Siedlungs- und Verkehrsfläche,,,Bayern,code09,1611.118
2006,Einwohner/-innen pro km² Siedlungs- und Verkehrsfläche,,,Bayern,code09,1597.687
2007,Einwohner/-innen pro km² Siedlungs- und Verkehrsfläche,,,Bayern,code09,1588.226
2008,Einwohner/-innen pro km² Siedlungs- und Verkehrsfläche,,,Bayern,code09,1575.095
2009,Einwohner/-innen pro km² Siedlungs- und Verkehrsfläche,,,Bayern,code09,1561.082
2010,Einwohner/-innen pro km² Siedlungs- und Verkehrsfläche,,,Bayern,code09,1548.894
2011,Einwohner/-innen pro km² Siedlungs- und Verkehrsfläche,,,Bayern,code09,1525.018
2012,Einwohner/-innen pro km² Siedlungs- und Verkehrsfläche,,,Bayern,code09,1505.368
2013,Einwohner/-innen pro km² Siedlungs- und Verkehrsfläche,,,Bayern,code09,1506.204
2014,Einwohner/-innen pro km² Siedlungs- und Verkehrsfläche,,,Bayern,code09,1509.31
2015,Einwohner/-innen pro km² Siedlungs- und Verkehrsfläche,,,Bayern,code09,1511.081
2016,Einwohner/-innen pro km² Siedlungs- und Verkehrsfläche,|,,Bayern,code09,1522.951
2017,Einwohner/-innen pro km² Siedlungs- und Verkehrsfläche,,,Bayern,code09,1525.578
2018,Einwohner/-innen pro km² Siedlungs- und Verkehrsfläche,,,Bayern,code09,1526.85
2019,Einwohner/-innen pro km² Siedlungs- und Verkehrsfläche,,,Bayern,code09,1529.103
2020,Einwohner/-innen pro km² Siedlungs- und Verkehrsfläche,,,Bayern,code09,1527.141
2021,Einwohner/-innen pro km² Siedlungs- und Verkehrsfläche,,,Bayern,code09,1522.289
2022,Einwohner/-innen pro km² Siedlungs- und Verkehrsfläche,,,Bayern,code09,1521.989
2023,Einwohner/-innen pro km² Siedlungs- und Verkehrsfläche,…,,Bayern,code09,
2000,Einwohner/-innen pro km² Siedlungs- und Verkehrsfläche,,,Berlin,code11,5352.454
2001,Einwohner/-innen pro km² Siedlungs- und Verkehrsfläche,,,Berlin,code11,5330.193
2002,Einwohner/-innen pro km² Siedlungs- und Verkehrsfläche,,,Berlin,code11,5313.159
2003,Einwohner/-innen pro km² Siedlungs- und Verkehrsfläche,,,Berlin,code11,5283.706
2004,Einwohner/-innen pro km² Siedlungs- und Verkehrsfläche,,,Berlin,code11,5268.351
2005,Einwohner/-innen pro km² Siedlungs- und Verkehrsfläche,,,Berlin,code11,5249.271
2006,Einwohner/-innen pro km² Siedlungs- und Verkehrsfläche,,,Berlin,code11,5249.362
2007,Einwohner/-innen pro km² Siedlungs- und Verkehrsfläche,,,Berlin,code11,5237.095
2008,Einwohner/-innen pro km² Siedlungs- und Verkehrsfläche,,,Berlin,code11,5246.83
2009,Einwohner/-innen pro km² Siedlungs- und Verkehrsfläche,,,Berlin,code11,5223.741
2010,Einwohner/-innen pro km² Siedlungs- und Verkehrsfläche,,,Berlin,code11,5228.622
2011,Einwohner/-innen pro km² Siedlungs- und Verkehrsfläche,,,Berlin,code11,5519.498
2012,Einwohner/-innen pro km² Siedlungs- und Verkehrsfläche,,,Berlin,code11,5321.603
2013,Einwohner/-innen pro km² Siedlungs- und Verkehrsfläche,,,Berlin,code11,5391.728
2014,Einwohner/-innen pro km² Siedlungs- und Verkehrsfläche,,,Berlin,code11,5466.181
2015,Einwohner/-innen pro km² Siedlungs- und Verkehrsfläche,,,Berlin,code11,5542.89
2016,Einwohner/-innen pro km² Siedlungs- und Verkehrsfläche,|,,Berlin,code11,5612.205
2017,Einwohner/-innen pro km² Siedlungs- und Verkehrsfläche,,,Berlin,code11,5690.773
2018,Einwohner/-innen pro km² Siedlungs- und Verkehrsfläche,,,Berlin,code11,5748.572
2019,Einwohner/-innen pro km² Siedlungs- und Verkehrsfläche,,,Berlin,code11,5796.571
2020,Einwohner/-innen pro km² Siedlungs- und Verkehrsfläche,,,Berlin,code11,5834.406
2021,Einwohner/-innen pro km² Siedlungs- und Verkehrsfläche,,,Berlin,code11,5825.167
2022,Einwohner/-innen pro km² Siedlungs- und Verkehrsfläche,,,Berlin,code11,5845.422
2023,Einwohner/-innen pro km² Siedlungs- und Verkehrsfläche,…,,Berlin,code11,
2000,Einwohner/-innen pro km² Siedlungs- und Verkehrsfläche,,,Brandenburg,code12,1067.855
2001,Einwohner/-innen pro km² Siedlungs- und Verkehrsfläche,,,Brandenburg,code12,1048.503
2002,Einwohner/-innen pro km² Siedlungs- und Verkehrsfläche,,,Brandenburg,code12,1030.652
2003,Einwohner/-innen pro km² Siedlungs- und Verkehrsfläche,,,Brandenburg,code12,1014.38
2004,Einwohner/-innen pro km² Siedlungs- und Verkehrsfläche,,,Brandenburg,code12,1000.478
2005,Einwohner/-innen pro km² Siedlungs- und Verkehrsfläche,,,Brandenburg,code12,980.979
2006,Einwohner/-innen pro km² Siedlungs- und Verkehrsfläche,,,Brandenburg,code12,964.086
2007,Einwohner/-innen pro km² Siedlungs- und Verkehrsfläche,,,Brandenburg,code12,949.626
2008,Einwohner/-innen pro km² Siedlungs- und Verkehrsfläche,,,Brandenburg,code12,929.037
2009,Einwohner/-innen pro km² Siedlungs- und Verkehrsfläche,,,Brandenburg,code12,915.654
2010,Einwohner/-innen pro km² Siedlungs- und Verkehrsfläche,,,Brandenburg,code12,906.201
2011,Einwohner/-innen pro km² Siedlungs- und Verkehrsfläche,,,Brandenburg,code12,917.622
2012,Einwohner/-innen pro km² Siedlungs- und Verkehrsfläche,,,Brandenburg,code12,894.995
2013,Einwohner/-innen pro km² Siedlungs- und Verkehrsfläche,,,Brandenburg,code12,880.486
2014,Einwohner/-innen pro km² Siedlungs- und Verkehrsfläche,,,Brandenburg,code12,876.904
2015,Einwohner/-innen pro km² Siedlungs- und Verkehrsfläche,,,Brandenburg,code12,877.811
2016,Einwohner/-innen pro km² Siedlungs- und Verkehrsfläche,|,,Brandenburg,code12,884.11
2017,Einwohner/-innen pro km² Siedlungs- und Verkehrsfläche,,,Brandenburg,code12,886.958
2018,Einwohner/-innen pro km² Siedlungs- und Verkehrsfläche,,,Brandenburg,code12,888.446
2019,Einwohner/-innen pro km² Siedlungs- und Verkehrsfläche,,,Brandenburg,code12,890.637
2020,Einwohner/-innen pro km² Siedlungs- und Verkehrsfläche,,,Brandenburg,code12,885.272
2021,Einwohner/-innen pro km² Siedlungs- und Verkehrsfläche,,,Brandenburg,code12,881.246
2022,Einwohner/-innen pro km² Siedlungs- und Verkehrsfläche,,,Brandenburg,code12,876.953
2023,Einwohner/-innen pro km² Siedlungs- und Verkehrsfläche,…,,Brandenburg,code12,
2000,Einwohner/-innen pro km² Siedlungs- und Verkehrsfläche,,,Bremen,code04,2900.885
2001,Einwohner/-innen pro km² Siedlungs- und Verkehrsfläche,,,Bremen,code04,2883.599
2002,Einwohner/-innen pro km² Siedlungs- und Verkehrsfläche,,,Bremen,code04,2892.339
2003,Einwohner/-innen pro km² Siedlungs- und Verkehrsfläche,,,Bremen,code04,2882.145
2004,Einwohner/-innen pro km² Siedlungs- und Verkehrsfläche,,,Bremen,code04,2880.491
2005,Einwohner/-innen pro km² Siedlungs- und Verkehrsfläche,,,Bremen,code04,2867.096
2006,Einwohner/-innen pro km² Siedlungs- und Verkehrsfläche,,,Bremen,code04,2867.389
2007,Einwohner/-innen pro km² Siedlungs- und Verkehrsfläche,,,Bremen,code04,2836.71
2008,Einwohner/-innen pro km² Siedlungs- und Verkehrsfläche,,,Bremen,code04,2829.398
2009,Einwohner/-innen pro km² Siedlungs- und Verkehrsfläche,,,Bremen,code04,2826.654
2010,Einwohner/-innen pro km² Siedlungs- und Verkehrsfläche,,,Bremen,code04,2808.047
2011,Einwohner/-innen pro km² Siedlungs- und Verkehrsfläche,,,Bremen,code04,2835.648
2012,Einwohner/-innen pro km² Siedlungs- und Verkehrsfläche,,,Bremen,code04,2775.243
2013,Einwohner/-innen pro km² Siedlungs- und Verkehrsfläche,,,Bremen,code04,2786.272
2014,Einwohner/-innen pro km² Siedlungs- und Verkehrsfläche,,,Bremen,code04,2785.555
2015,Einwohner/-innen pro km² Siedlungs- und Verkehrsfläche,,,Bremen,code04,2804.61
2016,Einwohner/-innen pro km² Siedlungs- und Verkehrsfläche,|,,Bremen,code04,2833.885
2017,Einwohner/-innen pro km² Siedlungs- und Verkehrsfläche,,,Bremen,code04,2861.16
2018,Einwohner/-innen pro km² Siedlungs- und Verkehrsfläche,,,Bremen,code04,2875.008
2019,Einwohner/-innen pro km² Siedlungs- und Verkehrsfläche,,,Bremen,code04,2881.311
2020,Einwohner/-innen pro km² Siedlungs- und Verkehrsfläche,,,Bremen,code04,2869.185
2021,Einwohner/-innen pro km² Siedlungs- und Verkehrsfläche,,,Bremen,code04,2862.38
2022,Einwohner/-innen pro km² Siedlungs- und Verkehrsfläche,,,Bremen,code04,2835.847
2023,Einwohner/-innen pro km² Siedlungs- und Verkehrsfläche,…,,Bremen,code04,
2000,Einwohner/-innen pro km² Siedlungs- und Verkehrsfläche,,,Hamburg,code02,3888.216
2001,Einwohner/-innen pro km² Siedlungs- und Verkehrsfläche,,,Hamburg,code02,3904.392
2002,Einwohner/-innen pro km² Siedlungs- und Verkehrsfläche,,,Hamburg,code02,3864.662
2003,Einwohner/-innen pro km² Siedlungs- und Verkehrsfläche,,,Hamburg,code02,3841.098
2004,Einwohner/-innen pro km² Siedlungs- und Verkehrsfläche,,,Hamburg,code02,3798.048
2005,Einwohner/-innen pro km² Siedlungs- und Verkehrsfläche,,,Hamburg,code02,3774.605
2006,Einwohner/-innen pro km² Siedlungs- und Verkehrsfläche,,,Hamburg,code02,3772.263
2007,Einwohner/-innen pro km² Siedlungs- und Verkehrsfläche,,,Hamburg,code02,3791.793
2008,Einwohner/-innen pro km² Siedlungs- und Verkehrsfläche,,,Hamburg,code02,3785.757
2009,Einwohner/-innen pro km² Siedlungs- und Verkehrsfläche,,,Hamburg,code02,3772.693
2010,Einwohner/-innen pro km² Siedlungs- und Verkehrsfläche,,,Hamburg,code02,3782.04
2011,Einwohner/-innen pro km² Siedlungs- und Verkehrsfläche,,,Hamburg,code02,3961.082
2012,Einwohner/-innen pro km² Siedlungs- und Verkehrsfläche,,,Hamburg,code02,3801.299
2013,Einwohner/-innen pro km² Siedlungs- und Verkehrsfläche,,,Hamburg,code02,3819.982
2014,Einwohner/-innen pro km² Siedlungs- und Verkehrsfläche,,,Hamburg,code02,3872.155
2015,Einwohner/-innen pro km² Siedlungs- und Verkehrsfläche,,,Hamburg,code02,3934.801
2016,Einwohner/-innen pro km² Siedlungs- und Verkehrsfläche,|,,Hamburg,code02,4018.002
2017,Einwohner/-innen pro km² Siedlungs- und Verkehrsfläche,,,Hamburg,code02,4066.024
2018,Einwohner/-innen pro km² Siedlungs- und Verkehrsfläche,,,Hamburg,code02,4114.042
2019,Einwohner/-innen pro km² Siedlungs- und Verkehrsfläche,,,Hamburg,code02,4139.9
2020,Einwohner/-innen pro km² Siedlungs- und Verkehrsfläche,,,Hamburg,code02,4154.585
2021,Einwohner/-innen pro km² Siedlungs- und Verkehrsfläche,,,Hamburg,code02,4171.778
2022,Einwohner/-innen pro km² Siedlungs- und Verkehrsfläche,,,Hamburg,code02,4198.983
2023,Einwohner/-innen pro km² Siedlungs- und Verkehrsfläche,…,,Hamburg,code02,
2000,Einwohner/-innen pro km² Siedlungs- und Verkehrsfläche,,,Hessen,code06,1917.386
2001,Einwohner/-innen pro km² Siedlungs- und Verkehrsfläche,,,Hessen,code06,1912.796
2002,Einwohner/-innen pro km² Siedlungs- und Verkehrsfläche,,,Hessen,code06,1905.405
2003,Einwohner/-innen pro km² Siedlungs- und Verkehrsfläche,,,Hessen,code06,1894.242
2004,Einwohner/-innen pro km² Siedlungs- und Verkehrsfläche,,,Hessen,code06,1885.66
2005,Einwohner/-innen pro km² Siedlungs- und Verkehrsfläche,,,Hessen,code06,1874.877
2006,Einwohner/-innen pro km² Siedlungs- und Verkehrsfläche,,,Hessen,code06,1861.159
2007,Einwohner/-innen pro km² Siedlungs- und Verkehrsfläche,,,Hessen,code06,1849.631
2008,Einwohner/-innen pro km² Siedlungs- und Verkehrsfläche,,,Hessen,code06,1839.568
2009,Einwohner/-innen pro km² Siedlungs- und Verkehrsfläche,,,Hessen,code06,1829.9
2010,Einwohner/-innen pro km² Siedlungs- und Verkehrsfläche,,,Hessen,code06,1822.164
2011,Einwohner/-innen pro km² Siedlungs- und Verkehrsfläche,,,Hessen,code06,1849.702
2012,Einwohner/-innen pro km² Siedlungs- und Verkehrsfläche,,,Hessen,code06,1819.603
2013,Einwohner/-innen pro km² Siedlungs- und Verkehrsfläche,,,Hessen,code06,1822.072
2014,Einwohner/-innen pro km² Siedlungs- und Verkehrsfläche,,,Hessen,code06,1823.658
2015,Einwohner/-innen pro km² Siedlungs- und Verkehrsfläche,,,Hessen,code06,1833.3
2016,Einwohner/-innen pro km² Siedlungs- und Verkehrsfläche,|,,Hessen,code06,1847.892
2017,Einwohner/-innen pro km² Siedlungs- und Verkehrsfläche,,,Hessen,code06,1851.381
2018,Einwohner/-innen pro km² Siedlungs- und Verkehrsfläche,,,Hessen,code06,1854.686
2019,Einwohner/-innen pro km² Siedlungs- und Verkehrsfläche,,,Hessen,code06,1856.404
2020,Einwohner/-innen pro km² Siedlungs- und Verkehrsfläche,,,Hessen,code06,1859.993
2021,Einwohner/-innen pro km² Siedlungs- und Verkehrsfläche,,,Hessen,code06,1858.74
2022,Einwohner/-innen pro km² Siedlungs- und Verkehrsfläche,,,Hessen,code06,1864.986
2023,Einwohner/-innen pro km² Siedlungs- und Verkehrsfläche,…,,Hessen,code06,
2000,Einwohner/-innen pro km² Siedlungs- und Verkehrsfläche,,,Mecklenburg-Vorpommern,code13,1136.374
2001,Einwohner/-innen pro km² Siedlungs- und Verkehrsfläche,,,Mecklenburg-Vorpommern,code13,1105.944
2002,Einwohner/-innen pro km² Siedlungs- und Verkehrsfläche,,,Mecklenburg-Vorpommern,code13,1068.886
2003,Einwohner/-innen pro km² Siedlungs- und Verkehrsfläche,,,Mecklenburg-Vorpommern,code13,1039.108
2004,Einwohner/-innen pro km² Siedlungs- und Verkehrsfläche,,,Mecklenburg-Vorpommern,code13,1012.799
2005,Einwohner/-innen pro km² Siedlungs- und Verkehrsfläche,,,Mecklenburg-Vorpommern,code13,990.441
2006,Einwohner/-innen pro km² Siedlungs- und Verkehrsfläche,,,Mecklenburg-Vorpommern,code13,966.392
2007,Einwohner/-innen pro km² Siedlungs- und Verkehrsfläche,,,Mecklenburg-Vorpommern,code13,944.338
2008,Einwohner/-innen pro km² Siedlungs- und Verkehrsfläche,,,Mecklenburg-Vorpommern,code13,914.439
2009,Einwohner/-innen pro km² Siedlungs- und Verkehrsfläche,,,Mecklenburg-Vorpommern,code13,892.39
2010,Einwohner/-innen pro km² Siedlungs- und Verkehrsfläche,,,Mecklenburg-Vorpommern,code13,874.277
2011,Einwohner/-innen pro km² Siedlungs- und Verkehrsfläche,,,Mecklenburg-Vorpommern,code13,884.398
2012,Einwohner/-innen pro km² Siedlungs- und Verkehrsfläche,,,Mecklenburg-Vorpommern,code13,860.224
2013,Einwohner/-innen pro km² Siedlungs- und Verkehrsfläche,,,Mecklenburg-Vorpommern,code13,853.053
2014,Einwohner/-innen pro km² Siedlungs- und Verkehrsfläche,,,Mecklenburg-Vorpommern,code13,840.708
2015,Einwohner/-innen pro km² Siedlungs- und Verkehrsfläche,,,Mecklenburg-Vorpommern,code13,840.767
2016,Einwohner/-innen pro km² Siedlungs- und Verkehrsfläche,|,,Mecklenburg-Vorpommern,code13,819.714
2017,Einwohner/-innen pro km² Siedlungs- und Verkehrsfläche,,,Mecklenburg-Vorpommern,code13,831.088
2018,Einwohner/-innen pro km² Siedlungs- und Verkehrsfläche,,,Mecklenburg-Vorpommern,code13,830.521
2019,Einwohner/-innen pro km² Siedlungs- und Verkehrsfläche,,,Mecklenburg-Vorpommern,code13,830.539
2020,Einwohner/-innen pro km² Siedlungs- und Verkehrsfläche,,,Mecklenburg-Vorpommern,code13,828.207
2021,Einwohner/-innen pro km² Siedlungs- und Verkehrsfläche,,,Mecklenburg-Vorpommern,code13,827.391
2022,Einwohner/-innen pro km² Siedlungs- und Verkehrsfläche,,,Mecklenburg-Vorpommern,code13,826.253
2023,Einwohner/-innen pro km² Siedlungs- und Verkehrsfläche,…,,Mecklenburg-Vorpommern,code13,
2000,Einwohner/-innen pro km² Siedlungs- und Verkehrsfläche,,,Niedersachsen,code03,1303.813
2001,Einwohner/-innen pro km² Siedlungs- und Verkehrsfläche,,,Niedersachsen,code03,1295.629
2002,Einwohner/-innen pro km² Siedlungs- und Verkehrsfläche,,,Niedersachsen,code03,1289.137
2003,Einwohner/-innen pro km² Siedlungs- und Verkehrsfläche,,,Niedersachsen,code03,1280.397
2004,Einwohner/-innen pro km² Siedlungs- und Verkehrsfläche,,,Niedersachsen,code03,1266.684
2005,Einwohner/-innen pro km² Siedlungs- und Verkehrsfläche,,,Niedersachsen,code03,1254.28
2006,Einwohner/-innen pro km² Siedlungs- und Verkehrsfläche,,,Niedersachsen,code03,1243.681
2007,Einwohner/-innen pro km² Siedlungs- und Verkehrsfläche,,,Niedersachsen,code03,1233.626
2008,Einwohner/-innen pro km² Siedlungs- und Verkehrsfläche,,,Niedersachsen,code03,1221.007
2009,Einwohner/-innen pro km² Siedlungs- und Verkehrsfläche,,,Niedersachsen,code03,1211.356
2010,Einwohner/-innen pro km² Siedlungs- und Verkehrsfläche,,,Niedersachsen,code03,1203.408
2011,Einwohner/-innen pro km² Siedlungs- und Verkehrsfläche,,,Niedersachsen,code03,1214.835
2012,Einwohner/-innen pro km² Siedlungs- und Verkehrsfläche,,,Niedersachsen,code03,1186.184
2013,Einwohner/-innen pro km² Siedlungs- und Verkehrsfläche,,,Niedersachsen,code03,1180.782
2014,Einwohner/-innen pro km² Siedlungs- und Verkehrsfläche,,,Niedersachsen,code03,1175.756
2015,Einwohner/-innen pro km² Siedlungs- und Verkehrsfläche,,,Niedersachsen,code03,1175.186
2016,Einwohner/-innen pro km² Siedlungs- und Verkehrsfläche,|,,Niedersachsen,code03,1189.642
2017,Einwohner/-innen pro km² Siedlungs- und Verkehrsfläche,,,Niedersachsen,code03,1188.245
2018,Einwohner/-innen pro km² Siedlungs- und Verkehrsfläche,,,Niedersachsen,code03,1186.227
2019,Einwohner/-innen pro km² Siedlungs- und Verkehrsfläche,,,Niedersachsen,code03,1185.398
2020,Einwohner/-innen pro km² Siedlungs- und Verkehrsfläche,,,Niedersachsen,code03,1182.658
2021,Einwohner/-innen pro km² Siedlungs- und Verkehrsfläche,,,Niedersachsen,code03,1180.536
2022,Einwohner/-innen pro km² Siedlungs- und Verkehrsfläche,,,Niedersachsen,code03,1180.567
2023,Einwohner/-innen pro km² Siedlungs- und Verkehrsfläche,…,,Niedersachsen,code03,
2000,Einwohner/-innen pro km² Siedlungs- und Verkehrsfläche,,,Nordrhein-Westfalen,code05,2498.07
2001,Einwohner/-innen pro km² Siedlungs- und Verkehrsfläche,,,Nordrhein-Westfalen,code05,2481.081
2002,Einwohner/-innen pro km² Siedlungs- und Verkehrsfläche,,,Nordrhein-Westfalen,code05,2462.599
2003,Einwohner/-innen pro km² Siedlungs- und Verkehrsfläche,,,Nordrhein-Westfalen,code05,2449.974
2004,Einwohner/-innen pro km² Siedlungs- und Verkehrsfläche,,,Nordrhein-Westfalen,code05,2423.512
2005,Einwohner/-innen pro km² Siedlungs- und Verkehrsfläche,,,Nordrhein-Westfalen,code05,2403.612
2006,Einwohner/-innen pro km² Siedlungs- und Verkehrsfläche,,,Nordrhein-Westfalen,code05,2380.805
2007,Einwohner/-innen pro km² Siedlungs- und Verkehrsfläche,,,Nordrhein-Westfalen,code05,2358.502
2008,Einwohner/-innen pro km² Siedlungs- und Verkehrsfläche,,,Nordrhein-Westfalen,code05,2331.068
2009,Einwohner/-innen pro km² Siedlungs- und Verkehrsfläche,,,Nordrhein-Westfalen,code05,2310.819
2010,Einwohner/-innen pro km² Siedlungs- und Verkehrsfläche,,,Nordrhein-Westfalen,code05,2292.59
2011,Einwohner/-innen pro km² Siedlungs- und Verkehrsfläche,,,Nordrhein-Westfalen,code05,2320.868
2012,Einwohner/-innen pro km² Siedlungs- und Verkehrsfläche,,,Nordrhein-Westfalen,code05,2270.602
2013,Einwohner/-innen pro km² Siedlungs- und Verkehrsfläche,,,Nordrhein-Westfalen,code05,2261.864
2014,Einwohner/-innen pro km² Siedlungs- und Verkehrsfläche,,,Nordrhein-Westfalen,code05,2254.536
2015,Einwohner/-innen pro km² Siedlungs- und Verkehrsfläche,,,Nordrhein-Westfalen,code05,2253.206
2016,Einwohner/-innen pro km² Siedlungs- und Verkehrsfläche,|,,Nordrhein-Westfalen,code05,2290.809
2017,Einwohner/-innen pro km² Siedlungs- und Verkehrsfläche,,,Nordrhein-Westfalen,code05,2287.266
2018,Einwohner/-innen pro km² Siedlungs- und Verkehrsfläche,,,Nordrhein-Westfalen,code05,2284.586
2019,Einwohner/-innen pro km² Siedlungs- und Verkehrsfläche,,,Nordrhein-Westfalen,code05,2278.609
2020,Einwohner/-innen pro km² Siedlungs- und Verkehrsfläche,,,Nordrhein-Westfalen,code05,2274.423
2021,Einwohner/-innen pro km² Siedlungs- und Verkehrsfläche,,,Nordrhein-Westfalen,code05,2266.019
2022,Einwohner/-innen pro km² Siedlungs- und Verkehrsfläche,,,Nordrhein-Westfalen,code05,2260.038
2023,Einwohner/-innen pro km² Siedlungs- und Verkehrsfläche,…,,Nordrhein-Westfalen,code05,
2000,Einwohner/-innen pro km² Siedlungs- und Verkehrsfläche,,,Rheinland-Pfalz,code07,1517.139
2001,Einwohner/-innen pro km² Siedlungs- und Verkehrsfläche,,,Rheinland-Pfalz,code07,1511.044
2002,Einwohner/-innen pro km² Siedlungs- und Verkehrsfläche,,,Rheinland-Pfalz,code07,1503.984
2003,Einwohner/-innen pro km² Siedlungs- und Verkehrsfläche,,,Rheinland-Pfalz,code07,1495.293
2004,Einwohner/-innen pro km² Siedlungs- und Verkehrsfläche,,,Rheinland-Pfalz,code07,1479.108
2005,Einwohner/-innen pro km² Siedlungs- und Verkehrsfläche,,,Rheinland-Pfalz,code07,1462.644
2006,Einwohner/-innen pro km² Siedlungs- und Verkehrsfläche,,,Rheinland-Pfalz,code07,1449.853
2007,Einwohner/-innen pro km² Siedlungs- und Verkehrsfläche,,,Rheinland-Pfalz,code07,1438.344
2008,Einwohner/-innen pro km² Siedlungs- und Verkehrsfläche,,,Rheinland-Pfalz,code07,1425.927
2009,Einwohner/-innen pro km² Siedlungs- und Verkehrsfläche,,,Rheinland-Pfalz,code07,1419.2
2010,Einwohner/-innen pro km² Siedlungs- und Verkehrsfläche,,,Rheinland-Pfalz,code07,1414.872
2011,Einwohner/-innen pro km² Siedlungs- und Verkehrsfläche,,,Rheinland-Pfalz,code07,1416.252
2012,Einwohner/-innen pro km² Siedlungs- und Verkehrsfläche,,,Rheinland-Pfalz,code07,1408.91
2013,Einwohner/-innen pro km² Siedlungs- und Verkehrsfläche,,,Rheinland-Pfalz,code07,1406.513
2014,Einwohner/-innen pro km² Siedlungs- und Verkehrsfläche,,,Rheinland-Pfalz,code07,1406.467
2015,Einwohner/-innen pro km² Siedlungs- und Verkehrsfläche,,,Rheinland-Pfalz,code07,1414.521
2016,Einwohner/-innen pro km² Siedlungs- und Verkehrsfläche,|,,Rheinland-Pfalz,code07,1424.981
2017,Einwohner/-innen pro km² Siedlungs- und Verkehrsfläche,,,Rheinland-Pfalz,code07,1430.364
2018,Einwohner/-innen pro km² Siedlungs- und Verkehrsfläche,,,Rheinland-Pfalz,code07,1430.375
2019,Einwohner/-innen pro km² Siedlungs- und Verkehrsfläche,,,Rheinland-Pfalz,code07,1429.997
2020,Einwohner/-innen pro km² Siedlungs- und Verkehrsfläche,,,Rheinland-Pfalz,code07,1424.467
2021,Einwohner/-innen pro km² Siedlungs- und Verkehrsfläche,,,Rheinland-Pfalz,code07,1410.587
2022,Einwohner/-innen pro km² Siedlungs- und Verkehrsfläche,,,Rheinland-Pfalz,code07,1400.904
2023,Einwohner/-innen pro km² Siedlungs- und Verkehrsfläche,…,,Rheinland-Pfalz,code07,
2000,Einwohner/-innen pro km² Siedlungs- und Verkehrsfläche,,,Saarland,code10,2095.636
2001,Einwohner/-innen pro km² Siedlungs- und Verkehrsfläche,,,Saarland,code10,2077.462
2002,Einwohner/-innen pro km² Siedlungs- und Verkehrsfläche,,,Saarland,code10,2065.027
2003,Einwohner/-innen pro km² Siedlungs- und Verkehrsfläche,,,Saarland,code10,2052.582
2004,Einwohner/-innen pro km² Siedlungs- und Verkehrsfläche,,,Saarland,code10,2021.702
2005,Einwohner/-innen pro km² Siedlungs- und Verkehrsfläche,,,Saarland,code10,2000.715
2006,Einwohner/-innen pro km² Siedlungs- und Verkehrsfläche,,,Saarland,code10,1977.987
2007,Einwohner/-innen pro km² Siedlungs- und Verkehrsfläche,,,Saarland,code10,1956.468
2008,Einwohner/-innen pro km² Siedlungs- und Verkehrsfläche,,,Saarland,code10,1935.606
2009,Einwohner/-innen pro km² Siedlungs- und Verkehrsfläche,,,Saarland,code10,1908.468
2010,Einwohner/-innen pro km² Siedlungs- und Verkehrsfläche,,,Saarland,code10,1883.231
2011,Einwohner/-innen pro km² Siedlungs- und Verkehrsfläche,,,Saarland,code10,1909.131
2012,Einwohner/-innen pro km² Siedlungs- und Verkehrsfläche,,,Saarland,code10,1865.15
2013,Einwohner/-innen pro km² Siedlungs- und Verkehrsfläche,,,Saarland,code10,1855.013
2014,Einwohner/-innen pro km² Siedlungs- und Verkehrsfläche,,,Saarland,code10,1844.912
2015,Einwohner/-innen pro km² Siedlungs- und Verkehrsfläche,,,Saarland,code10,1838.355
2016,Einwohner/-innen pro km² Siedlungs- und Verkehrsfläche,|,,Saarland,code10,1815.59
2017,Einwohner/-innen pro km² Siedlungs- und Verkehrsfläche,,,Saarland,code10,1815.625
2018,Einwohner/-innen pro km² Siedlungs- und Verkehrsfläche,,,Saarland,code10,1809.258
2019,Einwohner/-innen pro km² Siedlungs- und Verkehrsfläche,,,Saarland,code10,1800.205
2020,Einwohner/-innen pro km² Siedlungs- und Verkehrsfläche,,,Saarland,code10,1791.701
2021,Einwohner/-innen pro km² Siedlungs- und Verkehrsfläche,,,Saarland,code10,1776.381
2022,Einwohner/-innen pro km² Siedlungs- und Verkehrsfläche,,,Saarland,code10,1764.655
2023,Einwohner/-innen pro km² Siedlungs- und Verkehrsfläche,…,,Saarland,code10,
2000,Einwohner/-innen pro km² Siedlungs- und Verkehrsfläche,,,Sachsen,code14,2114.23
2001,Einwohner/-innen pro km² Siedlungs- und Verkehrsfläche,,,Sachsen,code14,2063.24
2002,Einwohner/-innen pro km² Siedlungs- und Verkehrsfläche,,,Sachsen,code14,2024.27
2003,Einwohner/-innen pro km² Siedlungs- und Verkehrsfläche,,,Sachsen,code14,1995.23
2004,Einwohner/-innen pro km² Siedlungs- und Verkehrsfläche,,,Sachsen,code14,1972.321
2005,Einwohner/-innen pro km² Siedlungs- und Verkehrsfläche,,,Sachsen,code14,1950.055
2006,Einwohner/-innen pro km² Siedlungs- und Verkehrsfläche,,,Sachsen,code14,1922.026
2007,Einwohner/-innen pro km² Siedlungs- und Verkehrsfläche,,,Sachsen,code14,1871.419
2008,Einwohner/-innen pro km² Siedlungs- und Verkehrsfläche,,,Sachsen,code14,1836.532
2009,Einwohner/-innen pro km² Siedlungs- und Verkehrsfläche,,,Sachsen,code14,1794.404
2010,Einwohner/-innen pro km² Siedlungs- und Verkehrsfläche,,,Sachsen,code14,1764.868
2011,Einwohner/-innen pro km² Siedlungs- und Verkehrsfläche,,,Sachsen,code14,1783.954
2012,Einwohner/-innen pro km² Siedlungs- und Verkehrsfläche,,,Sachsen,code14,1728.125
2013,Einwohner/-innen pro km² Siedlungs- und Verkehrsfläche,,,Sachsen,code14,1718.373
2014,Einwohner/-innen pro km² Siedlungs- und Verkehrsfläche,,,Sachsen,code14,1654.963
2015,Einwohner/-innen pro km² Siedlungs- und Verkehrsfläche,,,Sachsen,code14,1667.465
2016,Einwohner/-innen pro km² Siedlungs- und Verkehrsfläche,|,,Sachsen,code14,1671.584
2017,Einwohner/-innen pro km² Siedlungs- und Verkehrsfläche,,,Sachsen,code14,1658.035
2018,Einwohner/-innen pro km² Siedlungs- und Verkehrsfläche,,,Sachsen,code14,1646.864
2019,Einwohner/-innen pro km² Siedlungs- und Verkehrsfläche,,,Sachsen,code14,1633.305
2020,Einwohner/-innen pro km² Siedlungs- und Verkehrsfläche,,,Sachsen,code14,1616.426
2021,Einwohner/-innen pro km² Siedlungs- und Verkehrsfläche,,,Sachsen,code14,1596.718
2022,Einwohner/-innen pro km² Siedlungs- und Verkehrsfläche,,,Sachsen,code14,1581.027
2023,Einwohner/-innen pro km² Siedlungs- und Verkehrsfläche,…,,Sachsen,code14,
2000,Einwohner/-innen pro km² Siedlungs- und Verkehrsfläche,,,Sachsen-Anhalt,code15,1356.503
2001,Einwohner/-innen pro km² Siedlungs- und Verkehrsfläche,,,Sachsen-Anhalt,code15,1309.221
2002,Einwohner/-innen pro km² Siedlungs- und Verkehrsfläche,,,Sachsen-Anhalt,code15,1281.478
2003,Einwohner/-innen pro km² Siedlungs- und Verkehrsfläche,,,Sachsen-Anhalt,code15,1247.07
2004,Einwohner/-innen pro km² Siedlungs- und Verkehrsfläche,,,Sachsen-Anhalt,code15,1174.39
2005,Einwohner/-innen pro km² Siedlungs- und Verkehrsfläche,,,Sachsen-Anhalt,code15,1113.523
2006,Einwohner/-innen pro km² Siedlungs- und Verkehrsfläche,,,Sachsen-Anhalt,code15,1078.843
2007,Einwohner/-innen pro km² Siedlungs- und Verkehrsfläche,,,Sachsen-Anhalt,code15,1063.506
2008,Einwohner/-innen pro km² Siedlungs- und Verkehrsfläche,,,Sachsen-Anhalt,code15,1044.825
2009,Einwohner/-innen pro km² Siedlungs- und Verkehrsfläche,,,Sachsen-Anhalt,code15,1031.703
2010,Einwohner/-innen pro km² Siedlungs- und Verkehrsfläche,,,Sachsen-Anhalt,code15,1024.247
2011,Einwohner/-innen pro km² Siedlungs- und Verkehrsfläche,,,Sachsen-Anhalt,code15,1041.948
2012,Einwohner/-innen pro km² Siedlungs- und Verkehrsfläche,,,Sachsen-Anhalt,code15,1016.854
2013,Einwohner/-innen pro km² Siedlungs- und Verkehrsfläche,,,Sachsen-Anhalt,code15,1008.658
2014,Einwohner/-innen pro km² Siedlungs- und Verkehrsfläche,,,Sachsen-Anhalt,code15,999.366
2015,Einwohner/-innen pro km² Siedlungs- und Verkehrsfläche,,,Sachsen-Anhalt,code15,994.461
2016,Einwohner/-innen pro km² Siedlungs- und Verkehrsfläche,|,,Sachsen-Anhalt,code15,996.105
2017,Einwohner/-innen pro km² Siedlungs- und Verkehrsfläche,,,Sachsen-Anhalt,code15,991.031
2018,Einwohner/-innen pro km² Siedlungs- und Verkehrsfläche,,,Sachsen-Anhalt,code15,985.351
2019,Einwohner/-innen pro km² Siedlungs- und Verkehrsfläche,,,Sachsen-Anhalt,code15,976.2
2020,Einwohner/-innen pro km² Siedlungs- und Verkehrsfläche,,,Sachsen-Anhalt,code15,969.225
2021,Einwohner/-innen pro km² Siedlungs- und Verkehrsfläche,,,Sachsen-Anhalt,code15,962.201
2022,Einwohner/-innen pro km² Siedlungs- und Verkehrsfläche,,,Sachsen-Anhalt,code15,954.916
2023,Einwohner/-innen pro km² Siedlungs- und Verkehrsfläche,…,,Sachsen-Anhalt,code15,
2000,Einwohner/-innen pro km² Siedlungs- und Verkehrsfläche,,,Schleswig-Holstein,code01,1573.999
2001,Einwohner/-innen pro km² Siedlungs- und Verkehrsfläche,,,Schleswig-Holstein,code01,1554.015
2002,Einwohner/-innen pro km² Siedlungs- und Verkehrsfläche,,,Schleswig-Holstein,code01,1533.478
2003,Einwohner/-innen pro km² Siedlungs- und Verkehrsfläche,,,Schleswig-Holstein,code01,1510.628
2004,Einwohner/-innen pro km² Siedlungs- und Verkehrsfläche,,,Schleswig-Holstein,code01,1487.943
2005,Einwohner/-innen pro km² Siedlungs- und Verkehrsfläche,,,Schleswig-Holstein,code01,1476.864
2006,Einwohner/-innen pro km² Siedlungs- und Verkehrsfläche,,,Schleswig-Holstein,code01,1458.381
2007,Einwohner/-innen pro km² Siedlungs- und Verkehrsfläche,,,Schleswig-Holstein,code01,1439.069
2008,Einwohner/-innen pro km² Siedlungs- und Verkehrsfläche,,,Schleswig-Holstein,code01,1428.677
2009,Einwohner/-innen pro km² Siedlungs- und Verkehrsfläche,,,Schleswig-Holstein,code01,1417.399
2010,Einwohner/-innen pro km² Siedlungs- und Verkehrsfläche,,,Schleswig-Holstein,code01,1409.937
2011,Einwohner/-innen pro km² Siedlungs- und Verkehrsfläche,,,Schleswig-Holstein,code01,1415.007
2012,Einwohner/-innen pro km² Siedlungs- und Verkehrsfläche,,,Schleswig-Holstein,code01,1393.469
2013,Einwohner/-innen pro km² Siedlungs- und Verkehrsfläche,,,Schleswig-Holstein,code01,1388.684
2014,Einwohner/-innen pro km² Siedlungs- und Verkehrsfläche,,,Schleswig-Holstein,code01,1385.805
2015,Einwohner/-innen pro km² Siedlungs- und Verkehrsfläche,,,Schleswig-Holstein,code01,1386.319
2016,Einwohner/-innen pro km² Siedlungs- und Verkehrsfläche,|,,Schleswig-Holstein,code01,1397.556
2017,Einwohner/-innen pro km² Siedlungs- und Verkehrsfläche,,,Schleswig-Holstein,code01,1400.53
2018,Einwohner/-innen pro km² Siedlungs- und Verkehrsfläche,,,Schleswig-Holstein,code01,1396.555
2019,Einwohner/-innen pro km² Siedlungs- und Verkehrsfläche,,,Schleswig-Holstein,code01,1395.535
2020,Einwohner/-innen pro km² Siedlungs- und Verkehrsfläche,,,Schleswig-Holstein,code01,1384.899
2021,Einwohner/-innen pro km² Siedlungs- und Verkehrsfläche,,,Schleswig-Holstein,code01,1378.268
2022,Einwohner/-innen pro km² Siedlungs- und Verkehrsfläche,,,Schleswig-Holstein,code01,1377.408
2023,Einwohner/-innen pro km² Siedlungs- und Verkehrsfläche,…,,Schleswig-Holstein,code01,
2000,Einwohner/-innen pro km² Siedlungs- und Verkehrsfläche,,,Thüringen,code16,1700.579
2001,Einwohner/-innen pro km² Siedlungs- und Verkehrsfläche,,,Thüringen,code16,1674.452
2002,Einwohner/-innen pro km² Siedlungs- und Verkehrsfläche,,,Thüringen,code16,1643.346
2003,Einwohner/-innen pro km² Siedlungs- und Verkehrsfläche,,,Thüringen,code16,1623.246
2004,Einwohner/-innen pro km² Siedlungs- und Verkehrsfläche,,,Thüringen,code16,1605.09
2005,Einwohner/-innen pro km² Siedlungs- und Verkehrsfläche,,,Thüringen,code16,1582.948
2006,Einwohner/-innen pro km² Siedlungs- und Verkehrsfläche,,,Thüringen,code16,1560.18
2007,Einwohner/-innen pro km² Siedlungs- und Verkehrsfläche,,,Thüringen,code16,1535.428
2008,Einwohner/-innen pro km² Siedlungs- und Verkehrsfläche,,,Thüringen,code16,1510.177
2009,Einwohner/-innen pro km² Siedlungs- und Verkehrsfläche,,,Thüringen,code16,1486.673
2010,Einwohner/-innen pro km² Siedlungs- und Verkehrsfläche,,,Thüringen,code16,1462.588
2011,Einwohner/-innen pro km² Siedlungs- und Verkehrsfläche,,,Thüringen,code16,1470.411
2012,Einwohner/-innen pro km² Siedlungs- und Verkehrsfläche,,,Thüringen,code16,1417.546
2013,Einwohner/-innen pro km² Siedlungs- und Verkehrsfläche,,,Thüringen,code16,1401.201
2014,Einwohner/-innen pro km² Siedlungs- und Verkehrsfläche,,,Thüringen,code16,1368.486
2015,Einwohner/-innen pro km² Siedlungs- und Verkehrsfläche,,,Thüringen,code16,1358.161
2016,Einwohner/-innen pro km² Siedlungs- und Verkehrsfläche,|,,Thüringen,code16,1340.03
2017,Einwohner/-innen pro km² Siedlungs- und Verkehrsfläche,,,Thüringen,code16,1245.86
2018,Einwohner/-innen pro km² Siedlungs- und Verkehrsfläche,,,Thüringen,code16,1133.789
2019,Einwohner/-innen pro km² Siedlungs- und Verkehrsfläche,,,Thüringen,code16,1125.389
2020,Einwohner/-innen pro km² Siedlungs- und Verkehrsfläche,,,Thüringen,code16,1118.474
2021,Einwohner/-innen pro km² Siedlungs- und Verkehrsfläche,,,Thüringen,code16,1109.746
2022,Einwohner/-innen pro km² Siedlungs- und Verkehrsfläche,,,Thüringen,code16,1102.996
2023,Einwohner/-innen pro km² Siedlungs- und Verkehrsfläche,…,,Thüringen,code16,
