Year,Units,Zeitreihe,COMMENT_OBS_0,Value
1990,2030 = 100,<u>Zeitreihe des Indikators:</u> Gesamtindikator,,136.8
1991,2030 = 100,<u>Zeitreihe des Indikators:</u> Gesamtindikator,,127.87
1992,2030 = 100,<u>Zeitreihe des Indikators:</u> Gesamtindikator,,120.0
1993,2030 = 100,<u>Zeitreihe des Indikators:</u> Gesamtindikator,,126.26
1994,2030 = 100,<u>Zeitreihe des Indikators:</u> Gesamtindikator,,126.87
1995,2030 = 100,<u>Zeitreihe des Indikators:</u> Gesamtindikator,,113.43
1996,2030 = 100,<u>Zeitreihe des Indikators:</u> Gesamtindikator,,119.45
1997,2030 = 100,<u>Zeitreihe des Indikators:</u> Gesamtindikator,,108.56
1998,2030 = 100,<u>Zeitreihe des Indikators:</u> Gesamtindikator,,102.13
1999,2030 = 100,<u>Zeitreihe des Indikators:</u> Gesamtindikator,,109.0
2000,2030 = 100,<u>Zeitreihe des Indikators:</u> Gesamtindikator,r,101.86
2001,2030 = 100,<u>Zeitreihe des Indikators:</u> Gesamtindikator,,99.83
2002,2030 = 100,<u>Zeitreihe des Indikators:</u> Gesamtindikator,r,93.25
2003,2030 = 100,<u>Zeitreihe des Indikators:</u> Gesamtindikator,,89.04
2004,2030 = 100,<u>Zeitreihe des Indikators:</u> Gesamtindikator,,92.82
2005,2030 = 100,<u>Zeitreihe des Indikators:</u> Gesamtindikator,r,91.29
2006,2030 = 100,<u>Zeitreihe des Indikators:</u> Gesamtindikator,r,86.58
2007,2030 = 100,<u>Zeitreihe des Indikators:</u> Gesamtindikator,r,87.36
2008,2030 = 100,<u>Zeitreihe des Indikators:</u> Gesamtindikator,r,88.45
2009,2030 = 100,<u>Zeitreihe des Indikators:</u> Gesamtindikator,r,82.62
2010,2030 = 100,<u>Zeitreihe des Indikators:</u> Gesamtindikator,,79.47
2011,2030 = 100,<u>Zeitreihe des Indikators:</u> Gesamtindikator,r,76.9
2012,2030 = 100,<u>Zeitreihe des Indikators:</u> Gesamtindikator,r,80.6
2013,2030 = 100,<u>Zeitreihe des Indikators:</u> Gesamtindikator,r,77.04
2014,2030 = 100,<u>Zeitreihe des Indikators:</u> Gesamtindikator,r,76.15
2015,2030 = 100,<u>Zeitreihe des Indikators:</u> Gesamtindikator,r,79.83
2016,2030 = 100,<u>Zeitreihe des Indikators:</u> Gesamtindikator,r,79.99
2017,2030 = 100,<u>Zeitreihe des Indikators:</u> Gesamtindikator,r,75.54
2018,2030 = 100,<u>Zeitreihe des Indikators:</u> Gesamtindikator,r,73.43
2019,2030 = 100,<u>Zeitreihe des Indikators:</u> Gesamtindikator,r,75.29
2020,2030 = 100,<u>Zeitreihe des Indikators:</u> Gesamtindikator,,81.43
2021,2030 = 100,<u>Zeitreihe des Indikators:</u> Gesamtindikator,,81.65
2022,2030 = 100,<u>Zeitreihe des Indikators:</u> Gesamtindikator,,80.37
2023,2030 = 100,<u>Zeitreihe des Indikators:</u> Gesamtindikator,,79.96
2030,2030 = 100,<u>Zeitreihe des Indikators:</u> Gesamtindikator,…,
1990,2030 = 100,Teilindikator Wälder,,92.94
1991,2030 = 100,Teilindikator Wälder,,85.38
1992,2030 = 100,Teilindikator Wälder,,81.8
1993,2030 = 100,Teilindikator Wälder,,82.27
1994,2030 = 100,Teilindikator Wälder,,83.04
1995,2030 = 100,Teilindikator Wälder,,73.26
1996,2030 = 100,Teilindikator Wälder,,80.09
1997,2030 = 100,Teilindikator Wälder,,79.99
1998,2030 = 100,Teilindikator Wälder,,72.63
1999,2030 = 100,Teilindikator Wälder,,77.07
2000,2030 = 100,Teilindikator Wälder,r,74.06
2001,2030 = 100,Teilindikator Wälder,r,74.38
2002,2030 = 100,Teilindikator Wälder,r,71.85
2003,2030 = 100,Teilindikator Wälder,r,72.14
2004,2030 = 100,Teilindikator Wälder,r,73.87
2005,2030 = 100,Teilindikator Wälder,r,74.49
2006,2030 = 100,Teilindikator Wälder,,75.61
2007,2030 = 100,Teilindikator Wälder,r,71.61
2008,2030 = 100,Teilindikator Wälder,r,77.55
2009,2030 = 100,Teilindikator Wälder,r,69.93
2010,2030 = 100,Teilindikator Wälder,r,76.23
2011,2030 = 100,Teilindikator Wälder,r,74.55
2012,2030 = 100,Teilindikator Wälder,r,82.87
2013,2030 = 100,Teilindikator Wälder,r,81.53
2014,2030 = 100,Teilindikator Wälder,,77.09
2015,2030 = 100,Teilindikator Wälder,r,82.12
2016,2030 = 100,Teilindikator Wälder,r,79.45
2017,2030 = 100,Teilindikator Wälder,r,78.73
2018,2030 = 100,Teilindikator Wälder,r,76.63
2019,2030 = 100,Teilindikator Wälder,r,79.72
2020,2030 = 100,Teilindikator Wälder,,85.13
2021,2030 = 100,Teilindikator Wälder,,88.74
2022,2030 = 100,Teilindikator Wälder,,85.09
2023,2030 = 100,Teilindikator Wälder,,83.46
2030,2030 = 100,Teilindikator Wälder,…,
1990,2030 = 100,Teilindikator Siedlungen,,93.24
1991,2030 = 100,Teilindikator Siedlungen,,87.24
1992,2030 = 100,Teilindikator Siedlungen,,83.47
1993,2030 = 100,Teilindikator Siedlungen,,91.76
1994,2030 = 100,Teilindikator Siedlungen,,87.15
1995,2030 = 100,Teilindikator Siedlungen,,92.87
1996,2030 = 100,Teilindikator Siedlungen,,104.82
1997,2030 = 100,Teilindikator Siedlungen,,96.2
1998,2030 = 100,Teilindikator Siedlungen,,93.29
1999,2030 = 100,Teilindikator Siedlungen,,90.94
2000,2030 = 100,Teilindikator Siedlungen,,85.79
2001,2030 = 100,Teilindikator Siedlungen,,83.76
2002,2030 = 100,Teilindikator Siedlungen,,76.13
2003,2030 = 100,Teilindikator Siedlungen,r,72.06
2004,2030 = 100,Teilindikator Siedlungen,,80.45
2005,2030 = 100,Teilindikator Siedlungen,r,77.36
2006,2030 = 100,Teilindikator Siedlungen,,74.54
2007,2030 = 100,Teilindikator Siedlungen,r,76.29
2008,2030 = 100,Teilindikator Siedlungen,r,69.32
2009,2030 = 100,Teilindikator Siedlungen,r,71.37
2010,2030 = 100,Teilindikator Siedlungen,r,73.28
2011,2030 = 100,Teilindikator Siedlungen,r,79.18
2012,2030 = 100,Teilindikator Siedlungen,r,77.5
2013,2030 = 100,Teilindikator Siedlungen,r,75.14
2014,2030 = 100,Teilindikator Siedlungen,r,76.66
2015,2030 = 100,Teilindikator Siedlungen,r,77.91
2016,2030 = 100,Teilindikator Siedlungen,r,79.78
2017,2030 = 100,Teilindikator Siedlungen,r,80.36
2018,2030 = 100,Teilindikator Siedlungen,r,77.23
2019,2030 = 100,Teilindikator Siedlungen,r,78.23
2020,2030 = 100,Teilindikator Siedlungen,,83.75
2021,2030 = 100,Teilindikator Siedlungen,,84.57
2022,2030 = 100,Teilindikator Siedlungen,,83.67
2023,2030 = 100,Teilindikator Siedlungen,,83.11
2030,2030 = 100,Teilindikator Siedlungen,…,
1990,2030 = 100,Teilindikator Agrarland,,182.97
1991,2030 = 100,Teilindikator Agrarland,,174.18
1992,2030 = 100,Teilindikator Agrarland,,161.58
1993,2030 = 100,Teilindikator Agrarland,,171.77
1994,2030 = 100,Teilindikator Agrarland,,172.43
1995,2030 = 100,Teilindikator Agrarland,,148.98
1996,2030 = 100,Teilindikator Agrarland,,155.38
1997,2030 = 100,Teilindikator Agrarland,,136.58
1998,2030 = 100,Teilindikator Agrarland,,128.14
1999,2030 = 100,Teilindikator Agrarland,,138.23
2000,2030 = 100,Teilindikator Agrarland,r,127.65
2001,2030 = 100,Teilindikator Agrarland,,121.82
2002,2030 = 100,Teilindikator Agrarland,,112.01
2003,2030 = 100,Teilindikator Agrarland,,104.2
2004,2030 = 100,Teilindikator Agrarland,,108.23
2005,2030 = 100,Teilindikator Agrarland,,106.13
2006,2030 = 100,Teilindikator Agrarland,,97.63
2007,2030 = 100,Teilindikator Agrarland,r,98.62
2008,2030 = 100,Teilindikator Agrarland,r,98.43
2009,2030 = 100,Teilindikator Agrarland,r,92.75
2010,2030 = 100,Teilindikator Agrarland,r,83.34
2011,2030 = 100,Teilindikator Agrarland,r,77.14
2012,2030 = 100,Teilindikator Agrarland,r,80.09
2013,2030 = 100,Teilindikator Agrarland,r,74.31
2014,2030 = 100,Teilindikator Agrarland,r,74.21
2015,2030 = 100,Teilindikator Agrarland,r,78.25
2016,2030 = 100,Teilindikator Agrarland,r,79.19
2017,2030 = 100,Teilindikator Agrarland,r,71.2
2018,2030 = 100,Teilindikator Agrarland,r,69.41
2019,2030 = 100,Teilindikator Agrarland,r,71.26
2020,2030 = 100,Teilindikator Agrarland,,77.8
2021,2030 = 100,Teilindikator Agrarland,,77.18
2022,2030 = 100,Teilindikator Agrarland,,77.14
2023,2030 = 100,Teilindikator Agrarland,,76.99
2030,2030 = 100,Teilindikator Agrarland,…,
1990,2030 = 100,Teilindikator Binnengewässer,,89.68
1991,2030 = 100,Teilindikator Binnengewässer,,71.34
1992,2030 = 100,Teilindikator Binnengewässer,,69.44
1993,2030 = 100,Teilindikator Binnengewässer,,70.06
1994,2030 = 100,Teilindikator Binnengewässer,,77.43
1995,2030 = 100,Teilindikator Binnengewässer,,79.03
1996,2030 = 100,Teilindikator Binnengewässer,,71.77
1997,2030 = 100,Teilindikator Binnengewässer,,65.89
1998,2030 = 100,Teilindikator Binnengewässer,,68.33
1999,2030 = 100,Teilindikator Binnengewässer,,78.84
2000,2030 = 100,Teilindikator Binnengewässer,r,74.19
2001,2030 = 100,Teilindikator Binnengewässer,r,85.34
2002,2030 = 100,Teilindikator Binnengewässer,r,84.73
2003,2030 = 100,Teilindikator Binnengewässer,r,85.47
2004,2030 = 100,Teilindikator Binnengewässer,r,87.81
2005,2030 = 100,Teilindikator Binnengewässer,r,84.69
2006,2030 = 100,Teilindikator Binnengewässer,,79.22
2007,2030 = 100,Teilindikator Binnengewässer,r,92.76
2008,2030 = 100,Teilindikator Binnengewässer,r,96.82
2009,2030 = 100,Teilindikator Binnengewässer,r,84.62
2010,2030 = 100,Teilindikator Binnengewässer,r,77.76
2011,2030 = 100,Teilindikator Binnengewässer,r,79.83
2012,2030 = 100,Teilindikator Binnengewässer,r,80.49
2013,2030 = 100,Teilindikator Binnengewässer,r,80.11
2014,2030 = 100,Teilindikator Binnengewässer,r,82.96
2015,2030 = 100,Teilindikator Binnengewässer,r,83.84
2016,2030 = 100,Teilindikator Binnengewässer,r,86.47
2017,2030 = 100,Teilindikator Binnengewässer,r,81.86
2018,2030 = 100,Teilindikator Binnengewässer,r,79.58
2019,2030 = 100,Teilindikator Binnengewässer,r,78.68
2020,2030 = 100,Teilindikator Binnengewässer,,85.88
2021,2030 = 100,Teilindikator Binnengewässer,,78.92
2022,2030 = 100,Teilindikator Binnengewässer,,78.01
2023,2030 = 100,Teilindikator Binnengewässer,,80.3
2030,2030 = 100,Teilindikator Binnengewässer,…,
1990,2030 = 100,<u>Zusätzliche Zeitreihe:</u> Küsten/Meere,,88.29
1991,2030 = 100,<u>Zusätzliche Zeitreihe:</u> Küsten/Meere,,86.9
1992,2030 = 100,<u>Zusätzliche Zeitreihe:</u> Küsten/Meere,,106.2
1993,2030 = 100,<u>Zusätzliche Zeitreihe:</u> Küsten/Meere,,99.27
1994,2030 = 100,<u>Zusätzliche Zeitreihe:</u> Küsten/Meere,,108.47
1995,2030 = 100,<u>Zusätzliche Zeitreihe:</u> Küsten/Meere,,110.09
1996,2030 = 100,<u>Zusätzliche Zeitreihe:</u> Küsten/Meere,,96.46
1997,2030 = 100,<u>Zusätzliche Zeitreihe:</u> Küsten/Meere,,98.8
1998,2030 = 100,<u>Zusätzliche Zeitreihe:</u> Küsten/Meere,,102.05
1999,2030 = 100,<u>Zusätzliche Zeitreihe:</u> Küsten/Meere,,102.81
2000,2030 = 100,<u>Zusätzliche Zeitreihe:</u> Küsten/Meere,r,102.38
2001,2030 = 100,<u>Zusätzliche Zeitreihe:</u> Küsten/Meere,r,103.67
2002,2030 = 100,<u>Zusätzliche Zeitreihe:</u> Küsten/Meere,r,99.68
2003,2030 = 100,<u>Zusätzliche Zeitreihe:</u> Küsten/Meere,r,98.75
2004,2030 = 100,<u>Zusätzliche Zeitreihe:</u> Küsten/Meere,r,90.28
2005,2030 = 100,<u>Zusätzliche Zeitreihe:</u> Küsten/Meere,r,86.81
2006,2030 = 100,<u>Zusätzliche Zeitreihe:</u> Küsten/Meere,r,85.32
2007,2030 = 100,<u>Zusätzliche Zeitreihe:</u> Küsten/Meere,r,88.16
2008,2030 = 100,<u>Zusätzliche Zeitreihe:</u> Küsten/Meere,r,83.67
2009,2030 = 100,<u>Zusätzliche Zeitreihe:</u> Küsten/Meere,r,77.6
2010,2030 = 100,<u>Zusätzliche Zeitreihe:</u> Küsten/Meere,r,78.56
2011,2030 = 100,<u>Zusätzliche Zeitreihe:</u> Küsten/Meere,r,81.4
2012,2030 = 100,<u>Zusätzliche Zeitreihe:</u> Küsten/Meere,r,78.84
2013,2030 = 100,<u>Zusätzliche Zeitreihe:</u> Küsten/Meere,r,78.76
2014,2030 = 100,<u>Zusätzliche Zeitreihe:</u> Küsten/Meere,r,81.06
2015,2030 = 100,<u>Zusätzliche Zeitreihe:</u> Küsten/Meere,r,76.59
2016,2030 = 100,<u>Zusätzliche Zeitreihe:</u> Küsten/Meere,r,81.05
2017,2030 = 100,<u>Zusätzliche Zeitreihe:</u> Küsten/Meere,r,76.29
2018,2030 = 100,<u>Zusätzliche Zeitreihe:</u> Küsten/Meere,,77.61
2019,2030 = 100,<u>Zusätzliche Zeitreihe:</u> Küsten/Meere,,81.98
2020,2030 = 100,<u>Zusätzliche Zeitreihe:</u> Küsten/Meere,,84.15
2021,2030 = 100,<u>Zusätzliche Zeitreihe:</u> Küsten/Meere,,83.6
2022,2030 = 100,<u>Zusätzliche Zeitreihe:</u> Küsten/Meere,,81.72
2023,2030 = 100,<u>Zusätzliche Zeitreihe:</u> Küsten/Meere,,79.04
2030,2030 = 100,<u>Zusätzliche Zeitreihe:</u> Küsten/Meere,…,
