Year,Units,Zeitreihe,COMMENT_OBS_0,COMMENT_OBS_1,Bundesland,GeoCode,Value
2006,Stunden,Mütter,,,,,15.007
2007,Stunden,Mütter,|,,,,15.246
2008,Stunden,Mütter,,,,,15.51
2009,Stunden,Mütter,,,,,15.848
2010,Stunden,Mütter,,,,,16.244
2011,Stunden,Mütter,,,,,16.689
2012,Stunden,Mütter,,,,,17.008
2013,Stunden,Mütter,,,,,17.23
2014,Stunden,Mütter,,,,,17.393
2015,Stunden,Mütter,,,,,17.576
2016,Stunden,Mütter,,,,,17.894
2017,Stunden,Mütter,,,,,18.037
2018,Stunden,Mütter,,,,,18.361
2019,Stunden,Mütter,,,,,18.704
2020,Stunden,Mütter,|,,,,18.443
2021,Stunden,Mütter,|,r,,,18.892
2022,Stunden,Mütter,r,,,,19.237
2023,Stunden,Mütter,r,,,,19.334
2024,Stunden,Mütter,p,,,,19.588
2006,Stunden,Väter,,,,,37.166
2007,Stunden,Väter,|,,,,37.723
2008,Stunden,Väter,,,,,38.093
2009,Stunden,Väter,,,,,37.84
2010,Stunden,Väter,,,,,38.05
2011,Stunden,Väter,,,,,38.648
2012,Stunden,Väter,,,,,38.766
2013,Stunden,Väter,,,,,38.466
2014,Stunden,Väter,,,,,38.201
2015,Stunden,Väter,,,,,38.048
2016,Stunden,Väter,,,,,37.898
2017,Stunden,Väter,,,,,37.623
2018,Stunden,Väter,,,,,37.581
2019,Stunden,Väter,,,,,37.587
2020,Stunden,Väter,|,,,,36.528
2021,Stunden,Väter,|,r,,,36.652
2022,Stunden,Väter,r,,,,37.1
2023,Stunden,Väter,r,,,,36.837
2024,Stunden,Väter,p,,,,36.636
2006,Stunden,Differenz,,,,,22.159
2007,Stunden,Differenz,|,,,,22.477
2008,Stunden,Differenz,,,,,22.583
2009,Stunden,Differenz,,,,,21.992
2010,Stunden,Differenz,,,,,21.806
2011,Stunden,Differenz,,,,,21.959
2012,Stunden,Differenz,,,,,21.758
2013,Stunden,Differenz,,,,,21.236
2014,Stunden,Differenz,,,,,20.808
2015,Stunden,Differenz,,,,,20.472
2016,Stunden,Differenz,,,,,20.004
2017,Stunden,Differenz,,,,,19.586
2018,Stunden,Differenz,,,,,19.22
2019,Stunden,Differenz,,,,,18.883
2020,Stunden,Differenz,|,,,,18.085
2021,Stunden,Differenz,|,r,,,17.761
2022,Stunden,Differenz,r,,,,17.863
2023,Stunden,Differenz,r,,,,17.502
2024,Stunden,Differenz,p,,,,17.047
2006,Stunden,Mütter,,,Baden-Württemberg,code08,13.78
2007,Stunden,Mütter,|,,Baden-Württemberg,code08,14.243
2008,Stunden,Mütter,,,Baden-Württemberg,code08,14.782
2009,Stunden,Mütter,,,Baden-Württemberg,code08,14.761
2010,Stunden,Mütter,,,Baden-Württemberg,code08,14.957
2011,Stunden,Mütter,,,Baden-Württemberg,code08,15.612
2012,Stunden,Mütter,,,Baden-Württemberg,code08,15.974
2013,Stunden,Mütter,,,Baden-Württemberg,code08,16.153
2014,Stunden,Mütter,,,Baden-Württemberg,code08,16.4
2015,Stunden,Mütter,,,Baden-Württemberg,code08,16.449
2016,Stunden,Mütter,,,Baden-Württemberg,code08,16.433
2017,Stunden,Mütter,,,Baden-Württemberg,code08,16.433
2018,Stunden,Mütter,,,Baden-Württemberg,code08,16.866
2019,Stunden,Mütter,,,Baden-Württemberg,code08,16.988
2020,Stunden,Mütter,|,,Baden-Württemberg,code08,16.441
2021,Stunden,Mütter,|,,Baden-Württemberg,code08,16.788
2022,Stunden,Mütter,,,Baden-Württemberg,code08,17.279
2023,Stunden,Mütter,,,Baden-Württemberg,code08,17.538
2024,Stunden,Mütter,p,,Baden-Württemberg,code08,17.847
2006,Stunden,Mütter,,,Bayern,code09,14.457
2007,Stunden,Mütter,|,,Bayern,code09,14.821
2008,Stunden,Mütter,,,Bayern,code09,15.148
2009,Stunden,Mütter,,,Bayern,code09,15.481
2010,Stunden,Mütter,,,Bayern,code09,15.749
2011,Stunden,Mütter,,,Bayern,code09,16.174
2012,Stunden,Mütter,,,Bayern,code09,16.488
2013,Stunden,Mütter,,,Bayern,code09,16.716
2014,Stunden,Mütter,,,Bayern,code09,16.878
2015,Stunden,Mütter,,,Bayern,code09,16.962
2016,Stunden,Mütter,,,Bayern,code09,17.243
2017,Stunden,Mütter,,,Bayern,code09,17.15
2018,Stunden,Mütter,,,Bayern,code09,17.262
2019,Stunden,Mütter,,,Bayern,code09,17.994
2020,Stunden,Mütter,|,,Bayern,code09,17.237
2021,Stunden,Mütter,|,,Bayern,code09,17.653
2022,Stunden,Mütter,,,Bayern,code09,18.065
2023,Stunden,Mütter,,,Bayern,code09,18.378
2024,Stunden,Mütter,p,,Bayern,code09,18.904
2006,Stunden,Mütter,,,Berlin,code11,17.266
2007,Stunden,Mütter,|,,Berlin,code11,17.775
2008,Stunden,Mütter,,,Berlin,code11,18.023
2009,Stunden,Mütter,,,Berlin,code11,18.134
2010,Stunden,Mütter,,,Berlin,code11,18.368
2011,Stunden,Mütter,,,Berlin,code11,18.761
2012,Stunden,Mütter,,,Berlin,code11,18.953
2013,Stunden,Mütter,,,Berlin,code11,18.754
2014,Stunden,Mütter,,,Berlin,code11,18.56
2015,Stunden,Mütter,,,Berlin,code11,18.733
2016,Stunden,Mütter,,,Berlin,code11,20.433
2017,Stunden,Mütter,,,Berlin,code11,20.112
2018,Stunden,Mütter,,,Berlin,code11,21.071
2019,Stunden,Mütter,,,Berlin,code11,21.014
2020,Stunden,Mütter,|,,Berlin,code11,21.249
2021,Stunden,Mütter,|,,Berlin,code11,21.683
2022,Stunden,Mütter,,,Berlin,code11,21.705
2023,Stunden,Mütter,,,Berlin,code11,20.925
2024,Stunden,Mütter,p,,Berlin,code11,21.102
2006,Stunden,Mütter,,,Brandenburg,code12,22.992
2007,Stunden,Mütter,|,,Brandenburg,code12,22.868
2008,Stunden,Mütter,,,Brandenburg,code12,23.329
2009,Stunden,Mütter,,,Brandenburg,code12,24.388
2010,Stunden,Mütter,,,Brandenburg,code12,24.665
2011,Stunden,Mütter,,,Brandenburg,code12,24.502
2012,Stunden,Mütter,,,Brandenburg,code12,24.04
2013,Stunden,Mütter,,,Brandenburg,code12,24.407
2014,Stunden,Mütter,,,Brandenburg,code12,23.926
2015,Stunden,Mütter,,,Brandenburg,code12,24.478
2016,Stunden,Mütter,,,Brandenburg,code12,25.726
2017,Stunden,Mütter,,,Brandenburg,code12,26.279
2018,Stunden,Mütter,,,Brandenburg,code12,26.326
2019,Stunden,Mütter,,,Brandenburg,code12,26.828
2020,Stunden,Mütter,|,,Brandenburg,code12,27.313
2021,Stunden,Mütter,|,,Brandenburg,code12,28.033
2022,Stunden,Mütter,,,Brandenburg,code12,27.916
2023,Stunden,Mütter,,,Brandenburg,code12,27.172
2024,Stunden,Mütter,p,,Brandenburg,code12,27.444
2006,Stunden,Mütter,,,Bremen,code04,12.462
2007,Stunden,Mütter,|,,Bremen,code04,13.508
2008,Stunden,Mütter,,,Bremen,code04,13.508
2009,Stunden,Mütter,,,Bremen,code04,15.362
2010,Stunden,Mütter,,,Bremen,code04,14.78
2011,Stunden,Mütter,,,Bremen,code04,14.102
2012,Stunden,Mütter,,,Bremen,code04,14.831
2013,Stunden,Mütter,,,Bremen,code04,14.898
2014,Stunden,Mütter,,,Bremen,code04,13.917
2015,Stunden,Mütter,,,Bremen,code04,14.328
2016,Stunden,Mütter,,,Bremen,code04,14.441
2017,Stunden,Mütter,,,Bremen,code04,14.85
2018,Stunden,Mütter,,,Bremen,code04,14.542
2019,Stunden,Mütter,,,Bremen,code04,14.3
2020,Stunden,Mütter,|,,Bremen,code04,14.113
2021,Stunden,Mütter,|,,Bremen,code04,14.877
2022,Stunden,Mütter,,,Bremen,code04,14.818
2023,Stunden,Mütter,,,Bremen,code04,14.191
2024,Stunden,Mütter,p,,Bremen,code04,15.224
2006,Stunden,Mütter,,,Hamburg,code02,15.143
2007,Stunden,Mütter,|,,Hamburg,code02,15.018
2008,Stunden,Mütter,,,Hamburg,code02,15.671
2009,Stunden,Mütter,,,Hamburg,code02,15.82
2010,Stunden,Mütter,,,Hamburg,code02,15.846
2011,Stunden,Mütter,,,Hamburg,code02,16.772
2012,Stunden,Mütter,,,Hamburg,code02,17.687
2013,Stunden,Mütter,,,Hamburg,code02,17.571
2014,Stunden,Mütter,,,Hamburg,code02,17.787
2015,Stunden,Mütter,,,Hamburg,code02,18.512
2016,Stunden,Mütter,,,Hamburg,code02,17.965
2017,Stunden,Mütter,,,Hamburg,code02,18.564
2018,Stunden,Mütter,,,Hamburg,code02,18.743
2019,Stunden,Mütter,,,Hamburg,code02,19.723
2020,Stunden,Mütter,|,,Hamburg,code02,18.929
2021,Stunden,Mütter,|,,Hamburg,code02,19.111
2022,Stunden,Mütter,,,Hamburg,code02,19.634
2023,Stunden,Mütter,,,Hamburg,code02,19.763
2024,Stunden,Mütter,p,,Hamburg,code02,19.783
2006,Stunden,Mütter,,,Hessen,code06,14.147
2007,Stunden,Mütter,|,,Hessen,code06,14.632
2008,Stunden,Mütter,,,Hessen,code06,14.995
2009,Stunden,Mütter,,,Hessen,code06,15.531
2010,Stunden,Mütter,,,Hessen,code06,15.825
2011,Stunden,Mütter,,,Hessen,code06,16.336
2012,Stunden,Mütter,,,Hessen,code06,16.675
2013,Stunden,Mütter,,,Hessen,code06,16.574
2014,Stunden,Mütter,,,Hessen,code06,16.747
2015,Stunden,Mütter,,,Hessen,code06,16.869
2016,Stunden,Mütter,,,Hessen,code06,16.741
2017,Stunden,Mütter,,,Hessen,code06,17.388
2018,Stunden,Mütter,,,Hessen,code06,17.521
2019,Stunden,Mütter,,,Hessen,code06,17.799
2020,Stunden,Mütter,|,,Hessen,code06,17.342
2021,Stunden,Mütter,|,,Hessen,code06,17.779
2022,Stunden,Mütter,,,Hessen,code06,18.313
2023,Stunden,Mütter,,,Hessen,code06,18.773
2024,Stunden,Mütter,p,,Hessen,code06,18.87
2006,Stunden,Mütter,,,Mecklenburg-Vorpommern,code13,21.772
2007,Stunden,Mütter,|,,Mecklenburg-Vorpommern,code13,20.897
2008,Stunden,Mütter,,,Mecklenburg-Vorpommern,code13,20.874
2009,Stunden,Mütter,,,Mecklenburg-Vorpommern,code13,21.285
2010,Stunden,Mütter,,,Mecklenburg-Vorpommern,code13,23.36
2011,Stunden,Mütter,,,Mecklenburg-Vorpommern,code13,23.291
2012,Stunden,Mütter,,,Mecklenburg-Vorpommern,code13,23.986
2013,Stunden,Mütter,,,Mecklenburg-Vorpommern,code13,23.479
2014,Stunden,Mütter,,,Mecklenburg-Vorpommern,code13,24.448
2015,Stunden,Mütter,,,Mecklenburg-Vorpommern,code13,24.772
2016,Stunden,Mütter,,,Mecklenburg-Vorpommern,code13,24.215
2017,Stunden,Mütter,,,Mecklenburg-Vorpommern,code13,23.789
2018,Stunden,Mütter,,,Mecklenburg-Vorpommern,code13,24.639
2019,Stunden,Mütter,,,Mecklenburg-Vorpommern,code13,25.953
2020,Stunden,Mütter,|,,Mecklenburg-Vorpommern,code13,25.848
2021,Stunden,Mütter,|,,Mecklenburg-Vorpommern,code13,26.193
2022,Stunden,Mütter,,,Mecklenburg-Vorpommern,code13,26.048
2023,Stunden,Mütter,,,Mecklenburg-Vorpommern,code13,27.0
2024,Stunden,Mütter,p,,Mecklenburg-Vorpommern,code13,26.55
2006,Stunden,Mütter,,,Niedersachsen,code03,13.133
2007,Stunden,Mütter,|,,Niedersachsen,code03,13.804
2008,Stunden,Mütter,,,Niedersachsen,code03,14.052
2009,Stunden,Mütter,,,Niedersachsen,code03,14.752
2010,Stunden,Mütter,,,Niedersachsen,code03,15.557
2011,Stunden,Mütter,,,Niedersachsen,code03,15.764
2012,Stunden,Mütter,,,Niedersachsen,code03,15.799
2013,Stunden,Mütter,,,Niedersachsen,code03,16.047
2014,Stunden,Mütter,,,Niedersachsen,code03,16.063
2015,Stunden,Mütter,,,Niedersachsen,code03,16.35
2016,Stunden,Mütter,,,Niedersachsen,code03,16.779
2017,Stunden,Mütter,,,Niedersachsen,code03,16.914
2018,Stunden,Mütter,,,Niedersachsen,code03,17.376
2019,Stunden,Mütter,,,Niedersachsen,code03,17.398
2020,Stunden,Mütter,|,,Niedersachsen,code03,17.011
2021,Stunden,Mütter,|,,Niedersachsen,code03,17.594
2022,Stunden,Mütter,,,Niedersachsen,code03,18.227
2023,Stunden,Mütter,,,Niedersachsen,code03,18.1
2024,Stunden,Mütter,p,,Niedersachsen,code03,18.395
2006,Stunden,Mütter,,,Nordrhein-Westfalen,code05,12.942
2007,Stunden,Mütter,|,,Nordrhein-Westfalen,code05,13.118
2008,Stunden,Mütter,,,Nordrhein-Westfalen,code05,13.338
2009,Stunden,Mütter,,,Nordrhein-Westfalen,code05,13.632
2010,Stunden,Mütter,,,Nordrhein-Westfalen,code05,13.847
2011,Stunden,Mütter,,,Nordrhein-Westfalen,code05,14.306
2012,Stunden,Mütter,,,Nordrhein-Westfalen,code05,14.57
2013,Stunden,Mütter,,,Nordrhein-Westfalen,code05,14.983
2014,Stunden,Mütter,,,Nordrhein-Westfalen,code05,15.038
2015,Stunden,Mütter,,,Nordrhein-Westfalen,code05,15.367
2016,Stunden,Mütter,,,Nordrhein-Westfalen,code05,15.46
2017,Stunden,Mütter,,,Nordrhein-Westfalen,code05,15.673
2018,Stunden,Mütter,,,Nordrhein-Westfalen,code05,16.02
2019,Stunden,Mütter,,,Nordrhein-Westfalen,code05,16.214
2020,Stunden,Mütter,|,,Nordrhein-Westfalen,code05,16.32
2021,Stunden,Mütter,|,,Nordrhein-Westfalen,code05,16.755
2022,Stunden,Mütter,,,Nordrhein-Westfalen,code05,17.173
2023,Stunden,Mütter,,,Nordrhein-Westfalen,code05,17.427
2024,Stunden,Mütter,p,,Nordrhein-Westfalen,code05,17.647
2006,Stunden,Mütter,,,Rheinland-Pfalz,code07,14.667
2007,Stunden,Mütter,|,,Rheinland-Pfalz,code07,14.564
2008,Stunden,Mütter,,,Rheinland-Pfalz,code07,14.765
2009,Stunden,Mütter,,,Rheinland-Pfalz,code07,15.17
2010,Stunden,Mütter,,,Rheinland-Pfalz,code07,15.322
2011,Stunden,Mütter,,,Rheinland-Pfalz,code07,15.663
2012,Stunden,Mütter,,,Rheinland-Pfalz,code07,15.918
2013,Stunden,Mütter,,,Rheinland-Pfalz,code07,16.434
2014,Stunden,Mütter,,,Rheinland-Pfalz,code07,16.52
2015,Stunden,Mütter,,,Rheinland-Pfalz,code07,16.488
2016,Stunden,Mütter,,,Rheinland-Pfalz,code07,16.722
2017,Stunden,Mütter,,,Rheinland-Pfalz,code07,16.616
2018,Stunden,Mütter,,,Rheinland-Pfalz,code07,16.987
2019,Stunden,Mütter,,,Rheinland-Pfalz,code07,17.315
2020,Stunden,Mütter,|,,Rheinland-Pfalz,code07,16.949
2021,Stunden,Mütter,|,,Rheinland-Pfalz,code07,17.548
2022,Stunden,Mütter,,,Rheinland-Pfalz,code07,17.544
2023,Stunden,Mütter,,,Rheinland-Pfalz,code07,18.065
2024,Stunden,Mütter,p,,Rheinland-Pfalz,code07,18.385
2006,Stunden,Mütter,,,Saarland,code10,12.748
2007,Stunden,Mütter,|,,Saarland,code10,13.861
2008,Stunden,Mütter,,,Saarland,code10,14.819
2009,Stunden,Mütter,,,Saarland,code10,14.16
2010,Stunden,Mütter,,,Saarland,code10,14.711
2011,Stunden,Mütter,,,Saarland,code10,14.554
2012,Stunden,Mütter,,,Saarland,code10,14.688
2013,Stunden,Mütter,,,Saarland,code10,15.549
2014,Stunden,Mütter,,,Saarland,code10,16.7
2015,Stunden,Mütter,,,Saarland,code10,16.736
2016,Stunden,Mütter,,,Saarland,code10,16.923
2017,Stunden,Mütter,,,Saarland,code10,17.462
2018,Stunden,Mütter,,,Saarland,code10,17.91
2019,Stunden,Mütter,,,Saarland,code10,18.818
2020,Stunden,Mütter,|,,Saarland,code10,18.652
2021,Stunden,Mütter,|,,Saarland,code10,18.111
2022,Stunden,Mütter,,,Saarland,code10,17.374
2023,Stunden,Mütter,,,Saarland,code10,17.719
2024,Stunden,Mütter,p,,Saarland,code10,17.848
2006,Stunden,Mütter,,,Sachsen,code14,21.496
2007,Stunden,Mütter,|,,Sachsen,code14,21.576
2008,Stunden,Mütter,,,Sachsen,code14,21.582
2009,Stunden,Mütter,,,Sachsen,code14,21.323
2010,Stunden,Mütter,,,Sachsen,code14,21.647
2011,Stunden,Mütter,,,Sachsen,code14,22.221
2012,Stunden,Mütter,,,Sachsen,code14,23.179
2013,Stunden,Mütter,,,Sachsen,code14,22.942
2014,Stunden,Mütter,,,Sachsen,code14,23.531
2015,Stunden,Mütter,,,Sachsen,code14,23.97
2016,Stunden,Mütter,,,Sachsen,code14,24.535
2017,Stunden,Mütter,,,Sachsen,code14,24.597
2018,Stunden,Mütter,,,Sachsen,code14,24.626
2019,Stunden,Mütter,,,Sachsen,code14,25.446
2020,Stunden,Mütter,|,,Sachsen,code14,25.845
2021,Stunden,Mütter,|,,Sachsen,code14,26.563
2022,Stunden,Mütter,,,Sachsen,code14,26.244
2023,Stunden,Mütter,,,Sachsen,code14,25.838
2024,Stunden,Mütter,p,,Sachsen,code14,26.233
2006,Stunden,Mütter,,,Sachsen-Anhalt,code15,21.449
2007,Stunden,Mütter,|,,Sachsen-Anhalt,code15,21.502
2008,Stunden,Mütter,,,Sachsen-Anhalt,code15,20.849
2009,Stunden,Mütter,,,Sachsen-Anhalt,code15,21.582
2010,Stunden,Mütter,,,Sachsen-Anhalt,code15,22.642
2011,Stunden,Mütter,,,Sachsen-Anhalt,code15,23.275
2012,Stunden,Mütter,,,Sachsen-Anhalt,code15,23.485
2013,Stunden,Mütter,,,Sachsen-Anhalt,code15,23.468
2014,Stunden,Mütter,,,Sachsen-Anhalt,code15,23.797
2015,Stunden,Mütter,,,Sachsen-Anhalt,code15,23.212
2016,Stunden,Mütter,,,Sachsen-Anhalt,code15,24.203
2017,Stunden,Mütter,,,Sachsen-Anhalt,code15,24.73
2018,Stunden,Mütter,,,Sachsen-Anhalt,code15,25.355
2019,Stunden,Mütter,,,Sachsen-Anhalt,code15,25.786
2020,Stunden,Mütter,|,,Sachsen-Anhalt,code15,25.692
2021,Stunden,Mütter,|,,Sachsen-Anhalt,code15,26.098
2022,Stunden,Mütter,,,Sachsen-Anhalt,code15,26.181
2023,Stunden,Mütter,,,Sachsen-Anhalt,code15,26.197
2024,Stunden,Mütter,p,,Sachsen-Anhalt,code15,26.079
2006,Stunden,Mütter,,,Schleswig-Holstein,code01,14.197
2007,Stunden,Mütter,|,,Schleswig-Holstein,code01,14.312
2008,Stunden,Mütter,,,Schleswig-Holstein,code01,14.836
2009,Stunden,Mütter,,,Schleswig-Holstein,code01,15.347
2010,Stunden,Mütter,,,Schleswig-Holstein,code01,16.3
2011,Stunden,Mütter,,,Schleswig-Holstein,code01,16.507
2012,Stunden,Mütter,,,Schleswig-Holstein,code01,17.247
2013,Stunden,Mütter,,,Schleswig-Holstein,code01,16.742
2014,Stunden,Mütter,,,Schleswig-Holstein,code01,17.245
2015,Stunden,Mütter,,,Schleswig-Holstein,code01,17.591
2016,Stunden,Mütter,,,Schleswig-Holstein,code01,17.911
2017,Stunden,Mütter,,,Schleswig-Holstein,code01,18.389
2018,Stunden,Mütter,,,Schleswig-Holstein,code01,18.603
2019,Stunden,Mütter,,,Schleswig-Holstein,code01,18.857
2020,Stunden,Mütter,|,,Schleswig-Holstein,code01,18.13
2021,Stunden,Mütter,|,,Schleswig-Holstein,code01,18.57
2022,Stunden,Mütter,,,Schleswig-Holstein,code01,19.291
2023,Stunden,Mütter,,,Schleswig-Holstein,code01,19.162
2024,Stunden,Mütter,p,,Schleswig-Holstein,code01,19.415
2006,Stunden,Mütter,,,Thüringen,code16,21.146
2007,Stunden,Mütter,|,,Thüringen,code16,21.322
2008,Stunden,Mütter,,,Thüringen,code16,21.396
2009,Stunden,Mütter,,,Thüringen,code16,22.147
2010,Stunden,Mütter,,,Thüringen,code16,23.181
2011,Stunden,Mütter,,,Thüringen,code16,23.273
2012,Stunden,Mütter,,,Thüringen,code16,23.332
2013,Stunden,Mütter,,,Thüringen,code16,24.404
2014,Stunden,Mütter,,,Thüringen,code16,24.561
2015,Stunden,Mütter,,,Thüringen,code16,23.923
2016,Stunden,Mütter,,,Thüringen,code16,25.305
2017,Stunden,Mütter,,,Thüringen,code16,25.195
2018,Stunden,Mütter,,,Thüringen,code16,25.923
2019,Stunden,Mütter,,,Thüringen,code16,25.784
2020,Stunden,Mütter,|,,Thüringen,code16,25.41
2021,Stunden,Mütter,|,,Thüringen,code16,25.768
2022,Stunden,Mütter,,,Thüringen,code16,26.528
2023,Stunden,Mütter,,,Thüringen,code16,25.935
2024,Stunden,Mütter,p,,Thüringen,code16,25.63
2006,Stunden,Väter,,,Baden-Württemberg,code08,39.239
2007,Stunden,Väter,|,,Baden-Württemberg,code08,39.964
2008,Stunden,Väter,,,Baden-Württemberg,code08,39.897
2009,Stunden,Väter,,,Baden-Württemberg,code08,39.352
2010,Stunden,Väter,,,Baden-Württemberg,code08,39.682
2011,Stunden,Väter,,,Baden-Württemberg,code08,40.373
2012,Stunden,Väter,,,Baden-Württemberg,code08,40.573
2013,Stunden,Väter,,,Baden-Württemberg,code08,40.158
2014,Stunden,Väter,,,Baden-Württemberg,code08,39.749
2015,Stunden,Väter,,,Baden-Württemberg,code08,39.678
2016,Stunden,Väter,,,Baden-Württemberg,code08,39.425
2017,Stunden,Väter,,,Baden-Württemberg,code08,38.889
2018,Stunden,Väter,,,Baden-Württemberg,code08,38.997
2019,Stunden,Väter,,,Baden-Württemberg,code08,39.194
2020,Stunden,Väter,|,,Baden-Württemberg,code08,38.005
2021,Stunden,Väter,|,,Baden-Württemberg,code08,37.892
2022,Stunden,Väter,,,Baden-Württemberg,code08,38.094
2023,Stunden,Väter,,,Baden-Württemberg,code08,37.94
2024,Stunden,Väter,p,,Baden-Württemberg,code08,37.816
2006,Stunden,Väter,,,Bayern,code09,39.605
2007,Stunden,Väter,|,,Bayern,code09,39.744
2008,Stunden,Väter,,,Bayern,code09,40.303
2009,Stunden,Väter,,,Bayern,code09,40.011
2010,Stunden,Väter,,,Bayern,code09,39.986
2011,Stunden,Väter,,,Bayern,code09,40.502
2012,Stunden,Väter,,,Bayern,code09,40.622
2013,Stunden,Väter,,,Bayern,code09,40.271
2014,Stunden,Väter,,,Bayern,code09,40.033
2015,Stunden,Väter,,,Bayern,code09,39.941
2016,Stunden,Väter,,,Bayern,code09,39.911
2017,Stunden,Väter,,,Bayern,code09,39.473
2018,Stunden,Väter,,,Bayern,code09,39.422
2019,Stunden,Väter,,,Bayern,code09,39.287
2020,Stunden,Väter,|,,Bayern,code09,38.342
2021,Stunden,Väter,|,,Bayern,code09,38.311
2022,Stunden,Väter,,,Bayern,code09,38.611
2023,Stunden,Väter,,,Bayern,code09,38.462
2024,Stunden,Väter,p,,Bayern,code09,37.898
2006,Stunden,Väter,,,Berlin,code11,30.463
2007,Stunden,Väter,|,,Berlin,code11,31.366
2008,Stunden,Väter,,,Berlin,code11,31.662
2009,Stunden,Väter,,,Berlin,code11,32.391
2010,Stunden,Väter,,,Berlin,code11,33.042
2011,Stunden,Väter,,,Berlin,code11,33.018
2012,Stunden,Väter,,,Berlin,code11,33.459
2013,Stunden,Väter,,,Berlin,code11,32.935
2014,Stunden,Väter,,,Berlin,code11,32.508
2015,Stunden,Väter,,,Berlin,code11,33.092
2016,Stunden,Väter,,,Berlin,code11,33.798
2017,Stunden,Väter,,,Berlin,code11,34.159
2018,Stunden,Väter,,,Berlin,code11,34.364
2019,Stunden,Väter,,,Berlin,code11,34.388
2020,Stunden,Väter,|,,Berlin,code11,33.113
2021,Stunden,Väter,|,,Berlin,code11,33.182
2022,Stunden,Väter,,,Berlin,code11,34.895
2023,Stunden,Väter,,,Berlin,code11,34.021
2024,Stunden,Väter,p,,Berlin,code11,33.512
2006,Stunden,Väter,,,Brandenburg,code12,33.602
2007,Stunden,Väter,|,,Brandenburg,code12,34.882
2008,Stunden,Väter,,,Brandenburg,code12,35.61
2009,Stunden,Väter,,,Brandenburg,code12,35.942
2010,Stunden,Väter,,,Brandenburg,code12,36.578
2011,Stunden,Väter,,,Brandenburg,code12,37.04
2012,Stunden,Väter,,,Brandenburg,code12,37.621
2013,Stunden,Väter,,,Brandenburg,code12,38.084
2014,Stunden,Väter,,,Brandenburg,code12,37.768
2015,Stunden,Väter,,,Brandenburg,code12,37.816
2016,Stunden,Väter,,,Brandenburg,code12,37.882
2017,Stunden,Väter,,,Brandenburg,code12,37.323
2018,Stunden,Väter,,,Brandenburg,code12,37.9
2019,Stunden,Väter,,,Brandenburg,code12,37.578
2020,Stunden,Väter,|,,Brandenburg,code12,36.357
2021,Stunden,Väter,|,,Brandenburg,code12,37.621
2022,Stunden,Väter,,,Brandenburg,code12,37.439
2023,Stunden,Väter,,,Brandenburg,code12,37.163
2024,Stunden,Väter,p,,Brandenburg,code12,36.752
2006,Stunden,Väter,,,Bremen,code04,30.583
2007,Stunden,Väter,|,,Bremen,code04,33.28
2008,Stunden,Väter,,,Bremen,code04,33.804
2009,Stunden,Väter,,,Bremen,code04,31.886
2010,Stunden,Väter,,,Bremen,code04,33.682
2011,Stunden,Väter,,,Bremen,code04,31.889
2012,Stunden,Väter,,,Bremen,code04,34.556
2013,Stunden,Väter,,,Bremen,code04,33.864
2014,Stunden,Väter,,,Bremen,code04,34.4
2015,Stunden,Väter,,,Bremen,code04,33.311
2016,Stunden,Väter,,,Bremen,code04,33.87
2017,Stunden,Väter,,,Bremen,code04,33.667
2018,Stunden,Väter,,,Bremen,code04,33.191
2019,Stunden,Väter,,,Bremen,code04,32.438
2020,Stunden,Väter,|,,Bremen,code04,30.245
2021,Stunden,Väter,|,,Bremen,code04,30.961
2022,Stunden,Väter,,,Bremen,code04,32.074
2023,Stunden,Väter,,,Bremen,code04,31.566
2024,Stunden,Väter,p,,Bremen,code04,31.509
2006,Stunden,Väter,,,Hamburg,code02,35.115
2007,Stunden,Väter,|,,Hamburg,code02,34.677
2008,Stunden,Väter,,,Hamburg,code02,35.904
2009,Stunden,Väter,,,Hamburg,code02,37.153
2010,Stunden,Väter,,,Hamburg,code02,38.092
2011,Stunden,Väter,,,Hamburg,code02,37.942
2012,Stunden,Väter,,,Hamburg,code02,37.496
2013,Stunden,Väter,,,Hamburg,code02,38.055
2014,Stunden,Väter,,,Hamburg,code02,37.547
2015,Stunden,Väter,,,Hamburg,code02,36.515
2016,Stunden,Väter,,,Hamburg,code02,36.986
2017,Stunden,Väter,,,Hamburg,code02,36.833
2018,Stunden,Väter,,,Hamburg,code02,36.379
2019,Stunden,Väter,,,Hamburg,code02,35.306
2020,Stunden,Väter,|,,Hamburg,code02,34.777
2021,Stunden,Väter,|,,Hamburg,code02,35.248
2022,Stunden,Väter,,,Hamburg,code02,35.782
2023,Stunden,Väter,,,Hamburg,code02,35.72
2024,Stunden,Väter,p,,Hamburg,code02,35.322
2006,Stunden,Väter,,,Hessen,code06,38.026
2007,Stunden,Väter,|,,Hessen,code06,38.297
2008,Stunden,Väter,,,Hessen,code06,38.529
2009,Stunden,Väter,,,Hessen,code06,38.617
2010,Stunden,Väter,,,Hessen,code06,38.692
2011,Stunden,Väter,,,Hessen,code06,39.195
2012,Stunden,Väter,,,Hessen,code06,39.004
2013,Stunden,Väter,,,Hessen,code06,39.045
2014,Stunden,Väter,,,Hessen,code06,38.21
2015,Stunden,Väter,,,Hessen,code06,38.515
2016,Stunden,Väter,,,Hessen,code06,38.35
2017,Stunden,Väter,,,Hessen,code06,37.84
2018,Stunden,Väter,,,Hessen,code06,37.605
2019,Stunden,Väter,,,Hessen,code06,37.736
2020,Stunden,Väter,|,,Hessen,code06,36.067
2021,Stunden,Väter,|,,Hessen,code06,36.181
2022,Stunden,Väter,,,Hessen,code06,36.743
2023,Stunden,Väter,,,Hessen,code06,36.563
2024,Stunden,Väter,p,,Hessen,code06,36.587
2006,Stunden,Väter,,,Mecklenburg-Vorpommern,code13,33.146
2007,Stunden,Väter,|,,Mecklenburg-Vorpommern,code13,33.975
2008,Stunden,Väter,,,Mecklenburg-Vorpommern,code13,35.092
2009,Stunden,Väter,,,Mecklenburg-Vorpommern,code13,34.234
2010,Stunden,Väter,,,Mecklenburg-Vorpommern,code13,35.222
2011,Stunden,Väter,,,Mecklenburg-Vorpommern,code13,35.706
2012,Stunden,Väter,,,Mecklenburg-Vorpommern,code13,35.686
2013,Stunden,Väter,,,Mecklenburg-Vorpommern,code13,35.827
2014,Stunden,Väter,,,Mecklenburg-Vorpommern,code13,36.134
2015,Stunden,Väter,,,Mecklenburg-Vorpommern,code13,35.577
2016,Stunden,Väter,,,Mecklenburg-Vorpommern,code13,35.779
2017,Stunden,Väter,,,Mecklenburg-Vorpommern,code13,36.607
2018,Stunden,Väter,,,Mecklenburg-Vorpommern,code13,35.393
2019,Stunden,Väter,,,Mecklenburg-Vorpommern,code13,36.554
2020,Stunden,Väter,|,,Mecklenburg-Vorpommern,code13,37.295
2021,Stunden,Väter,|,,Mecklenburg-Vorpommern,code13,37.712
2022,Stunden,Väter,,,Mecklenburg-Vorpommern,code13,36.84
2023,Stunden,Väter,,,Mecklenburg-Vorpommern,code13,37.05
2024,Stunden,Väter,p,,Mecklenburg-Vorpommern,code13,36.628
2006,Stunden,Väter,,,Niedersachsen,code03,37.001
2007,Stunden,Väter,|,,Niedersachsen,code03,37.96
2008,Stunden,Väter,,,Niedersachsen,code03,37.974
2009,Stunden,Väter,,,Niedersachsen,code03,37.955
2010,Stunden,Väter,,,Niedersachsen,code03,38.105
2011,Stunden,Väter,,,Niedersachsen,code03,38.379
2012,Stunden,Väter,,,Niedersachsen,code03,38.756
2013,Stunden,Väter,,,Niedersachsen,code03,38.543
2014,Stunden,Väter,,,Niedersachsen,code03,38.498
2015,Stunden,Väter,,,Niedersachsen,code03,38.023
2016,Stunden,Väter,,,Niedersachsen,code03,37.28
2017,Stunden,Väter,,,Niedersachsen,code03,37.178
2018,Stunden,Väter,,,Niedersachsen,code03,37.448
2019,Stunden,Väter,,,Niedersachsen,code03,37.248
2020,Stunden,Väter,|,,Niedersachsen,code03,35.716
2021,Stunden,Väter,|,,Niedersachsen,code03,36.468
2022,Stunden,Väter,,,Niedersachsen,code03,37.008
2023,Stunden,Väter,,,Niedersachsen,code03,36.614
2024,Stunden,Väter,p,,Niedersachsen,code03,36.826
2006,Stunden,Väter,,,Nordrhein-Westfalen,code05,36.579
2007,Stunden,Väter,|,,Nordrhein-Westfalen,code05,37.019
2008,Stunden,Väter,,,Nordrhein-Westfalen,code05,37.539
2009,Stunden,Väter,,,Nordrhein-Westfalen,code05,36.988
2010,Stunden,Väter,,,Nordrhein-Westfalen,code05,36.934
2011,Stunden,Väter,,,Nordrhein-Westfalen,code05,37.81
2012,Stunden,Väter,,,Nordrhein-Westfalen,code05,37.938
2013,Stunden,Väter,,,Nordrhein-Westfalen,code05,37.341
2014,Stunden,Väter,,,Nordrhein-Westfalen,code05,37.21
2015,Stunden,Väter,,,Nordrhein-Westfalen,code05,37.18
2016,Stunden,Väter,,,Nordrhein-Westfalen,code05,36.988
2017,Stunden,Väter,,,Nordrhein-Westfalen,code05,36.78
2018,Stunden,Väter,,,Nordrhein-Westfalen,code05,36.588
2019,Stunden,Väter,,,Nordrhein-Westfalen,code05,36.547
2020,Stunden,Väter,|,,Nordrhein-Westfalen,code05,35.312
2021,Stunden,Väter,|,,Nordrhein-Westfalen,code05,35.19
2022,Stunden,Väter,,,Nordrhein-Westfalen,code05,36.048
2023,Stunden,Väter,,,Nordrhein-Westfalen,code05,35.919
2024,Stunden,Väter,p,,Nordrhein-Westfalen,code05,35.773
2006,Stunden,Väter,,,Rheinland-Pfalz,code07,38.318
2007,Stunden,Väter,|,,Rheinland-Pfalz,code07,38.915
2008,Stunden,Väter,,,Rheinland-Pfalz,code07,39.409
2009,Stunden,Väter,,,Rheinland-Pfalz,code07,38.629
2010,Stunden,Väter,,,Rheinland-Pfalz,code07,38.789
2011,Stunden,Väter,,,Rheinland-Pfalz,code07,39.75
2012,Stunden,Väter,,,Rheinland-Pfalz,code07,39.341
2013,Stunden,Väter,,,Rheinland-Pfalz,code07,39.254
2014,Stunden,Väter,,,Rheinland-Pfalz,code07,39.13
2015,Stunden,Väter,,,Rheinland-Pfalz,code07,38.669
2016,Stunden,Väter,,,Rheinland-Pfalz,code07,38.232
2017,Stunden,Väter,,,Rheinland-Pfalz,code07,37.719
2018,Stunden,Väter,,,Rheinland-Pfalz,code07,38.066
2019,Stunden,Väter,,,Rheinland-Pfalz,code07,38.176
2020,Stunden,Väter,|,,Rheinland-Pfalz,code07,37.09
2021,Stunden,Väter,|,,Rheinland-Pfalz,code07,36.808
2022,Stunden,Väter,,,Rheinland-Pfalz,code07,37.292
2023,Stunden,Väter,,,Rheinland-Pfalz,code07,36.865
2024,Stunden,Väter,p,,Rheinland-Pfalz,code07,37.009
2006,Stunden,Väter,,,Saarland,code10,35.576
2007,Stunden,Väter,|,,Saarland,code10,36.795
2008,Stunden,Väter,,,Saarland,code10,37.701
2009,Stunden,Väter,,,Saarland,code10,38.179
2010,Stunden,Väter,,,Saarland,code10,38.598
2011,Stunden,Väter,,,Saarland,code10,38.213
2012,Stunden,Väter,,,Saarland,code10,37.638
2013,Stunden,Väter,,,Saarland,code10,37.312
2014,Stunden,Väter,,,Saarland,code10,36.934
2015,Stunden,Väter,,,Saarland,code10,36.451
2016,Stunden,Väter,,,Saarland,code10,36.487
2017,Stunden,Väter,,,Saarland,code10,36.603
2018,Stunden,Väter,,,Saarland,code10,36.592
2019,Stunden,Väter,,,Saarland,code10,36.89
2020,Stunden,Väter,|,,Saarland,code10,36.557
2021,Stunden,Väter,|,,Saarland,code10,34.937
2022,Stunden,Väter,,,Saarland,code10,35.775
2023,Stunden,Väter,,,Saarland,code10,35.588
2024,Stunden,Väter,p,,Saarland,code10,34.711
2006,Stunden,Väter,,,Sachsen,code14,35.088
2007,Stunden,Väter,|,,Sachsen,code14,35.807
2008,Stunden,Väter,,,Sachsen,code14,36.011
2009,Stunden,Väter,,,Sachsen,code14,36.41
2010,Stunden,Väter,,,Sachsen,code14,36.337
2011,Stunden,Väter,,,Sachsen,code14,36.928
2012,Stunden,Väter,,,Sachsen,code14,37.821
2013,Stunden,Väter,,,Sachsen,code14,37.484
2014,Stunden,Väter,,,Sachsen,code14,37.488
2015,Stunden,Väter,,,Sachsen,code14,37.047
2016,Stunden,Väter,,,Sachsen,code14,37.672
2017,Stunden,Väter,,,Sachsen,code14,37.51
2018,Stunden,Väter,,,Sachsen,code14,37.026
2019,Stunden,Väter,,,Sachsen,code14,37.163
2020,Stunden,Väter,|,,Sachsen,code14,37.148
2021,Stunden,Väter,|,,Sachsen,code14,38.003
2022,Stunden,Väter,,,Sachsen,code14,38.061
2023,Stunden,Väter,,,Sachsen,code14,37.453
2024,Stunden,Väter,p,,Sachsen,code14,36.852
2006,Stunden,Väter,,,Sachsen-Anhalt,code15,33.48
2007,Stunden,Väter,|,,Sachsen-Anhalt,code15,33.976
2008,Stunden,Väter,,,Sachsen-Anhalt,code15,33.909
2009,Stunden,Väter,,,Sachsen-Anhalt,code15,33.288
2010,Stunden,Väter,,,Sachsen-Anhalt,code15,35.714
2011,Stunden,Väter,,,Sachsen-Anhalt,code15,36.527
2012,Stunden,Väter,,,Sachsen-Anhalt,code15,36.713
2013,Stunden,Väter,,,Sachsen-Anhalt,code15,36.654
2014,Stunden,Väter,,,Sachsen-Anhalt,code15,36.2
2015,Stunden,Väter,,,Sachsen-Anhalt,code15,36.57
2016,Stunden,Väter,,,Sachsen-Anhalt,code15,36.07
2017,Stunden,Väter,,,Sachsen-Anhalt,code15,35.813
2018,Stunden,Väter,,,Sachsen-Anhalt,code15,36.465
2019,Stunden,Väter,,,Sachsen-Anhalt,code15,36.449
2020,Stunden,Väter,|,,Sachsen-Anhalt,code15,36.84
2021,Stunden,Väter,|,,Sachsen-Anhalt,code15,36.974
2022,Stunden,Väter,,,Sachsen-Anhalt,code15,36.828
2023,Stunden,Väter,,,Sachsen-Anhalt,code15,35.956
2024,Stunden,Väter,p,,Sachsen-Anhalt,code15,36.168
2006,Stunden,Väter,,,Schleswig-Holstein,code01,38.217
2007,Stunden,Väter,|,,Schleswig-Holstein,code01,38.529
2008,Stunden,Väter,,,Schleswig-Holstein,code01,38.576
2009,Stunden,Väter,,,Schleswig-Holstein,code01,38.024
2010,Stunden,Väter,,,Schleswig-Holstein,code01,38.324
2011,Stunden,Väter,,,Schleswig-Holstein,code01,39.176
2012,Stunden,Väter,,,Schleswig-Holstein,code01,39.161
2013,Stunden,Väter,,,Schleswig-Holstein,code01,38.409
2014,Stunden,Väter,,,Schleswig-Holstein,code01,38.519
2015,Stunden,Väter,,,Schleswig-Holstein,code01,37.865
2016,Stunden,Väter,,,Schleswig-Holstein,code01,37.609
2017,Stunden,Väter,,,Schleswig-Holstein,code01,37.845
2018,Stunden,Väter,,,Schleswig-Holstein,code01,37.604
2019,Stunden,Väter,,,Schleswig-Holstein,code01,37.926
2020,Stunden,Väter,|,,Schleswig-Holstein,code01,36.523
2021,Stunden,Väter,|,,Schleswig-Holstein,code01,36.757
2022,Stunden,Väter,,,Schleswig-Holstein,code01,36.758
2023,Stunden,Väter,,,Schleswig-Holstein,code01,36.346
2024,Stunden,Väter,p,,Schleswig-Holstein,code01,36.301
2006,Stunden,Väter,,,Thüringen,code16,35.372
2007,Stunden,Väter,|,,Thüringen,code16,36.396
2008,Stunden,Väter,,,Thüringen,code16,36.716
2009,Stunden,Väter,,,Thüringen,code16,37.0
2010,Stunden,Väter,,,Thüringen,code16,37.94
2011,Stunden,Väter,,,Thüringen,code16,38.335
2012,Stunden,Väter,,,Thüringen,code16,38.25
2013,Stunden,Väter,,,Thüringen,code16,38.353
2014,Stunden,Väter,,,Thüringen,code16,38.084
2015,Stunden,Väter,,,Thüringen,code16,37.755
2016,Stunden,Väter,,,Thüringen,code16,37.323
2017,Stunden,Väter,,,Thüringen,code16,37.056
2018,Stunden,Väter,,,Thüringen,code16,37.191
2019,Stunden,Väter,,,Thüringen,code16,37.209
2020,Stunden,Väter,|,,Thüringen,code16,37.479
2021,Stunden,Väter,|,,Thüringen,code16,38.099
2022,Stunden,Väter,,,Thüringen,code16,37.453
2023,Stunden,Väter,,,Thüringen,code16,36.861
2024,Stunden,Väter,p,,Thüringen,code16,36.346
2006,Stunden,Differenz,,,Baden-Württemberg,code08,25.459
2007,Stunden,Differenz,|,,Baden-Württemberg,code08,25.721
2008,Stunden,Differenz,,,Baden-Württemberg,code08,25.115
2009,Stunden,Differenz,,,Baden-Württemberg,code08,24.591
2010,Stunden,Differenz,,,Baden-Württemberg,code08,24.725
2011,Stunden,Differenz,,,Baden-Württemberg,code08,24.761
2012,Stunden,Differenz,,,Baden-Württemberg,code08,24.626
2013,Stunden,Differenz,,,Baden-Württemberg,code08,24.005
2014,Stunden,Differenz,,,Baden-Württemberg,code08,23.348
2015,Stunden,Differenz,,,Baden-Württemberg,code08,23.229
2016,Stunden,Differenz,,,Baden-Württemberg,code08,22.992
2017,Stunden,Differenz,,,Baden-Württemberg,code08,22.456
2018,Stunden,Differenz,,,Baden-Württemberg,code08,22.131
2019,Stunden,Differenz,,,Baden-Württemberg,code08,22.206
2020,Stunden,Differenz,|,,Baden-Württemberg,code08,21.565
2021,Stunden,Differenz,|,,Baden-Württemberg,code08,21.104
2022,Stunden,Differenz,,,Baden-Württemberg,code08,20.815
2023,Stunden,Differenz,,,Baden-Württemberg,code08,20.402
2024,Stunden,Differenz,p,,Baden-Württemberg,code08,19.969
2006,Stunden,Differenz,,,Bayern,code09,25.147
2007,Stunden,Differenz,|,,Bayern,code09,24.923
2008,Stunden,Differenz,,,Bayern,code09,25.156
2009,Stunden,Differenz,,,Bayern,code09,24.53
2010,Stunden,Differenz,,,Bayern,code09,24.237
2011,Stunden,Differenz,,,Bayern,code09,24.328
2012,Stunden,Differenz,,,Bayern,code09,24.134
2013,Stunden,Differenz,,,Bayern,code09,23.556
2014,Stunden,Differenz,,,Bayern,code09,23.155
2015,Stunden,Differenz,,,Bayern,code09,22.978
2016,Stunden,Differenz,,,Bayern,code09,22.668
2017,Stunden,Differenz,,,Bayern,code09,22.323
2018,Stunden,Differenz,,,Bayern,code09,22.16
2019,Stunden,Differenz,,,Bayern,code09,21.293
2020,Stunden,Differenz,|,,Bayern,code09,21.105
2021,Stunden,Differenz,|,,Bayern,code09,20.657
2022,Stunden,Differenz,,,Bayern,code09,20.546
2023,Stunden,Differenz,,,Bayern,code09,20.084
2024,Stunden,Differenz,p,,Bayern,code09,18.994
2006,Stunden,Differenz,,,Berlin,code11,13.198
2007,Stunden,Differenz,|,,Berlin,code11,13.592
2008,Stunden,Differenz,,,Berlin,code11,13.639
2009,Stunden,Differenz,,,Berlin,code11,14.257
2010,Stunden,Differenz,,,Berlin,code11,14.674
2011,Stunden,Differenz,,,Berlin,code11,14.257
2012,Stunden,Differenz,,,Berlin,code11,14.506
2013,Stunden,Differenz,,,Berlin,code11,14.181
2014,Stunden,Differenz,,,Berlin,code11,13.949
2015,Stunden,Differenz,,,Berlin,code11,14.359
2016,Stunden,Differenz,,,Berlin,code11,13.365
2017,Stunden,Differenz,,,Berlin,code11,14.047
2018,Stunden,Differenz,,,Berlin,code11,13.293
2019,Stunden,Differenz,,,Berlin,code11,13.374
2020,Stunden,Differenz,|,,Berlin,code11,11.863
2021,Stunden,Differenz,|,,Berlin,code11,11.499
2022,Stunden,Differenz,,,Berlin,code11,13.191
2023,Stunden,Differenz,,,Berlin,code11,13.096
2024,Stunden,Differenz,p,,Berlin,code11,12.41
2006,Stunden,Differenz,,,Brandenburg,code12,10.61
2007,Stunden,Differenz,|,,Brandenburg,code12,12.015
2008,Stunden,Differenz,,,Brandenburg,code12,12.281
2009,Stunden,Differenz,,,Brandenburg,code12,11.553
2010,Stunden,Differenz,,,Brandenburg,code12,11.913
2011,Stunden,Differenz,,,Brandenburg,code12,12.538
2012,Stunden,Differenz,,,Brandenburg,code12,13.582
2013,Stunden,Differenz,,,Brandenburg,code12,13.677
2014,Stunden,Differenz,,,Brandenburg,code12,13.843
2015,Stunden,Differenz,,,Brandenburg,code12,13.338
2016,Stunden,Differenz,,,Brandenburg,code12,12.156
2017,Stunden,Differenz,,,Brandenburg,code12,11.044
2018,Stunden,Differenz,,,Brandenburg,code12,11.574
2019,Stunden,Differenz,,,Brandenburg,code12,10.75
2020,Stunden,Differenz,|,,Brandenburg,code12,9.044
2021,Stunden,Differenz,|,,Brandenburg,code12,9.589
2022,Stunden,Differenz,,,Brandenburg,code12,9.523
2023,Stunden,Differenz,,,Brandenburg,code12,9.991
2024,Stunden,Differenz,p,,Brandenburg,code12,9.308
2006,Stunden,Differenz,,,Bremen,code04,18.122
2007,Stunden,Differenz,|,,Bremen,code04,19.772
2008,Stunden,Differenz,,,Bremen,code04,20.296
2009,Stunden,Differenz,,,Bremen,code04,16.524
2010,Stunden,Differenz,,,Bremen,code04,18.902
2011,Stunden,Differenz,,,Bremen,code04,17.787
2012,Stunden,Differenz,,,Bremen,code04,19.725
2013,Stunden,Differenz,,,Bremen,code04,18.965
2014,Stunden,Differenz,,,Bremen,code04,20.483
2015,Stunden,Differenz,,,Bremen,code04,18.983
2016,Stunden,Differenz,,,Bremen,code04,19.429
2017,Stunden,Differenz,,,Bremen,code04,18.817
2018,Stunden,Differenz,,,Bremen,code04,18.649
2019,Stunden,Differenz,,,Bremen,code04,18.138
2020,Stunden,Differenz,|,,Bremen,code04,16.132
2021,Stunden,Differenz,|,,Bremen,code04,16.084
2022,Stunden,Differenz,,,Bremen,code04,17.256
2023,Stunden,Differenz,,,Bremen,code04,17.375
2024,Stunden,Differenz,p,,Bremen,code04,16.286
2006,Stunden,Differenz,,,Hamburg,code02,19.972
2007,Stunden,Differenz,|,,Hamburg,code02,19.659
2008,Stunden,Differenz,,,Hamburg,code02,20.233
2009,Stunden,Differenz,,,Hamburg,code02,21.333
2010,Stunden,Differenz,,,Hamburg,code02,22.247
2011,Stunden,Differenz,,,Hamburg,code02,21.171
2012,Stunden,Differenz,,,Hamburg,code02,19.809
2013,Stunden,Differenz,,,Hamburg,code02,20.483
2014,Stunden,Differenz,,,Hamburg,code02,19.76
2015,Stunden,Differenz,,,Hamburg,code02,18.004
2016,Stunden,Differenz,,,Hamburg,code02,19.021
2017,Stunden,Differenz,,,Hamburg,code02,18.269
2018,Stunden,Differenz,,,Hamburg,code02,17.636
2019,Stunden,Differenz,,,Hamburg,code02,15.583
2020,Stunden,Differenz,|,,Hamburg,code02,15.848
2021,Stunden,Differenz,|,,Hamburg,code02,16.137
2022,Stunden,Differenz,,,Hamburg,code02,16.148
2023,Stunden,Differenz,,,Hamburg,code02,15.957
2024,Stunden,Differenz,p,,Hamburg,code02,15.539
2006,Stunden,Differenz,,,Hessen,code06,23.879
2007,Stunden,Differenz,|,,Hessen,code06,23.665
2008,Stunden,Differenz,,,Hessen,code06,23.534
2009,Stunden,Differenz,,,Hessen,code06,23.086
2010,Stunden,Differenz,,,Hessen,code06,22.867
2011,Stunden,Differenz,,,Hessen,code06,22.86
2012,Stunden,Differenz,,,Hessen,code06,22.329
2013,Stunden,Differenz,,,Hessen,code06,22.472
2014,Stunden,Differenz,,,Hessen,code06,21.463
2015,Stunden,Differenz,,,Hessen,code06,21.645
2016,Stunden,Differenz,,,Hessen,code06,21.609
2017,Stunden,Differenz,,,Hessen,code06,20.452
2018,Stunden,Differenz,,,Hessen,code06,20.084
2019,Stunden,Differenz,,,Hessen,code06,19.937
2020,Stunden,Differenz,|,,Hessen,code06,18.726
2021,Stunden,Differenz,|,,Hessen,code06,18.402
2022,Stunden,Differenz,,,Hessen,code06,18.43
2023,Stunden,Differenz,,,Hessen,code06,17.79
2024,Stunden,Differenz,p,,Hessen,code06,17.717
2006,Stunden,Differenz,,,Mecklenburg-Vorpommern,code13,11.374
2007,Stunden,Differenz,|,,Mecklenburg-Vorpommern,code13,13.078
2008,Stunden,Differenz,,,Mecklenburg-Vorpommern,code13,14.218
2009,Stunden,Differenz,,,Mecklenburg-Vorpommern,code13,12.949
2010,Stunden,Differenz,,,Mecklenburg-Vorpommern,code13,11.863
2011,Stunden,Differenz,,,Mecklenburg-Vorpommern,code13,12.416
2012,Stunden,Differenz,,,Mecklenburg-Vorpommern,code13,11.7
2013,Stunden,Differenz,,,Mecklenburg-Vorpommern,code13,12.348
2014,Stunden,Differenz,,,Mecklenburg-Vorpommern,code13,11.686
2015,Stunden,Differenz,,,Mecklenburg-Vorpommern,code13,10.804
2016,Stunden,Differenz,,,Mecklenburg-Vorpommern,code13,11.564
2017,Stunden,Differenz,,,Mecklenburg-Vorpommern,code13,12.818
2018,Stunden,Differenz,,,Mecklenburg-Vorpommern,code13,10.754
2019,Stunden,Differenz,,,Mecklenburg-Vorpommern,code13,10.601
2020,Stunden,Differenz,|,,Mecklenburg-Vorpommern,code13,11.447
2021,Stunden,Differenz,|,,Mecklenburg-Vorpommern,code13,11.519
2022,Stunden,Differenz,,,Mecklenburg-Vorpommern,code13,10.792
2023,Stunden,Differenz,,,Mecklenburg-Vorpommern,code13,10.05
2024,Stunden,Differenz,p,,Mecklenburg-Vorpommern,code13,10.078
2006,Stunden,Differenz,,,Niedersachsen,code03,23.869
2007,Stunden,Differenz,|,,Niedersachsen,code03,24.156
2008,Stunden,Differenz,,,Niedersachsen,code03,23.923
2009,Stunden,Differenz,,,Niedersachsen,code03,23.203
2010,Stunden,Differenz,,,Niedersachsen,code03,22.548
2011,Stunden,Differenz,,,Niedersachsen,code03,22.615
2012,Stunden,Differenz,,,Niedersachsen,code03,22.957
2013,Stunden,Differenz,,,Niedersachsen,code03,22.495
2014,Stunden,Differenz,,,Niedersachsen,code03,22.435
2015,Stunden,Differenz,,,Niedersachsen,code03,21.674
2016,Stunden,Differenz,,,Niedersachsen,code03,20.501
2017,Stunden,Differenz,,,Niedersachsen,code03,20.264
2018,Stunden,Differenz,,,Niedersachsen,code03,20.071
2019,Stunden,Differenz,,,Niedersachsen,code03,19.849
2020,Stunden,Differenz,|,,Niedersachsen,code03,18.705
2021,Stunden,Differenz,|,,Niedersachsen,code03,18.874
2022,Stunden,Differenz,,,Niedersachsen,code03,18.78
2023,Stunden,Differenz,,,Niedersachsen,code03,18.514
2024,Stunden,Differenz,p,,Niedersachsen,code03,18.431
2006,Stunden,Differenz,,,Nordrhein-Westfalen,code05,23.637
2007,Stunden,Differenz,|,,Nordrhein-Westfalen,code05,23.901
2008,Stunden,Differenz,,,Nordrhein-Westfalen,code05,24.201
2009,Stunden,Differenz,,,Nordrhein-Westfalen,code05,23.356
2010,Stunden,Differenz,,,Nordrhein-Westfalen,code05,23.087
2011,Stunden,Differenz,,,Nordrhein-Westfalen,code05,23.504
2012,Stunden,Differenz,,,Nordrhein-Westfalen,code05,23.368
2013,Stunden,Differenz,,,Nordrhein-Westfalen,code05,22.358
2014,Stunden,Differenz,,,Nordrhein-Westfalen,code05,22.172
2015,Stunden,Differenz,,,Nordrhein-Westfalen,code05,21.813
2016,Stunden,Differenz,,,Nordrhein-Westfalen,code05,21.528
2017,Stunden,Differenz,,,Nordrhein-Westfalen,code05,21.107
2018,Stunden,Differenz,,,Nordrhein-Westfalen,code05,20.567
2019,Stunden,Differenz,,,Nordrhein-Westfalen,code05,20.333
2020,Stunden,Differenz,|,,Nordrhein-Westfalen,code05,18.992
2021,Stunden,Differenz,|,,Nordrhein-Westfalen,code05,18.436
2022,Stunden,Differenz,,,Nordrhein-Westfalen,code05,18.875
2023,Stunden,Differenz,,,Nordrhein-Westfalen,code05,18.492
2024,Stunden,Differenz,p,,Nordrhein-Westfalen,code05,18.126
2006,Stunden,Differenz,,,Rheinland-Pfalz,code07,23.652
2007,Stunden,Differenz,|,,Rheinland-Pfalz,code07,24.351
2008,Stunden,Differenz,,,Rheinland-Pfalz,code07,24.644
2009,Stunden,Differenz,,,Rheinland-Pfalz,code07,23.459
2010,Stunden,Differenz,,,Rheinland-Pfalz,code07,23.467
2011,Stunden,Differenz,,,Rheinland-Pfalz,code07,24.087
2012,Stunden,Differenz,,,Rheinland-Pfalz,code07,23.423
2013,Stunden,Differenz,,,Rheinland-Pfalz,code07,22.82
2014,Stunden,Differenz,,,Rheinland-Pfalz,code07,22.61
2015,Stunden,Differenz,,,Rheinland-Pfalz,code07,22.18
2016,Stunden,Differenz,,,Rheinland-Pfalz,code07,21.51
2017,Stunden,Differenz,,,Rheinland-Pfalz,code07,21.103
2018,Stunden,Differenz,,,Rheinland-Pfalz,code07,21.079
2019,Stunden,Differenz,,,Rheinland-Pfalz,code07,20.861
2020,Stunden,Differenz,|,,Rheinland-Pfalz,code07,20.141
2021,Stunden,Differenz,|,,Rheinland-Pfalz,code07,19.259
2022,Stunden,Differenz,,,Rheinland-Pfalz,code07,19.748
2023,Stunden,Differenz,,,Rheinland-Pfalz,code07,18.8
2024,Stunden,Differenz,p,,Rheinland-Pfalz,code07,18.624
2006,Stunden,Differenz,,,Saarland,code10,22.828
2007,Stunden,Differenz,|,,Saarland,code10,22.934
2008,Stunden,Differenz,,,Saarland,code10,22.882
2009,Stunden,Differenz,,,Saarland,code10,24.019
2010,Stunden,Differenz,,,Saarland,code10,23.886
2011,Stunden,Differenz,,,Saarland,code10,23.658
2012,Stunden,Differenz,,,Saarland,code10,22.949
2013,Stunden,Differenz,,,Saarland,code10,21.762
2014,Stunden,Differenz,,,Saarland,code10,20.234
2015,Stunden,Differenz,,,Saarland,code10,19.715
2016,Stunden,Differenz,,,Saarland,code10,19.564
2017,Stunden,Differenz,,,Saarland,code10,19.14
2018,Stunden,Differenz,,,Saarland,code10,18.682
2019,Stunden,Differenz,,,Saarland,code10,18.072
2020,Stunden,Differenz,|,,Saarland,code10,17.905
2021,Stunden,Differenz,|,,Saarland,code10,16.826
2022,Stunden,Differenz,,,Saarland,code10,18.401
2023,Stunden,Differenz,,,Saarland,code10,17.869
2024,Stunden,Differenz,p,,Saarland,code10,16.863
2006,Stunden,Differenz,,,Sachsen,code14,13.592
2007,Stunden,Differenz,|,,Sachsen,code14,14.231
2008,Stunden,Differenz,,,Sachsen,code14,14.429
2009,Stunden,Differenz,,,Sachsen,code14,15.086
2010,Stunden,Differenz,,,Sachsen,code14,14.69
2011,Stunden,Differenz,,,Sachsen,code14,14.707
2012,Stunden,Differenz,,,Sachsen,code14,14.642
2013,Stunden,Differenz,,,Sachsen,code14,14.542
2014,Stunden,Differenz,,,Sachsen,code14,13.957
2015,Stunden,Differenz,,,Sachsen,code14,13.076
2016,Stunden,Differenz,,,Sachsen,code14,13.137
2017,Stunden,Differenz,,,Sachsen,code14,12.912
2018,Stunden,Differenz,,,Sachsen,code14,12.4
2019,Stunden,Differenz,,,Sachsen,code14,11.717
2020,Stunden,Differenz,|,,Sachsen,code14,11.303
2021,Stunden,Differenz,|,,Sachsen,code14,11.441
2022,Stunden,Differenz,,,Sachsen,code14,11.818
2023,Stunden,Differenz,,,Sachsen,code14,11.615
2024,Stunden,Differenz,p,,Sachsen,code14,10.619
2006,Stunden,Differenz,,,Sachsen-Anhalt,code15,12.031
2007,Stunden,Differenz,|,,Sachsen-Anhalt,code15,12.473
2008,Stunden,Differenz,,,Sachsen-Anhalt,code15,13.06
2009,Stunden,Differenz,,,Sachsen-Anhalt,code15,11.706
2010,Stunden,Differenz,,,Sachsen-Anhalt,code15,13.072
2011,Stunden,Differenz,,,Sachsen-Anhalt,code15,13.252
2012,Stunden,Differenz,,,Sachsen-Anhalt,code15,13.229
2013,Stunden,Differenz,,,Sachsen-Anhalt,code15,13.186
2014,Stunden,Differenz,,,Sachsen-Anhalt,code15,12.403
2015,Stunden,Differenz,,,Sachsen-Anhalt,code15,13.357
2016,Stunden,Differenz,,,Sachsen-Anhalt,code15,11.867
2017,Stunden,Differenz,,,Sachsen-Anhalt,code15,11.082
2018,Stunden,Differenz,,,Sachsen-Anhalt,code15,11.11
2019,Stunden,Differenz,,,Sachsen-Anhalt,code15,10.663
2020,Stunden,Differenz,|,,Sachsen-Anhalt,code15,11.149
2021,Stunden,Differenz,|,,Sachsen-Anhalt,code15,10.876
2022,Stunden,Differenz,,,Sachsen-Anhalt,code15,10.647
2023,Stunden,Differenz,,,Sachsen-Anhalt,code15,9.759
2024,Stunden,Differenz,p,,Sachsen-Anhalt,code15,10.089
2006,Stunden,Differenz,,,Schleswig-Holstein,code01,24.02
2007,Stunden,Differenz,|,,Schleswig-Holstein,code01,24.217
2008,Stunden,Differenz,,,Schleswig-Holstein,code01,23.74
2009,Stunden,Differenz,,,Schleswig-Holstein,code01,22.677
2010,Stunden,Differenz,,,Schleswig-Holstein,code01,22.024
2011,Stunden,Differenz,,,Schleswig-Holstein,code01,22.669
2012,Stunden,Differenz,,,Schleswig-Holstein,code01,21.914
2013,Stunden,Differenz,,,Schleswig-Holstein,code01,21.667
2014,Stunden,Differenz,,,Schleswig-Holstein,code01,21.275
2015,Stunden,Differenz,,,Schleswig-Holstein,code01,20.273
2016,Stunden,Differenz,,,Schleswig-Holstein,code01,19.698
2017,Stunden,Differenz,,,Schleswig-Holstein,code01,19.456
2018,Stunden,Differenz,,,Schleswig-Holstein,code01,19.001
2019,Stunden,Differenz,,,Schleswig-Holstein,code01,19.069
2020,Stunden,Differenz,|,,Schleswig-Holstein,code01,18.393
2021,Stunden,Differenz,|,,Schleswig-Holstein,code01,18.187
2022,Stunden,Differenz,,,Schleswig-Holstein,code01,17.467
2023,Stunden,Differenz,,,Schleswig-Holstein,code01,17.184
2024,Stunden,Differenz,p,,Schleswig-Holstein,code01,16.886
2006,Stunden,Differenz,,,Thüringen,code16,14.226
2007,Stunden,Differenz,|,,Thüringen,code16,15.074
2008,Stunden,Differenz,,,Thüringen,code16,15.32
2009,Stunden,Differenz,,,Thüringen,code16,14.853
2010,Stunden,Differenz,,,Thüringen,code16,14.759
2011,Stunden,Differenz,,,Thüringen,code16,15.062
2012,Stunden,Differenz,,,Thüringen,code16,14.918
2013,Stunden,Differenz,,,Thüringen,code16,13.949
2014,Stunden,Differenz,,,Thüringen,code16,13.523
2015,Stunden,Differenz,,,Thüringen,code16,13.832
2016,Stunden,Differenz,,,Thüringen,code16,12.018
2017,Stunden,Differenz,,,Thüringen,code16,11.861
2018,Stunden,Differenz,,,Thüringen,code16,11.268
2019,Stunden,Differenz,,,Thüringen,code16,11.425
2020,Stunden,Differenz,|,,Thüringen,code16,12.069
2021,Stunden,Differenz,|,,Thüringen,code16,12.331
2022,Stunden,Differenz,,,Thüringen,code16,10.925
2023,Stunden,Differenz,,,Thüringen,code16,10.926
2024,Stunden,Differenz,p,,Thüringen,code16,10.715
