Year,Units,Series,COMMENT_OBS_0,Bundesland,GeoCode,COMMENT_OBS_1,Value
2008,2008 = 100,a) Endenergieproduktivität,,,,,100.0
2009,2008 = 100,a) Endenergieproduktivität,r,,,,99.937
2010,2008 = 100,a) Endenergieproduktivität,r,,,,97.043
2011,2008 = 100,a) Endenergieproduktivität,r,,,,105.1
2012,2008 = 100,a) Endenergieproduktivität,r,,,,104.754
2013,2008 = 100,a) Endenergieproduktivität,r,,,,102.688
2014,2008 = 100,a) Endenergieproduktivität,r,,,,110.874
2015,2008 = 100,a) Endenergieproduktivität,r,,,,110.119
2016,2008 = 100,a) Endenergieproduktivität,r,,,,110.865
2017,2008 = 100,a) Endenergieproduktivität,r,,,,112.75
2018,2008 = 100,a) Endenergieproduktivität,r,,,,116.233
2019,2008 = 100,a) Endenergieproduktivität,r,,,,117.193
2020,2008 = 100,a) Endenergieproduktivität,r,,,,120.359
2021,2008 = 100,a) Endenergieproduktivität,r,,,,119.991
2022,2008 = 100,a) Endenergieproduktivität,r,,,,125.827
2023,2008 = 100,a) Endenergieproduktivität,,,,,131.49
2024,2008 = 100,a) Endenergieproduktivität,p,,,,131.283
2025,2008 = 100,a) Endenergieproduktivität,…,,,,
2030,2008 = 100,a) Endenergieproduktivität,…,,,,
2008,2008 = 100,a) Endenergieproduktivität,,Baden-Württemberg,code08,,100.0
2009,2008 = 100,a) Endenergieproduktivität,r,Baden-Württemberg,code08,,95.684
2010,2008 = 100,a) Endenergieproduktivität,r,Baden-Württemberg,code08,,100.307
2011,2008 = 100,a) Endenergieproduktivität,r,Baden-Württemberg,code08,,109.608
2012,2008 = 100,a) Endenergieproduktivität,r,Baden-Württemberg,code08,,111.746
2013,2008 = 100,a) Endenergieproduktivität,r,Baden-Württemberg,code08,,107.116
2014,2008 = 100,a) Endenergieproduktivität,r,Baden-Württemberg,code08,,116.694
2015,2008 = 100,a) Endenergieproduktivität,r,Baden-Württemberg,code08,,115.915
2016,2008 = 100,a) Endenergieproduktivität,r,Baden-Württemberg,code08,,115.64
2017,2008 = 100,a) Endenergieproduktivität,r,Baden-Württemberg,code08,,120.069
2018,2008 = 100,a) Endenergieproduktivität,r,Baden-Württemberg,code08,,125.162
2019,2008 = 100,a) Endenergieproduktivität,r,Baden-Württemberg,code08,,121.327
2020,2008 = 100,a) Endenergieproduktivität,r,Baden-Württemberg,code08,,121.556
2021,2008 = 100,a) Endenergieproduktivität,r,Baden-Württemberg,code08,,128.039
2022,2008 = 100,a) Endenergieproduktivität,r,Baden-Württemberg,code08,,134.332
2023,2008 = 100,a) Endenergieproduktivität,p,Baden-Württemberg,code08,,140.777
2024,2008 = 100,a) Endenergieproduktivität,…,Baden-Württemberg,code08,,
2025,2008 = 100,a) Endenergieproduktivität,…,Baden-Württemberg,code08,,
2030,2008 = 100,a) Endenergieproduktivität,…,Baden-Württemberg,code08,,
2008,2008 = 100,a) Endenergieproduktivität,,Bayern,code09,,100.0
2009,2008 = 100,a) Endenergieproduktivität,r,Bayern,code09,,98.765
2010,2008 = 100,a) Endenergieproduktivität,r,Bayern,code09,,96.406
2011,2008 = 100,a) Endenergieproduktivität,r,Bayern,code09,,103.07
2012,2008 = 100,a) Endenergieproduktivität,r,Bayern,code09,,104.534
2013,2008 = 100,a) Endenergieproduktivität,r,Bayern,code09,,104.86
2014,2008 = 100,a) Endenergieproduktivität,r,Bayern,code09,,112.619
2015,2008 = 100,a) Endenergieproduktivität,r,Bayern,code09,,112.265
2016,2008 = 100,a) Endenergieproduktivität,r,Bayern,code09,,111.372
2017,2008 = 100,a) Endenergieproduktivität,r,Bayern,code09,,114.266
2018,2008 = 100,a) Endenergieproduktivität,r,Bayern,code09,,113.487
2019,2008 = 100,a) Endenergieproduktivität,r,Bayern,code09,,112.096
2020,2008 = 100,a) Endenergieproduktivität,r,Bayern,code09,,115.434
2021,2008 = 100,a) Endenergieproduktivität,r,Bayern,code09,,119.281
2022,2008 = 100,a) Endenergieproduktivität,,Bayern,code09,,121.761
2023,2008 = 100,a) Endenergieproduktivität,…,Bayern,code09,,
2024,2008 = 100,a) Endenergieproduktivität,…,Bayern,code09,,
2025,2008 = 100,a) Endenergieproduktivität,…,Bayern,code09,,
2030,2008 = 100,a) Endenergieproduktivität,…,Bayern,code09,,
2008,2008 = 100,a) Endenergieproduktivität,,Berlin,code11,,100.0
2009,2008 = 100,a) Endenergieproduktivität,r,Berlin,code11,,98.402
2010,2008 = 100,a) Endenergieproduktivität,r,Berlin,code11,,93.02
2011,2008 = 100,a) Endenergieproduktivität,r,Berlin,code11,,108.342
2012,2008 = 100,a) Endenergieproduktivität,r,Berlin,code11,,107.045
2013,2008 = 100,a) Endenergieproduktivität,r,Berlin,code11,,104.533
2014,2008 = 100,a) Endenergieproduktivität,r,Berlin,code11,,115.232
2015,2008 = 100,a) Endenergieproduktivität,r,Berlin,code11,,122.132
2016,2008 = 100,a) Endenergieproduktivität,r,Berlin,code11,,123.148
2017,2008 = 100,a) Endenergieproduktivität,r,Berlin,code11,,127.723
2018,2008 = 100,a) Endenergieproduktivität,r,Berlin,code11,,132.887
2019,2008 = 100,a) Endenergieproduktivität,r,Berlin,code11,,140.848
2020,2008 = 100,a) Endenergieproduktivität,r,Berlin,code11,,153.219
2021,2008 = 100,a) Endenergieproduktivität,r,Berlin,code11,,156.807
2022,2008 = 100,a) Endenergieproduktivität,r,Berlin,code11,,173.297
2023,2008 = 100,a) Endenergieproduktivität,p,Berlin,code11,,176.186
2024,2008 = 100,a) Endenergieproduktivität,…,Berlin,code11,,
2025,2008 = 100,a) Endenergieproduktivität,…,Berlin,code11,,
2030,2008 = 100,a) Endenergieproduktivität,…,Berlin,code11,,
2008,2008 = 100,a) Endenergieproduktivität,,Brandenburg,code12,,100.0
2009,2008 = 100,a) Endenergieproduktivität,r,Brandenburg,code12,,99.316
2010,2008 = 100,a) Endenergieproduktivität,r,Brandenburg,code12,,95.722
2011,2008 = 100,a) Endenergieproduktivität,r,Brandenburg,code12,,100.546
2012,2008 = 100,a) Endenergieproduktivität,r,Brandenburg,code12,,99.753
2013,2008 = 100,a) Endenergieproduktivität,r,Brandenburg,code12,,98.049
2014,2008 = 100,a) Endenergieproduktivität,r,Brandenburg,code12,,104.222
2015,2008 = 100,a) Endenergieproduktivität,r,Brandenburg,code12,,106.969
2016,2008 = 100,a) Endenergieproduktivität,r,Brandenburg,code12,,103.486
2017,2008 = 100,a) Endenergieproduktivität,r,Brandenburg,code12,,103.598
2018,2008 = 100,a) Endenergieproduktivität,r,Brandenburg,code12,,103.047
2019,2008 = 100,a) Endenergieproduktivität,r,Brandenburg,code12,,107.844
2020,2008 = 100,a) Endenergieproduktivität,r,Brandenburg,code12,,109.305
2021,2008 = 100,a) Endenergieproduktivität,r,Brandenburg,code12,,105.848
2022,2008 = 100,a) Endenergieproduktivität,r,Brandenburg,code12,,106.596
2023,2008 = 100,a) Endenergieproduktivität,p,Brandenburg,code12,,106.855
2024,2008 = 100,a) Endenergieproduktivität,…,Brandenburg,code12,,
2025,2008 = 100,a) Endenergieproduktivität,…,Brandenburg,code12,,
2030,2008 = 100,a) Endenergieproduktivität,…,Brandenburg,code12,,
2008,2008 = 100,a) Endenergieproduktivität,,Bremen,code04,,100.0
2009,2008 = 100,a) Endenergieproduktivität,r,Bremen,code04,,97.491
2010,2008 = 100,a) Endenergieproduktivität,.,Bremen,code04,,
2011,2008 = 100,a) Endenergieproduktivität,r,Bremen,code04,,95.63
2012,2008 = 100,a) Endenergieproduktivität,r,Bremen,code04,,99.936
2013,2008 = 100,a) Endenergieproduktivität,r,Bremen,code04,,99.938
2014,2008 = 100,a) Endenergieproduktivität,r,Bremen,code04,,95.756
2015,2008 = 100,a) Endenergieproduktivität,r,Bremen,code04,,97.343
2016,2008 = 100,a) Endenergieproduktivität,r,Bremen,code04,,99.761
2017,2008 = 100,a) Endenergieproduktivität,r,Bremen,code04,,105.175
2018,2008 = 100,a) Endenergieproduktivität,r,Bremen,code04,,105.029
2019,2008 = 100,a) Endenergieproduktivität,r,Bremen,code04,,107.227
2020,2008 = 100,a) Endenergieproduktivität,r,Bremen,code04,,112.657
2021,2008 = 100,a) Endenergieproduktivität,…,Bremen,code04,,
2022,2008 = 100,a) Endenergieproduktivität,…,Bremen,code04,,
2023,2008 = 100,a) Endenergieproduktivität,…,Bremen,code04,,
2024,2008 = 100,a) Endenergieproduktivität,…,Bremen,code04,,
2025,2008 = 100,a) Endenergieproduktivität,…,Bremen,code04,,
2030,2008 = 100,a) Endenergieproduktivität,…,Bremen,code04,,
2008,2008 = 100,a) Endenergieproduktivität,,Hamburg,code02,,100.0
2009,2008 = 100,a) Endenergieproduktivität,r,Hamburg,code02,,93.388
2010,2008 = 100,a) Endenergieproduktivität,r,Hamburg,code02,,94.679
2011,2008 = 100,a) Endenergieproduktivität,r,Hamburg,code02,,101.951
2012,2008 = 100,a) Endenergieproduktivität,r,Hamburg,code02,,100.43
2013,2008 = 100,a) Endenergieproduktivität,r,Hamburg,code02,,105.241
2014,2008 = 100,a) Endenergieproduktivität,r,Hamburg,code02,,110.958
2015,2008 = 100,a) Endenergieproduktivität,r,Hamburg,code02,,109.975
2016,2008 = 100,a) Endenergieproduktivität,r,Hamburg,code02,,111.83
2017,2008 = 100,a) Endenergieproduktivität,r,Hamburg,code02,,112.879
2018,2008 = 100,a) Endenergieproduktivität,r,Hamburg,code02,,110.22
2019,2008 = 100,a) Endenergieproduktivität,r,Hamburg,code02,,113.832
2020,2008 = 100,a) Endenergieproduktivität,r,Hamburg,code02,,116.727
2021,2008 = 100,a) Endenergieproduktivität,r,Hamburg,code02,,113.623
2022,2008 = 100,a) Endenergieproduktivität,r,Hamburg,code02,,124.39
2023,2008 = 100,a) Endenergieproduktivität,,Hamburg,code02,,127.286
2024,2008 = 100,a) Endenergieproduktivität,…,Hamburg,code02,,
2025,2008 = 100,a) Endenergieproduktivität,…,Hamburg,code02,,
2030,2008 = 100,a) Endenergieproduktivität,…,Hamburg,code02,,
2008,2008 = 100,a) Endenergieproduktivität,,Hessen,code06,,100.0
2009,2008 = 100,a) Endenergieproduktivität,r,Hessen,code06,,97.851
2010,2008 = 100,a) Endenergieproduktivität,r,Hessen,code06,,98.755
2011,2008 = 100,a) Endenergieproduktivität,r,Hessen,code06,,107.007
2012,2008 = 100,a) Endenergieproduktivität,r,Hessen,code06,,104.617
2013,2008 = 100,a) Endenergieproduktivität,r,Hessen,code06,,102.948
2014,2008 = 100,a) Endenergieproduktivität,r,Hessen,code06,,106.577
2015,2008 = 100,a) Endenergieproduktivität,r,Hessen,code06,,105.113
2016,2008 = 100,a) Endenergieproduktivität,r,Hessen,code06,,105.939
2017,2008 = 100,a) Endenergieproduktivität,r,Hessen,code06,,108.452
2018,2008 = 100,a) Endenergieproduktivität,r,Hessen,code06,,110.015
2019,2008 = 100,a) Endenergieproduktivität,r,Hessen,code06,,110.015
2020,2008 = 100,a) Endenergieproduktivität,r,Hessen,code06,,125.237
2021,2008 = 100,a) Endenergieproduktivität,r,Hessen,code06,,124.882
2022,2008 = 100,a) Endenergieproduktivität,r,Hessen,code06,,123.222
2023,2008 = 100,a) Endenergieproduktivität,p,Hessen,code06,,125.251
2024,2008 = 100,a) Endenergieproduktivität,…,Hessen,code06,,
2025,2008 = 100,a) Endenergieproduktivität,…,Hessen,code06,,
2030,2008 = 100,a) Endenergieproduktivität,…,Hessen,code06,,
2008,2008 = 100,a) Endenergieproduktivität,,Mecklenburg-Vorpommern,code13,,100.0
2009,2008 = 100,a) Endenergieproduktivität,r,Mecklenburg-Vorpommern,code13,,100.436
2010,2008 = 100,a) Endenergieproduktivität,r,Mecklenburg-Vorpommern,code13,,94.842
2011,2008 = 100,a) Endenergieproduktivität,r,Mecklenburg-Vorpommern,code13,,104.607
2012,2008 = 100,a) Endenergieproduktivität,r,Mecklenburg-Vorpommern,code13,,100.953
2013,2008 = 100,a) Endenergieproduktivität,r,Mecklenburg-Vorpommern,code13,,98.329
2014,2008 = 100,a) Endenergieproduktivität,r,Mecklenburg-Vorpommern,code13,,104.113
2015,2008 = 100,a) Endenergieproduktivität,r,Mecklenburg-Vorpommern,code13,,104.711
2016,2008 = 100,a) Endenergieproduktivität,r,Mecklenburg-Vorpommern,code13,,105.369
2017,2008 = 100,a) Endenergieproduktivität,r,Mecklenburg-Vorpommern,code13,,112.583
2018,2008 = 100,a) Endenergieproduktivität,r,Mecklenburg-Vorpommern,code13,,110.397
2019,2008 = 100,a) Endenergieproduktivität,r,Mecklenburg-Vorpommern,code13,,114.76
2020,2008 = 100,a) Endenergieproduktivität,r,Mecklenburg-Vorpommern,code13,,111.516
2021,2008 = 100,a) Endenergieproduktivität,…,Mecklenburg-Vorpommern,code13,,
2022,2008 = 100,a) Endenergieproduktivität,…,Mecklenburg-Vorpommern,code13,,
2023,2008 = 100,a) Endenergieproduktivität,…,Mecklenburg-Vorpommern,code13,,
2024,2008 = 100,a) Endenergieproduktivität,…,Mecklenburg-Vorpommern,code13,,
2025,2008 = 100,a) Endenergieproduktivität,…,Mecklenburg-Vorpommern,code13,,
2030,2008 = 100,a) Endenergieproduktivität,…,Mecklenburg-Vorpommern,code13,,
2008,2008 = 100,a) Endenergieproduktivität,,Niedersachsen,code03,,100.0
2009,2008 = 100,a) Endenergieproduktivität,r,Niedersachsen,code03,,99.376
2010,2008 = 100,a) Endenergieproduktivität,r,Niedersachsen,code03,,98.059
2011,2008 = 100,a) Endenergieproduktivität,r,Niedersachsen,code03,,107.792
2012,2008 = 100,a) Endenergieproduktivität,r,Niedersachsen,code03,,111.351
2013,2008 = 100,a) Endenergieproduktivität,r,Niedersachsen,code03,,108.57
2014,2008 = 100,a) Endenergieproduktivität,r,Niedersachsen,code03,,114.156
2015,2008 = 100,a) Endenergieproduktivität,r,Niedersachsen,code03,,114.339
2016,2008 = 100,a) Endenergieproduktivität,r,Niedersachsen,code03,,120.215
2017,2008 = 100,a) Endenergieproduktivität,r,Niedersachsen,code03,,119.051
2018,2008 = 100,a) Endenergieproduktivität,r,Niedersachsen,code03,,120.893
2019,2008 = 100,a) Endenergieproduktivität,r,Niedersachsen,code03,,123.415
2020,2008 = 100,a) Endenergieproduktivität,r,Niedersachsen,code03,,123.792
2021,2008 = 100,a) Endenergieproduktivität,r,Niedersachsen,code03,,122.047
2022,2008 = 100,a) Endenergieproduktivität,r,Niedersachsen,code03,,125.279
2023,2008 = 100,a) Endenergieproduktivität,p,Niedersachsen,code03,,135.171
2024,2008 = 100,a) Endenergieproduktivität,…,Niedersachsen,code03,,
2025,2008 = 100,a) Endenergieproduktivität,…,Niedersachsen,code03,,
2030,2008 = 100,a) Endenergieproduktivität,…,Niedersachsen,code03,,
2008,2008 = 100,a) Endenergieproduktivität,,Nordrhein-Westfalen,code05,,100.0
2009,2008 = 100,a) Endenergieproduktivität,r,Nordrhein-Westfalen,code05,,106.844
2010,2008 = 100,a) Endenergieproduktivität,r,Nordrhein-Westfalen,code05,,102.247
2011,2008 = 100,a) Endenergieproduktivität,r,Nordrhein-Westfalen,code05,,111.562
2012,2008 = 100,a) Endenergieproduktivität,r,Nordrhein-Westfalen,code05,,112.495
2013,2008 = 100,a) Endenergieproduktivität,r,Nordrhein-Westfalen,code05,,111.909
2014,2008 = 100,a) Endenergieproduktivität,r,Nordrhein-Westfalen,code05,,117.424
2015,2008 = 100,a) Endenergieproduktivität,r,Nordrhein-Westfalen,code05,,119.424
2016,2008 = 100,a) Endenergieproduktivität,r,Nordrhein-Westfalen,code05,,118.678
2017,2008 = 100,a) Endenergieproduktivität,r,Nordrhein-Westfalen,code05,,124.497
2018,2008 = 100,a) Endenergieproduktivität,r,Nordrhein-Westfalen,code05,,120.561
2019,2008 = 100,a) Endenergieproduktivität,r,Nordrhein-Westfalen,code05,,120.432
2020,2008 = 100,a) Endenergieproduktivität,r,Nordrhein-Westfalen,code05,,120.361
2021,2008 = 100,a) Endenergieproduktivität,r,Nordrhein-Westfalen,code05,,120.784
2022,2008 = 100,a) Endenergieproduktivität,,Nordrhein-Westfalen,code05,,136.109
2023,2008 = 100,a) Endenergieproduktivität,…,Nordrhein-Westfalen,code05,,
2024,2008 = 100,a) Endenergieproduktivität,…,Nordrhein-Westfalen,code05,,
2025,2008 = 100,a) Endenergieproduktivität,…,Nordrhein-Westfalen,code05,,
2030,2008 = 100,a) Endenergieproduktivität,…,Nordrhein-Westfalen,code05,,
2008,2008 = 100,a) Endenergieproduktivität,,Rheinland-Pfalz,code07,,100.0
2009,2008 = 100,a) Endenergieproduktivität,r,Rheinland-Pfalz,code07,,99.673
2010,2008 = 100,a) Endenergieproduktivität,r,Rheinland-Pfalz,code07,,100.053
2011,2008 = 100,a) Endenergieproduktivität,r,Rheinland-Pfalz,code07,,110.183
2012,2008 = 100,a) Endenergieproduktivität,r,Rheinland-Pfalz,code07,,112.57
2013,2008 = 100,a) Endenergieproduktivität,r,Rheinland-Pfalz,code07,,109.064
2014,2008 = 100,a) Endenergieproduktivität,r,Rheinland-Pfalz,code07,,114.686
2015,2008 = 100,a) Endenergieproduktivität,r,Rheinland-Pfalz,code07,,114.725
2016,2008 = 100,a) Endenergieproduktivität,r,Rheinland-Pfalz,code07,,113.732
2017,2008 = 100,a) Endenergieproduktivität,r,Rheinland-Pfalz,code07,,114.6
2018,2008 = 100,a) Endenergieproduktivität,r,Rheinland-Pfalz,code07,,113.038
2019,2008 = 100,a) Endenergieproduktivität,r,Rheinland-Pfalz,code07,,112.861
2020,2008 = 100,a) Endenergieproduktivität,r,Rheinland-Pfalz,code07,,111.496
2021,2008 = 100,a) Endenergieproduktivität,r,Rheinland-Pfalz,code07,,120.56
2022,2008 = 100,a) Endenergieproduktivität,r,Rheinland-Pfalz,code07,,126.572
2023,2008 = 100,a) Endenergieproduktivität,…,Rheinland-Pfalz,code07,,
2024,2008 = 100,a) Endenergieproduktivität,…,Rheinland-Pfalz,code07,,
2025,2008 = 100,a) Endenergieproduktivität,…,Rheinland-Pfalz,code07,,
2030,2008 = 100,a) Endenergieproduktivität,…,Rheinland-Pfalz,code07,,
2008,2008 = 100,a) Endenergieproduktivität,.,Saarland,code10,,
2009,2008 = 100,a) Endenergieproduktivität,.,Saarland,code10,,
2010,2008 = 100,a) Endenergieproduktivität,.,Saarland,code10,,
2011,2008 = 100,a) Endenergieproduktivität,.,Saarland,code10,,
2012,2008 = 100,a) Endenergieproduktivität,.,Saarland,code10,,
2013,2008 = 100,a) Endenergieproduktivität,.,Saarland,code10,,
2014,2008 = 100,a) Endenergieproduktivität,.,Saarland,code10,,
2015,2008 = 100,a) Endenergieproduktivität,.,Saarland,code10,,
2016,2008 = 100,a) Endenergieproduktivität,.,Saarland,code10,,
2017,2008 = 100,a) Endenergieproduktivität,.,Saarland,code10,,
2018,2008 = 100,a) Endenergieproduktivität,.,Saarland,code10,,
2019,2008 = 100,a) Endenergieproduktivität,.,Saarland,code10,,
2020,2008 = 100,a) Endenergieproduktivität,.,Saarland,code10,,
2021,2008 = 100,a) Endenergieproduktivität,.,Saarland,code10,,
2022,2008 = 100,a) Endenergieproduktivität,.,Saarland,code10,,
2023,2008 = 100,a) Endenergieproduktivität,.,Saarland,code10,,
2024,2008 = 100,a) Endenergieproduktivität,.,Saarland,code10,,
2025,2008 = 100,a) Endenergieproduktivität,.,Saarland,code10,,
2030,2008 = 100,a) Endenergieproduktivität,…,Saarland,code10,,
2008,2008 = 100,a) Endenergieproduktivität,,Sachsen,code14,,100.0
2009,2008 = 100,a) Endenergieproduktivität,r,Sachsen,code14,,97.479
2010,2008 = 100,a) Endenergieproduktivität,r,Sachsen,code14,,95.119
2011,2008 = 100,a) Endenergieproduktivität,r,Sachsen,code14,,105.025
2012,2008 = 100,a) Endenergieproduktivität,r,Sachsen,code14,,100.232
2013,2008 = 100,a) Endenergieproduktivität,r,Sachsen,code14,,98.213
2014,2008 = 100,a) Endenergieproduktivität,r,Sachsen,code14,,106.198
2015,2008 = 100,a) Endenergieproduktivität,r,Sachsen,code14,,106.701
2016,2008 = 100,a) Endenergieproduktivität,r,Sachsen,code14,,105.778
2017,2008 = 100,a) Endenergieproduktivität,r,Sachsen,code14,,105.305
2018,2008 = 100,a) Endenergieproduktivität,r,Sachsen,code14,,109.123
2019,2008 = 100,a) Endenergieproduktivität,r,Sachsen,code14,,111.767
2020,2008 = 100,a) Endenergieproduktivität,r,Sachsen,code14,,105.803
2021,2008 = 100,a) Endenergieproduktivität,r,Sachsen,code14,,103.172
2022,2008 = 100,a) Endenergieproduktivität,r,Sachsen,code14,,108.905
2023,2008 = 100,a) Endenergieproduktivität,p,Sachsen,code14,,116.035
2024,2008 = 100,a) Endenergieproduktivität,…,Sachsen,code14,,
2025,2008 = 100,a) Endenergieproduktivität,…,Sachsen,code14,,
2030,2008 = 100,a) Endenergieproduktivität,…,Sachsen,code14,,
2008,2008 = 100,a) Endenergieproduktivität,,Sachsen-Anhalt,code15,,100.0
2009,2008 = 100,a) Endenergieproduktivität,r,Sachsen-Anhalt,code15,,96.13
2010,2008 = 100,a) Endenergieproduktivität,r,Sachsen-Anhalt,code15,,93.149
2011,2008 = 100,a) Endenergieproduktivität,r,Sachsen-Anhalt,code15,,95.868
2012,2008 = 100,a) Endenergieproduktivität,r,Sachsen-Anhalt,code15,,95.001
2013,2008 = 100,a) Endenergieproduktivität,r,Sachsen-Anhalt,code15,,94.351
2014,2008 = 100,a) Endenergieproduktivität,r,Sachsen-Anhalt,code15,,98.85
2015,2008 = 100,a) Endenergieproduktivität,r,Sachsen-Anhalt,code15,,99.66
2016,2008 = 100,a) Endenergieproduktivität,r,Sachsen-Anhalt,code15,,98.441
2017,2008 = 100,a) Endenergieproduktivität,r,Sachsen-Anhalt,code15,,98.723
2018,2008 = 100,a) Endenergieproduktivität,r,Sachsen-Anhalt,code15,,95.877
2019,2008 = 100,a) Endenergieproduktivität,r,Sachsen-Anhalt,code15,,101.297
2020,2008 = 100,a) Endenergieproduktivität,r,Sachsen-Anhalt,code15,,101.041
2021,2008 = 100,a) Endenergieproduktivität,r,Sachsen-Anhalt,code15,,96.861
2022,2008 = 100,a) Endenergieproduktivität,r,Sachsen-Anhalt,code15,,101.808
2023,2008 = 100,a) Endenergieproduktivität,…,Sachsen-Anhalt,code15,,
2024,2008 = 100,a) Endenergieproduktivität,…,Sachsen-Anhalt,code15,,
2025,2008 = 100,a) Endenergieproduktivität,…,Sachsen-Anhalt,code15,,
2030,2008 = 100,a) Endenergieproduktivität,…,Sachsen-Anhalt,code15,,
2008,2008 = 100,a) Endenergieproduktivität,,Schleswig-Holstein,code01,,100.0
2009,2008 = 100,a) Endenergieproduktivität,r,Schleswig-Holstein,code01,,99.774
2010,2008 = 100,a) Endenergieproduktivität,r,Schleswig-Holstein,code01,,94.857
2011,2008 = 100,a) Endenergieproduktivität,r,Schleswig-Holstein,code01,,102.226
2012,2008 = 100,a) Endenergieproduktivität,r,Schleswig-Holstein,code01,,99.803
2013,2008 = 100,a) Endenergieproduktivität,r,Schleswig-Holstein,code01,,95.242
2014,2008 = 100,a) Endenergieproduktivität,r,Schleswig-Holstein,code01,,102.911
2015,2008 = 100,a) Endenergieproduktivität,r,Schleswig-Holstein,code01,,102.327
2016,2008 = 100,a) Endenergieproduktivität,r,Schleswig-Holstein,code01,,104.5
2017,2008 = 100,a) Endenergieproduktivität,r,Schleswig-Holstein,code01,,106.895
2018,2008 = 100,a) Endenergieproduktivität,r,Schleswig-Holstein,code01,,107.791
2019,2008 = 100,a) Endenergieproduktivität,r,Schleswig-Holstein,code01,,115.097
2020,2008 = 100,a) Endenergieproduktivität,r,Schleswig-Holstein,code01,,112.323
2021,2008 = 100,a) Endenergieproduktivität,r,Schleswig-Holstein,code01,,108.688
2022,2008 = 100,a) Endenergieproduktivität,r,Schleswig-Holstein,code01,,113.957
2023,2008 = 100,a) Endenergieproduktivität,,Schleswig-Holstein,code01,,119.832
2024,2008 = 100,a) Endenergieproduktivität,…,Schleswig-Holstein,code01,,
2025,2008 = 100,a) Endenergieproduktivität,…,Schleswig-Holstein,code01,,
2030,2008 = 100,a) Endenergieproduktivität,…,Schleswig-Holstein,code01,,
2008,2008 = 100,a) Endenergieproduktivität,,Thüringen,code16,,100.0
2009,2008 = 100,a) Endenergieproduktivität,r,Thüringen,code16,,100.692
2010,2008 = 100,a) Endenergieproduktivität,r,Thüringen,code16,,98.86
2011,2008 = 100,a) Endenergieproduktivität,r,Thüringen,code16,,109.612
2012,2008 = 100,a) Endenergieproduktivität,r,Thüringen,code16,,107.876
2013,2008 = 100,a) Endenergieproduktivität,r,Thüringen,code16,,106.458
2014,2008 = 100,a) Endenergieproduktivität,r,Thüringen,code16,,116.708
2015,2008 = 100,a) Endenergieproduktivität,r,Thüringen,code16,,116.716
2016,2008 = 100,a) Endenergieproduktivität,r,Thüringen,code16,,116.096
2017,2008 = 100,a) Endenergieproduktivität,r,Thüringen,code16,,118.856
2018,2008 = 100,a) Endenergieproduktivität,r,Thüringen,code16,,118.758
2019,2008 = 100,a) Endenergieproduktivität,r,Thüringen,code16,,119.179
2020,2008 = 100,a) Endenergieproduktivität,r,Thüringen,code16,,118.851
2021,2008 = 100,a) Endenergieproduktivität,r,Thüringen,code16,,119.235
2022,2008 = 100,a) Endenergieproduktivität,,Thüringen,code16,,122.974
2023,2008 = 100,a) Endenergieproduktivität,…,Thüringen,code16,,
2024,2008 = 100,a) Endenergieproduktivität,…,Thüringen,code16,,
2025,2008 = 100,a) Endenergieproduktivität,…,Thüringen,code16,,
2030,2008 = 100,a) Endenergieproduktivität,…,Thüringen,code16,,
2008,2008 = 100,b) Primärenergieverbrauch,,,,,100.0
2009,2008 = 100,b) Primärenergieverbrauch,r,,,,93.97
2010,2008 = 100,b) Primärenergieverbrauch,r,,,,98.302
2011,2008 = 100,b) Primärenergieverbrauch,r,,,,94.054
2012,2008 = 100,b) Primärenergieverbrauch,r,,,,94.8
2013,2008 = 100,b) Primärenergieverbrauch,r,,,,96.783
2014,2008 = 100,b) Primärenergieverbrauch,r,,,,92.136
2015,2008 = 100,b) Primärenergieverbrauch,r,,,,93.101
2016,2008 = 100,b) Primärenergieverbrauch,r,,,,93.976
2017,2008 = 100,b) Primärenergieverbrauch,r,,,,94.105
2018,2008 = 100,b) Primärenergieverbrauch,r,,,,91.774
2019,2008 = 100,b) Primärenergieverbrauch,r,,,,89.208
2020,2008 = 100,b) Primärenergieverbrauch,r,,,,82.753
2021,2008 = 100,b) Primärenergieverbrauch,r,,,,86.732
2022,2008 = 100,b) Primärenergieverbrauch,r,,,,81.405
2023,2008 = 100,b) Primärenergieverbrauch,r,,,,74.088
2024,2008 = 100,b) Primärenergieverbrauch,r,,,p,73.406
2025,2008 = 100,b) Primärenergieverbrauch,p,,,,73.358
2030,2008 = 100,b) Primärenergieverbrauch,…,,,,
2008,2008 = 100,b) Primärenergieverbrauch,,Baden-Württemberg,code08,,100.0
2009,2008 = 100,b) Primärenergieverbrauch,,Baden-Württemberg,code08,,95.076
2010,2008 = 100,b) Primärenergieverbrauch,,Baden-Württemberg,code08,,95.291
2011,2008 = 100,b) Primärenergieverbrauch,,Baden-Württemberg,code08,,88.107
2012,2008 = 100,b) Primärenergieverbrauch,,Baden-Württemberg,code08,,85.625
2013,2008 = 100,b) Primärenergieverbrauch,,Baden-Württemberg,code08,,89.267
2014,2008 = 100,b) Primärenergieverbrauch,,Baden-Württemberg,code08,,85.552
2015,2008 = 100,b) Primärenergieverbrauch,,Baden-Württemberg,code08,,87.383
2016,2008 = 100,b) Primärenergieverbrauch,,Baden-Württemberg,code08,,89.223
2017,2008 = 100,b) Primärenergieverbrauch,,Baden-Württemberg,code08,,87.798
2018,2008 = 100,b) Primärenergieverbrauch,,Baden-Württemberg,code08,,86.048
2019,2008 = 100,b) Primärenergieverbrauch,,Baden-Württemberg,code08,,86.396
2020,2008 = 100,b) Primärenergieverbrauch,,Baden-Württemberg,code08,,77.268
2021,2008 = 100,b) Primärenergieverbrauch,,Baden-Württemberg,code08,,79.245
2022,2008 = 100,b) Primärenergieverbrauch,r,Baden-Württemberg,code08,,78.054
2023,2008 = 100,b) Primärenergieverbrauch,p,Baden-Württemberg,code08,,68.498
2024,2008 = 100,b) Primärenergieverbrauch,…,Baden-Württemberg,code08,,
2025,2008 = 100,b) Primärenergieverbrauch,…,Baden-Württemberg,code08,,
2030,2008 = 100,b) Primärenergieverbrauch,…,Baden-Württemberg,code08,,
2008,2008 = 100,b) Primärenergieverbrauch,,Bayern,code09,,100.0
2009,2008 = 100,b) Primärenergieverbrauch,,Bayern,code09,,98.265
2010,2008 = 100,b) Primärenergieverbrauch,,Bayern,code09,,102.045
2011,2008 = 100,b) Primärenergieverbrauch,,Bayern,code09,,99.897
2012,2008 = 100,b) Primärenergieverbrauch,,Bayern,code09,,97.558
2013,2008 = 100,b) Primärenergieverbrauch,,Bayern,code09,,98.191
2014,2008 = 100,b) Primärenergieverbrauch,,Bayern,code09,,94.712
2015,2008 = 100,b) Primärenergieverbrauch,,Bayern,code09,,94.839
2016,2008 = 100,b) Primärenergieverbrauch,,Bayern,code09,,94.958
2017,2008 = 100,b) Primärenergieverbrauch,,Bayern,code09,,95.405
2018,2008 = 100,b) Primärenergieverbrauch,,Bayern,code09,,89.757
2019,2008 = 100,b) Primärenergieverbrauch,,Bayern,code09,,91.528
2020,2008 = 100,b) Primärenergieverbrauch,,Bayern,code09,,86.8
2021,2008 = 100,b) Primärenergieverbrauch,,Bayern,code09,,89.318
2022,2008 = 100,b) Primärenergieverbrauch,,Bayern,code09,,84.171
2023,2008 = 100,b) Primärenergieverbrauch,…,Bayern,code09,,
2024,2008 = 100,b) Primärenergieverbrauch,…,Bayern,code09,,
2025,2008 = 100,b) Primärenergieverbrauch,…,Bayern,code09,,
2030,2008 = 100,b) Primärenergieverbrauch,…,Bayern,code09,,
2008,2008 = 100,b) Primärenergieverbrauch,,Berlin,code11,,100.0
2009,2008 = 100,b) Primärenergieverbrauch,,Berlin,code11,,98.596
2010,2008 = 100,b) Primärenergieverbrauch,,Berlin,code11,,107.634
2011,2008 = 100,b) Primärenergieverbrauch,,Berlin,code11,,96.33
2012,2008 = 100,b) Primärenergieverbrauch,,Berlin,code11,,97.576
2013,2008 = 100,b) Primärenergieverbrauch,,Berlin,code11,,100.579
2014,2008 = 100,b) Primärenergieverbrauch,,Berlin,code11,,94.605
2015,2008 = 100,b) Primärenergieverbrauch,,Berlin,code11,,92.226
2016,2008 = 100,b) Primärenergieverbrauch,,Berlin,code11,,94.706
2017,2008 = 100,b) Primärenergieverbrauch,,Berlin,code11,,94.161
2018,2008 = 100,b) Primärenergieverbrauch,,Berlin,code11,,93.188
2019,2008 = 100,b) Primärenergieverbrauch,,Berlin,code11,,90.408
2020,2008 = 100,b) Primärenergieverbrauch,,Berlin,code11,,81.05
2021,2008 = 100,b) Primärenergieverbrauch,,Berlin,code11,,82.748
2022,2008 = 100,b) Primärenergieverbrauch,,Berlin,code11,,78.636
2023,2008 = 100,b) Primärenergieverbrauch,p,Berlin,code11,,77.338
2024,2008 = 100,b) Primärenergieverbrauch,…,Berlin,code11,,
2025,2008 = 100,b) Primärenergieverbrauch,…,Berlin,code11,,
2030,2008 = 100,b) Primärenergieverbrauch,…,Berlin,code11,,
2008,2008 = 100,b) Primärenergieverbrauch,,Brandenburg,code12,,100.0
2009,2008 = 100,b) Primärenergieverbrauch,,Brandenburg,code12,,97.025
2010,2008 = 100,b) Primärenergieverbrauch,,Brandenburg,code12,,102.117
2011,2008 = 100,b) Primärenergieverbrauch,,Brandenburg,code12,,104.453
2012,2008 = 100,b) Primärenergieverbrauch,,Brandenburg,code12,,104.537
2013,2008 = 100,b) Primärenergieverbrauch,,Brandenburg,code12,,102.191
2014,2008 = 100,b) Primärenergieverbrauch,,Brandenburg,code12,,101.388
2015,2008 = 100,b) Primärenergieverbrauch,,Brandenburg,code12,,101.428
2016,2008 = 100,b) Primärenergieverbrauch,,Brandenburg,code12,,101.962
2017,2008 = 100,b) Primärenergieverbrauch,,Brandenburg,code12,,103.674
2018,2008 = 100,b) Primärenergieverbrauch,,Brandenburg,code12,,106.748
2019,2008 = 100,b) Primärenergieverbrauch,,Brandenburg,code12,,97.997
2020,2008 = 100,b) Primärenergieverbrauch,,Brandenburg,code12,,84.369
2021,2008 = 100,b) Primärenergieverbrauch,,Brandenburg,code12,,94.968
2022,2008 = 100,b) Primärenergieverbrauch,,Brandenburg,code12,,90.337
2023,2008 = 100,b) Primärenergieverbrauch,p,Brandenburg,code12,,87.39
2024,2008 = 100,b) Primärenergieverbrauch,…,Brandenburg,code12,,
2025,2008 = 100,b) Primärenergieverbrauch,…,Brandenburg,code12,,
2030,2008 = 100,b) Primärenergieverbrauch,…,Brandenburg,code12,,
2008,2008 = 100,b) Primärenergieverbrauch,,Bremen,code04,,100.0
2009,2008 = 100,b) Primärenergieverbrauch,,Bremen,code04,,96.197
2010,2008 = 100,b) Primärenergieverbrauch,,Bremen,code04,,105.896
2011,2008 = 100,b) Primärenergieverbrauch,,Bremen,code04,,100.289
2012,2008 = 100,b) Primärenergieverbrauch,,Bremen,code04,,100.339
2013,2008 = 100,b) Primärenergieverbrauch,,Bremen,code04,,99.365
2014,2008 = 100,b) Primärenergieverbrauch,,Bremen,code04,,100.788
2015,2008 = 100,b) Primärenergieverbrauch,,Bremen,code04,,100.071
2016,2008 = 100,b) Primärenergieverbrauch,,Bremen,code04,,98.879
2017,2008 = 100,b) Primärenergieverbrauch,,Bremen,code04,,100.548
2018,2008 = 100,b) Primärenergieverbrauch,,Bremen,code04,,95.591
2019,2008 = 100,b) Primärenergieverbrauch,,Bremen,code04,,89.682
2020,2008 = 100,b) Primärenergieverbrauch,,Bremen,code04,,77.493
2021,2008 = 100,b) Primärenergieverbrauch,…,Bremen,code04,,
2022,2008 = 100,b) Primärenergieverbrauch,…,Bremen,code04,,
2023,2008 = 100,b) Primärenergieverbrauch,…,Bremen,code04,,
2024,2008 = 100,b) Primärenergieverbrauch,…,Bremen,code04,,
2025,2008 = 100,b) Primärenergieverbrauch,…,Bremen,code04,,
2030,2008 = 100,b) Primärenergieverbrauch,…,Bremen,code04,,
2008,2008 = 100,b) Primärenergieverbrauch,,Hamburg,code02,,100.0
2009,2008 = 100,b) Primärenergieverbrauch,,Hamburg,code02,,98.742
2010,2008 = 100,b) Primärenergieverbrauch,,Hamburg,code02,,106.297
2011,2008 = 100,b) Primärenergieverbrauch,,Hamburg,code02,,99.55
2012,2008 = 100,b) Primärenergieverbrauch,,Hamburg,code02,,99.958
2013,2008 = 100,b) Primärenergieverbrauch,,Hamburg,code02,,99.159
2014,2008 = 100,b) Primärenergieverbrauch,,Hamburg,code02,,99.788
2015,2008 = 100,b) Primärenergieverbrauch,,Hamburg,code02,,107.127
2016,2008 = 100,b) Primärenergieverbrauch,,Hamburg,code02,,110.385
2017,2008 = 100,b) Primärenergieverbrauch,,Hamburg,code02,,111.873
2018,2008 = 100,b) Primärenergieverbrauch,,Hamburg,code02,,114.512
2019,2008 = 100,b) Primärenergieverbrauch,,Hamburg,code02,,110.137
2020,2008 = 100,b) Primärenergieverbrauch,,Hamburg,code02,,96.799
2021,2008 = 100,b) Primärenergieverbrauch,,Hamburg,code02,,95.0
2022,2008 = 100,b) Primärenergieverbrauch,,Hamburg,code02,,88.174
2023,2008 = 100,b) Primärenergieverbrauch,,Hamburg,code02,,80.647
2024,2008 = 100,b) Primärenergieverbrauch,…,Hamburg,code02,,
2025,2008 = 100,b) Primärenergieverbrauch,…,Hamburg,code02,,
2030,2008 = 100,b) Primärenergieverbrauch,…,Hamburg,code02,,
2008,2008 = 100,b) Primärenergieverbrauch,,Hessen,code06,,100.0
2009,2008 = 100,b) Primärenergieverbrauch,,Hessen,code06,,83.484
2010,2008 = 100,b) Primärenergieverbrauch,,Hessen,code06,,94.985
2011,2008 = 100,b) Primärenergieverbrauch,,Hessen,code06,,83.347
2012,2008 = 100,b) Primärenergieverbrauch,,Hessen,code06,,80.847
2013,2008 = 100,b) Primärenergieverbrauch,,Hessen,code06,,81.39
2014,2008 = 100,b) Primärenergieverbrauch,,Hessen,code06,,80.295
2015,2008 = 100,b) Primärenergieverbrauch,,Hessen,code06,,81.723
2016,2008 = 100,b) Primärenergieverbrauch,,Hessen,code06,,83.305
2017,2008 = 100,b) Primärenergieverbrauch,,Hessen,code06,,82.907
2018,2008 = 100,b) Primärenergieverbrauch,,Hessen,code06,,81.352
2019,2008 = 100,b) Primärenergieverbrauch,,Hessen,code06,,82.379
2020,2008 = 100,b) Primärenergieverbrauch,,Hessen,code06,,69.385
2021,2008 = 100,b) Primärenergieverbrauch,,Hessen,code06,,72.465
2022,2008 = 100,b) Primärenergieverbrauch,r,Hessen,code06,,75.143
2023,2008 = 100,b) Primärenergieverbrauch,p,Hessen,code06,,73.178
2024,2008 = 100,b) Primärenergieverbrauch,…,Hessen,code06,,
2025,2008 = 100,b) Primärenergieverbrauch,…,Hessen,code06,,
2030,2008 = 100,b) Primärenergieverbrauch,…,Hessen,code06,,
2008,2008 = 100,b) Primärenergieverbrauch,,Mecklenburg-Vorpommern,code13,,100.0
2009,2008 = 100,b) Primärenergieverbrauch,,Mecklenburg-Vorpommern,code13,,95.143
2010,2008 = 100,b) Primärenergieverbrauch,,Mecklenburg-Vorpommern,code13,,101.928
2011,2008 = 100,b) Primärenergieverbrauch,,Mecklenburg-Vorpommern,code13,,98.294
2012,2008 = 100,b) Primärenergieverbrauch,,Mecklenburg-Vorpommern,code13,,103.934
2013,2008 = 100,b) Primärenergieverbrauch,,Mecklenburg-Vorpommern,code13,,104.584
2014,2008 = 100,b) Primärenergieverbrauch,,Mecklenburg-Vorpommern,code13,,104.247
2015,2008 = 100,b) Primärenergieverbrauch,,Mecklenburg-Vorpommern,code13,,102.135
2016,2008 = 100,b) Primärenergieverbrauch,,Mecklenburg-Vorpommern,code13,,106.068
2017,2008 = 100,b) Primärenergieverbrauch,,Mecklenburg-Vorpommern,code13,,93.209
2018,2008 = 100,b) Primärenergieverbrauch,,Mecklenburg-Vorpommern,code13,,91.066
2019,2008 = 100,b) Primärenergieverbrauch,,Mecklenburg-Vorpommern,code13,,90.088
2020,2008 = 100,b) Primärenergieverbrauch,,Mecklenburg-Vorpommern,code13,,86.536
2021,2008 = 100,b) Primärenergieverbrauch,…,Mecklenburg-Vorpommern,code13,,
2022,2008 = 100,b) Primärenergieverbrauch,…,Mecklenburg-Vorpommern,code13,,
2023,2008 = 100,b) Primärenergieverbrauch,…,Mecklenburg-Vorpommern,code13,,
2024,2008 = 100,b) Primärenergieverbrauch,…,Mecklenburg-Vorpommern,code13,,
2025,2008 = 100,b) Primärenergieverbrauch,…,Mecklenburg-Vorpommern,code13,,
2030,2008 = 100,b) Primärenergieverbrauch,…,Mecklenburg-Vorpommern,code13,,
2008,2008 = 100,b) Primärenergieverbrauch,,Niedersachsen,code03,,100.0
2009,2008 = 100,b) Primärenergieverbrauch,,Niedersachsen,code03,,97.643
2010,2008 = 100,b) Primärenergieverbrauch,,Niedersachsen,code03,,100.68
2011,2008 = 100,b) Primärenergieverbrauch,,Niedersachsen,code03,,91.887
2012,2008 = 100,b) Primärenergieverbrauch,,Niedersachsen,code03,,90.817
2013,2008 = 100,b) Primärenergieverbrauch,,Niedersachsen,code03,,91.163
2014,2008 = 100,b) Primärenergieverbrauch,,Niedersachsen,code03,,90.386
2015,2008 = 100,b) Primärenergieverbrauch,,Niedersachsen,code03,,89.769
2016,2008 = 100,b) Primärenergieverbrauch,,Niedersachsen,code03,,89.541
2017,2008 = 100,b) Primärenergieverbrauch,,Niedersachsen,code03,,90.113
2018,2008 = 100,b) Primärenergieverbrauch,,Niedersachsen,code03,,91.145
2019,2008 = 100,b) Primärenergieverbrauch,,Niedersachsen,code03,,88.895
2020,2008 = 100,b) Primärenergieverbrauch,,Niedersachsen,code03,,85.99
2021,2008 = 100,b) Primärenergieverbrauch,,Niedersachsen,code03,,88.226
2022,2008 = 100,b) Primärenergieverbrauch,r,Niedersachsen,code03,,80.033
2023,2008 = 100,b) Primärenergieverbrauch,p,Niedersachsen,code03,,69.85
2024,2008 = 100,b) Primärenergieverbrauch,…,Niedersachsen,code03,,
2025,2008 = 100,b) Primärenergieverbrauch,…,Niedersachsen,code03,,
2030,2008 = 100,b) Primärenergieverbrauch,…,Niedersachsen,code03,,
2008,2008 = 100,b) Primärenergieverbrauch,,Nordrhein-Westfalen,code05,,100.0
2009,2008 = 100,b) Primärenergieverbrauch,,Nordrhein-Westfalen,code05,,100.704
2010,2008 = 100,b) Primärenergieverbrauch,,Nordrhein-Westfalen,code05,,105.724
2011,2008 = 100,b) Primärenergieverbrauch,,Nordrhein-Westfalen,code05,,101.909
2012,2008 = 100,b) Primärenergieverbrauch,,Nordrhein-Westfalen,code05,,100.616
2013,2008 = 100,b) Primärenergieverbrauch,,Nordrhein-Westfalen,code05,,100.5
2014,2008 = 100,b) Primärenergieverbrauch,,Nordrhein-Westfalen,code05,,102.51
2015,2008 = 100,b) Primärenergieverbrauch,,Nordrhein-Westfalen,code05,,101.619
2016,2008 = 100,b) Primärenergieverbrauch,,Nordrhein-Westfalen,code05,,96.716
2017,2008 = 100,b) Primärenergieverbrauch,,Nordrhein-Westfalen,code05,,94.961
2018,2008 = 100,b) Primärenergieverbrauch,,Nordrhein-Westfalen,code05,,89.343
2019,2008 = 100,b) Primärenergieverbrauch,,Nordrhein-Westfalen,code05,,86.35
2020,2008 = 100,b) Primärenergieverbrauch,,Nordrhein-Westfalen,code05,,80.755
2021,2008 = 100,b) Primärenergieverbrauch,r,Nordrhein-Westfalen,code05,,84.715
2022,2008 = 100,b) Primärenergieverbrauch,,Nordrhein-Westfalen,code05,,78.146
2023,2008 = 100,b) Primärenergieverbrauch,…,Nordrhein-Westfalen,code05,,
2024,2008 = 100,b) Primärenergieverbrauch,…,Nordrhein-Westfalen,code05,,
2025,2008 = 100,b) Primärenergieverbrauch,…,Nordrhein-Westfalen,code05,,
2030,2008 = 100,b) Primärenergieverbrauch,…,Nordrhein-Westfalen,code05,,
2008,2008 = 100,b) Primärenergieverbrauch,,Rheinland-Pfalz,code07,,100.0
2009,2008 = 100,b) Primärenergieverbrauch,,Rheinland-Pfalz,code07,,92.715
2010,2008 = 100,b) Primärenergieverbrauch,,Rheinland-Pfalz,code07,,100.199
2011,2008 = 100,b) Primärenergieverbrauch,,Rheinland-Pfalz,code07,,94.412
2012,2008 = 100,b) Primärenergieverbrauch,,Rheinland-Pfalz,code07,,94.429
2013,2008 = 100,b) Primärenergieverbrauch,,Rheinland-Pfalz,code07,,97.928
2014,2008 = 100,b) Primärenergieverbrauch,,Rheinland-Pfalz,code07,,92.624
2015,2008 = 100,b) Primärenergieverbrauch,,Rheinland-Pfalz,code07,,95.101
2016,2008 = 100,b) Primärenergieverbrauch,,Rheinland-Pfalz,code07,,96.272
2017,2008 = 100,b) Primärenergieverbrauch,,Rheinland-Pfalz,code07,,98.346
2018,2008 = 100,b) Primärenergieverbrauch,,Rheinland-Pfalz,code07,,95.231
2019,2008 = 100,b) Primärenergieverbrauch,,Rheinland-Pfalz,code07,,95.57
2020,2008 = 100,b) Primärenergieverbrauch,,Rheinland-Pfalz,code07,,94.023
2021,2008 = 100,b) Primärenergieverbrauch,,Rheinland-Pfalz,code07,,96.08
2022,2008 = 100,b) Primärenergieverbrauch,,Rheinland-Pfalz,code07,,88.456
2023,2008 = 100,b) Primärenergieverbrauch,…,Rheinland-Pfalz,code07,,
2024,2008 = 100,b) Primärenergieverbrauch,…,Rheinland-Pfalz,code07,,
2025,2008 = 100,b) Primärenergieverbrauch,…,Rheinland-Pfalz,code07,,
2030,2008 = 100,b) Primärenergieverbrauch,…,Rheinland-Pfalz,code07,,
2008,2008 = 100,b) Primärenergieverbrauch,,Saarland,code10,,100.0
2009,2008 = 100,b) Primärenergieverbrauch,,Saarland,code10,,82.887
2010,2008 = 100,b) Primärenergieverbrauch,,Saarland,code10,,87.405
2011,2008 = 100,b) Primärenergieverbrauch,,Saarland,code10,,91.686
2012,2008 = 100,b) Primärenergieverbrauch,,Saarland,code10,,94.808
2013,2008 = 100,b) Primärenergieverbrauch,,Saarland,code10,,99.296
2014,2008 = 100,b) Primärenergieverbrauch,,Saarland,code10,,90.754
2015,2008 = 100,b) Primärenergieverbrauch,,Saarland,code10,,87.673
2016,2008 = 100,b) Primärenergieverbrauch,,Saarland,code10,,75.333
2017,2008 = 100,b) Primärenergieverbrauch,.,Saarland,code10,,
2018,2008 = 100,b) Primärenergieverbrauch,.,Saarland,code10,,
2019,2008 = 100,b) Primärenergieverbrauch,,Saarland,code10,,66.313
2020,2008 = 100,b) Primärenergieverbrauch,,Saarland,code10,,61.963
2021,2008 = 100,b) Primärenergieverbrauch,,Saarland,code10,,70.112
2022,2008 = 100,b) Primärenergieverbrauch,,Saarland,code10,,66.506
2023,2008 = 100,b) Primärenergieverbrauch,…,Saarland,code10,,
2024,2008 = 100,b) Primärenergieverbrauch,…,Saarland,code10,,
2025,2008 = 100,b) Primärenergieverbrauch,…,Saarland,code10,,
2030,2008 = 100,b) Primärenergieverbrauch,…,Saarland,code10,,
2008,2008 = 100,b) Primärenergieverbrauch,,Sachsen,code14,,100.0
2009,2008 = 100,b) Primärenergieverbrauch,,Sachsen,code14,,99.49
2010,2008 = 100,b) Primärenergieverbrauch,,Sachsen,code14,,100.91
2011,2008 = 100,b) Primärenergieverbrauch,,Sachsen,code14,,96.639
2012,2008 = 100,b) Primärenergieverbrauch,,Sachsen,code14,,98.588
2013,2008 = 100,b) Primärenergieverbrauch,,Sachsen,code14,,101.703
2014,2008 = 100,b) Primärenergieverbrauch,,Sachsen,code14,,99.777
2015,2008 = 100,b) Primärenergieverbrauch,,Sachsen,code14,,98.133
2016,2008 = 100,b) Primärenergieverbrauch,,Sachsen,code14,,100.672
2017,2008 = 100,b) Primärenergieverbrauch,,Sachsen,code14,,104.139
2018,2008 = 100,b) Primärenergieverbrauch,,Sachsen,code14,,102.596
2019,2008 = 100,b) Primärenergieverbrauch,,Sachsen,code14,,95.335
2020,2008 = 100,b) Primärenergieverbrauch,,Sachsen,code14,,95.226
2021,2008 = 100,b) Primärenergieverbrauch,,Sachsen,code14,,102.738
2022,2008 = 100,b) Primärenergieverbrauch,,Sachsen,code14,,102.78
2023,2008 = 100,b) Primärenergieverbrauch,p,Sachsen,code14,,89.195
2024,2008 = 100,b) Primärenergieverbrauch,…,Sachsen,code14,,
2025,2008 = 100,b) Primärenergieverbrauch,…,Sachsen,code14,,
2030,2008 = 100,b) Primärenergieverbrauch,…,Sachsen,code14,,
2008,2008 = 100,b) Primärenergieverbrauch,,Sachsen-Anhalt,code15,,100.0
2009,2008 = 100,b) Primärenergieverbrauch,,Sachsen-Anhalt,code15,,98.851
2010,2008 = 100,b) Primärenergieverbrauch,,Sachsen-Anhalt,code15,,103.631
2011,2008 = 100,b) Primärenergieverbrauch,,Sachsen-Anhalt,code15,,102.352
2012,2008 = 100,b) Primärenergieverbrauch,,Sachsen-Anhalt,code15,,102.569
2013,2008 = 100,b) Primärenergieverbrauch,,Sachsen-Anhalt,code15,,102.048
2014,2008 = 100,b) Primärenergieverbrauch,,Sachsen-Anhalt,code15,,96.845
2015,2008 = 100,b) Primärenergieverbrauch,,Sachsen-Anhalt,code15,,99.618
2016,2008 = 100,b) Primärenergieverbrauch,,Sachsen-Anhalt,code15,,102.622
2017,2008 = 100,b) Primärenergieverbrauch,,Sachsen-Anhalt,code15,,99.202
2018,2008 = 100,b) Primärenergieverbrauch,,Sachsen-Anhalt,code15,,107.659
2019,2008 = 100,b) Primärenergieverbrauch,,Sachsen-Anhalt,code15,,102.093
2020,2008 = 100,b) Primärenergieverbrauch,,Sachsen-Anhalt,code15,,98.19
2021,2008 = 100,b) Primärenergieverbrauch,,Sachsen-Anhalt,code15,,97.834
2022,2008 = 100,b) Primärenergieverbrauch,,Sachsen-Anhalt,code15,,95.392
2023,2008 = 100,b) Primärenergieverbrauch,…,Sachsen-Anhalt,code15,,
2024,2008 = 100,b) Primärenergieverbrauch,…,Sachsen-Anhalt,code15,,
2025,2008 = 100,b) Primärenergieverbrauch,…,Sachsen-Anhalt,code15,,
2030,2008 = 100,b) Primärenergieverbrauch,…,Sachsen-Anhalt,code15,,
2008,2008 = 100,b) Primärenergieverbrauch,,Schleswig-Holstein,code01,,100.0
2009,2008 = 100,b) Primärenergieverbrauch,,Schleswig-Holstein,code01,,97.202
2010,2008 = 100,b) Primärenergieverbrauch,,Schleswig-Holstein,code01,,102.207
2011,2008 = 100,b) Primärenergieverbrauch,,Schleswig-Holstein,code01,,96.777
2012,2008 = 100,b) Primärenergieverbrauch,,Schleswig-Holstein,code01,,100.747
2013,2008 = 100,b) Primärenergieverbrauch,,Schleswig-Holstein,code01,,104.502
2014,2008 = 100,b) Primärenergieverbrauch,,Schleswig-Holstein,code01,,99.912
2015,2008 = 100,b) Primärenergieverbrauch,,Schleswig-Holstein,code01,,97.266
2016,2008 = 100,b) Primärenergieverbrauch,,Schleswig-Holstein,code01,,99.076
2017,2008 = 100,b) Primärenergieverbrauch,,Schleswig-Holstein,code01,,89.056
2018,2008 = 100,b) Primärenergieverbrauch,r,Schleswig-Holstein,code01,,97.759
2019,2008 = 100,b) Primärenergieverbrauch,r,Schleswig-Holstein,code01,,93.429
2020,2008 = 100,b) Primärenergieverbrauch,r,Schleswig-Holstein,code01,,95.03
2021,2008 = 100,b) Primärenergieverbrauch,r,Schleswig-Holstein,code01,,97.561
2022,2008 = 100,b) Primärenergieverbrauch,r,Schleswig-Holstein,code01,,73.502
2023,2008 = 100,b) Primärenergieverbrauch,,Schleswig-Holstein,code01,,70.526
2024,2008 = 100,b) Primärenergieverbrauch,…,Schleswig-Holstein,code01,,
2025,2008 = 100,b) Primärenergieverbrauch,…,Schleswig-Holstein,code01,,
2030,2008 = 100,b) Primärenergieverbrauch,…,Schleswig-Holstein,code01,,
2008,2008 = 100,b) Primärenergieverbrauch,,Thüringen,code16,,100.0
2009,2008 = 100,b) Primärenergieverbrauch,,Thüringen,code16,,96.12
2010,2008 = 100,b) Primärenergieverbrauch,,Thüringen,code16,,100.038
2011,2008 = 100,b) Primärenergieverbrauch,,Thüringen,code16,,95.191
2012,2008 = 100,b) Primärenergieverbrauch,,Thüringen,code16,,96.752
2013,2008 = 100,b) Primärenergieverbrauch,,Thüringen,code16,,98.68
2014,2008 = 100,b) Primärenergieverbrauch,,Thüringen,code16,,92.918
2015,2008 = 100,b) Primärenergieverbrauch,,Thüringen,code16,,93.123
2016,2008 = 100,b) Primärenergieverbrauch,,Thüringen,code16,,95.696
2017,2008 = 100,b) Primärenergieverbrauch,,Thüringen,code16,,96.491
2018,2008 = 100,b) Primärenergieverbrauch,,Thüringen,code16,,95.144
2019,2008 = 100,b) Primärenergieverbrauch,,Thüringen,code16,,93.269
2020,2008 = 100,b) Primärenergieverbrauch,,Thüringen,code16,,91.506
2021,2008 = 100,b) Primärenergieverbrauch,r,Thüringen,code16,,94.056
2022,2008 = 100,b) Primärenergieverbrauch,,Thüringen,code16,,92.336
2023,2008 = 100,b) Primärenergieverbrauch,…,Thüringen,code16,,
2024,2008 = 100,b) Primärenergieverbrauch,…,Thüringen,code16,,
2025,2008 = 100,b) Primärenergieverbrauch,…,Thüringen,code16,,
2030,2008 = 100,b) Primärenergieverbrauch,…,Thüringen,code16,,
