Year,Units,COMMENT_OBS_0,Bundesland,GeoCode,Value
2005,Prozent,,,,7.2
2006,Prozent,,,,8.5
2007,Prozent,,,,10.0
2008,Prozent,,,,10.1
2009,Prozent,,,,10.9
2010,Prozent,,,,11.7
2011,Prozent,,,,12.5
2012,Prozent,,,,13.5
2013,Prozent,,,,13.8
2014,Prozent,,,,14.4
2015,Prozent,,,,14.9
2016,Prozent,,,,14.9
2017,Prozent,,,,15.5
2018,Prozent,,,,16.7
2019,Prozent,,,,17.3
2020,Prozent,,,,19.1
2021,Prozent,,,,19.3
2022,Prozent,,,,20.9
2023,Prozent,p,,,21.6
2024,Prozent,p,,,22.4
2030,Prozent,…,,,
2040,Prozent,…,,,
2050,Prozent,…,,,
2005,Prozent,,Baden-Württemberg,code08,8.241
2006,Prozent,,Baden-Württemberg,code08,10.011
2007,Prozent,,Baden-Württemberg,code08,11.893
2008,Prozent,,Baden-Württemberg,code08,11.474
2009,Prozent,,Baden-Württemberg,code08,11.988
2010,Prozent,,Baden-Württemberg,code08,13.486
2011,Prozent,,Baden-Württemberg,code08,13.485
2012,Prozent,,Baden-Württemberg,code08,14.964
2013,Prozent,,Baden-Württemberg,code08,14.871
2014,Prozent,,Baden-Württemberg,code08,15.266
2015,Prozent,,Baden-Württemberg,code08,15.044
2016,Prozent,,Baden-Württemberg,code08,15.244
2017,Prozent,,Baden-Württemberg,code08,15.617
2018,Prozent,,Baden-Württemberg,code08,16.262
2019,Prozent,,Baden-Württemberg,code08,16.38
2020,Prozent,…,Baden-Württemberg,code08,
2021,Prozent,…,Baden-Württemberg,code08,
2022,Prozent,…,Baden-Württemberg,code08,
2023,Prozent,…,Baden-Württemberg,code08,
2024,Prozent,…,Baden-Württemberg,code08,
2030,Prozent,…,Baden-Württemberg,code08,
2040,Prozent,…,Baden-Württemberg,code08,
2050,Prozent,…,Baden-Württemberg,code08,
2005,Prozent,,Bayern,code09,8.586
2006,Prozent,,Bayern,code09,9.501
2007,Prozent,,Bayern,code09,10.465
2008,Prozent,,Bayern,code09,10.121
2009,Prozent,,Bayern,code09,10.803
2010,Prozent,,Bayern,code09,14.617
2011,Prozent,,Bayern,code09,15.509
2012,Prozent,,Bayern,code09,17.796
2013,Prozent,,Bayern,code09,18.342
2014,Prozent,,Bayern,code09,18.407
2015,Prozent,,Bayern,code09,19.1
2016,Prozent,,Bayern,code09,19.828
2017,Prozent,,Bayern,code09,20.312
2018,Prozent,,Bayern,code09,21.17
2019,Prozent,,Bayern,code09,21.748
2020,Prozent,,Bayern,code09,24.227
2021,Prozent,,Bayern,code09,24.498
2022,Prozent,,Bayern,code09,25.04
2023,Prozent,…,Bayern,code09,
2024,Prozent,…,Bayern,code09,
2030,Prozent,…,Bayern,code09,
2040,Prozent,…,Bayern,code09,
2050,Prozent,…,Bayern,code09,
2005,Prozent,,Berlin,code11,1.248
2006,Prozent,,Berlin,code11,1.934
2007,Prozent,,Berlin,code11,2.346
2008,Prozent,,Berlin,code11,1.636
2009,Prozent,,Berlin,code11,2.173
2010,Prozent,,Berlin,code11,2.842
2011,Prozent,,Berlin,code11,3.284
2012,Prozent,,Berlin,code11,3.359
2013,Prozent,,Berlin,code11,3.559
2014,Prozent,,Berlin,code11,3.361
2015,Prozent,,Berlin,code11,3.583
2016,Prozent,,Berlin,code11,3.482
2017,Prozent,,Berlin,code11,3.735
2018,Prozent,,Berlin,code11,4.202
2019,Prozent,,Berlin,code11,4.555
2020,Prozent,,Berlin,code11,5.191
2021,Prozent,…,Berlin,code11,
2022,Prozent,…,Berlin,code11,
2023,Prozent,…,Berlin,code11,
2024,Prozent,…,Berlin,code11,
2030,Prozent,…,Berlin,code11,
2040,Prozent,…,Berlin,code11,
2050,Prozent,…,Berlin,code11,
2005,Prozent,,Brandenburg,code12,9.768
2006,Prozent,,Brandenburg,code12,13.837
2007,Prozent,,Brandenburg,code12,16.672
2008,Prozent,,Brandenburg,code12,15.262
2009,Prozent,,Brandenburg,code12,16.482
2010,Prozent,,Brandenburg,code12,17.366
2011,Prozent,,Brandenburg,code12,21.765
2012,Prozent,,Brandenburg,code12,22.172
2013,Prozent,,Brandenburg,code12,22.868
2014,Prozent,,Brandenburg,code12,23.657
2015,Prozent,,Brandenburg,code12,25.901
2016,Prozent,,Brandenburg,code12,24.377
2017,Prozent,,Brandenburg,code12,27.202
2018,Prozent,,Brandenburg,code12,28.218
2019,Prozent,,Brandenburg,code12,30.67
2020,Prozent,…,Brandenburg,code12,
2021,Prozent,…,Brandenburg,code12,
2022,Prozent,…,Brandenburg,code12,
2023,Prozent,…,Brandenburg,code12,
2024,Prozent,…,Brandenburg,code12,
2030,Prozent,…,Brandenburg,code12,
2040,Prozent,…,Brandenburg,code12,
2050,Prozent,…,Brandenburg,code12,
2005,Prozent,,Bremen,code04,2.08
2006,Prozent,,Bremen,code04,2.586
2007,Prozent,,Bremen,code04,2.724
2008,Prozent,,Bremen,code04,2.724
2009,Prozent,,Bremen,code04,2.926
2010,Prozent,,Bremen,code04,3.235
2011,Prozent,,Bremen,code04,3.544
2012,Prozent,,Bremen,code04,3.718
2013,Prozent,,Bremen,code04,4.321
2014,Prozent,,Bremen,code04,5.058
2015,Prozent,,Bremen,code04,4.603
2016,Prozent,,Bremen,code04,4.213
2017,Prozent,,Bremen,code04,4.482
2018,Prozent,,Bremen,code04,5.23
2019,Prozent,,Bremen,code04,5.365
2020,Prozent,…,Bremen,code04,
2021,Prozent,…,Bremen,code04,
2022,Prozent,…,Bremen,code04,
2023,Prozent,…,Bremen,code04,
2024,Prozent,…,Bremen,code04,
2030,Prozent,…,Bremen,code04,
2040,Prozent,…,Bremen,code04,
2050,Prozent,…,Bremen,code04,
2005,Prozent,,Hamburg,code02,2.748
2006,Prozent,,Hamburg,code02,3.898
2007,Prozent,,Hamburg,code02,4.569
2008,Prozent,,Hamburg,code02,4.068
2009,Prozent,,Hamburg,code02,4.628
2010,Prozent,,Hamburg,code02,4.184
2011,Prozent,,Hamburg,code02,4.515
2012,Prozent,,Hamburg,code02,4.614
2013,Prozent,,Hamburg,code02,4.481
2014,Prozent,,Hamburg,code02,4.871
2015,Prozent,,Hamburg,code02,4.919
2016,Prozent,,Hamburg,code02,4.695
2017,Prozent,,Hamburg,code02,4.936
2018,Prozent,r,Hamburg,code02,5.557
2019,Prozent,,Hamburg,code02,5.596
2020,Prozent,r,Hamburg,code02,6.378
2021,Prozent,r,Hamburg,code02,6.299
2022,Prozent,r,Hamburg,code02,6.449
2023,Prozent,,Hamburg,code02,6.585
2024,Prozent,…,Hamburg,code02,
2030,Prozent,…,Hamburg,code02,
2040,Prozent,…,Hamburg,code02,
2050,Prozent,…,Hamburg,code02,
2005,Prozent,,Hessen,code06,4.264
2006,Prozent,,Hessen,code06,5.286
2007,Prozent,,Hessen,code06,6.082
2008,Prozent,,Hessen,code06,5.838
2009,Prozent,,Hessen,code06,6.331
2010,Prozent,,Hessen,code06,7.506
2011,Prozent,,Hessen,code06,8.099
2012,Prozent,,Hessen,code06,8.259
2013,Prozent,,Hessen,code06,8.68
2014,Prozent,,Hessen,code06,8.742
2015,Prozent,,Hessen,code06,9.491
2016,Prozent,,Hessen,code06,9.609
2017,Prozent,,Hessen,code06,10.2
2018,Prozent,,Hessen,code06,11.532
2019,Prozent,p,Hessen,code06,11.527
2020,Prozent,…,Hessen,code06,
2021,Prozent,…,Hessen,code06,
2022,Prozent,…,Hessen,code06,
2023,Prozent,…,Hessen,code06,
2024,Prozent,…,Hessen,code06,
2030,Prozent,…,Hessen,code06,
2040,Prozent,…,Hessen,code06,
2050,Prozent,…,Hessen,code06,
2005,Prozent,.,Mecklenburg-Vorpommern,code13,
2006,Prozent,.,Mecklenburg-Vorpommern,code13,
2007,Prozent,.,Mecklenburg-Vorpommern,code13,
2008,Prozent,.,Mecklenburg-Vorpommern,code13,
2009,Prozent,.,Mecklenburg-Vorpommern,code13,
2010,Prozent,.,Mecklenburg-Vorpommern,code13,
2011,Prozent,.,Mecklenburg-Vorpommern,code13,
2012,Prozent,.,Mecklenburg-Vorpommern,code13,
2013,Prozent,.,Mecklenburg-Vorpommern,code13,
2014,Prozent,.,Mecklenburg-Vorpommern,code13,
2015,Prozent,.,Mecklenburg-Vorpommern,code13,
2016,Prozent,.,Mecklenburg-Vorpommern,code13,
2017,Prozent,.,Mecklenburg-Vorpommern,code13,
2018,Prozent,.,Mecklenburg-Vorpommern,code13,
2019,Prozent,.,Mecklenburg-Vorpommern,code13,
2020,Prozent,.,Mecklenburg-Vorpommern,code13,
2021,Prozent,.,Mecklenburg-Vorpommern,code13,
2022,Prozent,.,Mecklenburg-Vorpommern,code13,
2023,Prozent,.,Mecklenburg-Vorpommern,code13,
2024,Prozent,.,Mecklenburg-Vorpommern,code13,
2030,Prozent,…,Mecklenburg-Vorpommern,code13,
2040,Prozent,…,Mecklenburg-Vorpommern,code13,
2050,Prozent,…,Mecklenburg-Vorpommern,code13,
2005,Prozent,.,Niedersachsen,code03,
2006,Prozent,,Niedersachsen,code03,8.704
2007,Prozent,.,Niedersachsen,code03,
2008,Prozent,,Niedersachsen,code03,10.888
2009,Prozent,,Niedersachsen,code03,11.365
2010,Prozent,,Niedersachsen,code03,12.26
2011,Prozent,,Niedersachsen,code03,13.766
2012,Prozent,,Niedersachsen,code03,15.581
2013,Prozent,,Niedersachsen,code03,15.598
2014,Prozent,,Niedersachsen,code03,16.179
2015,Prozent,,Niedersachsen,code03,18.543
2016,Prozent,,Niedersachsen,code03,18.575
2017,Prozent,,Niedersachsen,code03,20.922
2018,Prozent,,Niedersachsen,code03,22.324
2019,Prozent,,Niedersachsen,code03,24.27
2020,Prozent,,Niedersachsen,code03,26.952
2021,Prozent,,Niedersachsen,code03,24.496
2022,Prozent,r,Niedersachsen,code03,26.856
2023,Prozent,p,Niedersachsen,code03,28.884
2024,Prozent,…,Niedersachsen,code03,
2030,Prozent,…,Niedersachsen,code03,
2040,Prozent,…,Niedersachsen,code03,
2050,Prozent,…,Niedersachsen,code03,
2005,Prozent,,Nordrhein-Westfalen,code05,3.177
2006,Prozent,,Nordrhein-Westfalen,code05,4.068
2007,Prozent,,Nordrhein-Westfalen,code05,4.63
2008,Prozent,,Nordrhein-Westfalen,code05,3.948
2009,Prozent,,Nordrhein-Westfalen,code05,4.896
2010,Prozent,,Nordrhein-Westfalen,code05,4.992
2011,Prozent,,Nordrhein-Westfalen,code05,5.345
2012,Prozent,,Nordrhein-Westfalen,code05,5.819
2013,Prozent,,Nordrhein-Westfalen,code05,5.751
2014,Prozent,,Nordrhein-Westfalen,code05,5.763
2015,Prozent,,Nordrhein-Westfalen,code05,6.331
2016,Prozent,,Nordrhein-Westfalen,code05,6.422
2017,Prozent,,Nordrhein-Westfalen,code05,6.841
2018,Prozent,r,Nordrhein-Westfalen,code05,7.287
2019,Prozent,,Nordrhein-Westfalen,code05,7.931
2020,Prozent,,Nordrhein-Westfalen,code05,8.772
2021,Prozent,r,Nordrhein-Westfalen,code05,8.487
2022,Prozent,,Nordrhein-Westfalen,code05,9.691
2023,Prozent,…,Nordrhein-Westfalen,code05,
2024,Prozent,…,Nordrhein-Westfalen,code05,
2030,Prozent,…,Nordrhein-Westfalen,code05,
2040,Prozent,…,Nordrhein-Westfalen,code05,
2050,Prozent,…,Nordrhein-Westfalen,code05,
2005,Prozent,,Rheinland-Pfalz,code07,5.863
2006,Prozent,,Rheinland-Pfalz,code07,7.9
2007,Prozent,,Rheinland-Pfalz,code07,9.58
2008,Prozent,,Rheinland-Pfalz,code07,9.22
2009,Prozent,,Rheinland-Pfalz,code07,9.789
2010,Prozent,,Rheinland-Pfalz,code07,10.749
2011,Prozent,,Rheinland-Pfalz,code07,11.357
2012,Prozent,,Rheinland-Pfalz,code07,12.91
2013,Prozent,,Rheinland-Pfalz,code07,13.435
2014,Prozent,,Rheinland-Pfalz,code07,13.543
2015,Prozent,,Rheinland-Pfalz,code07,14.801
2016,Prozent,,Rheinland-Pfalz,code07,14.602
2017,Prozent,,Rheinland-Pfalz,code07,15.192
2018,Prozent,,Rheinland-Pfalz,code07,15.488
2019,Prozent,…,Rheinland-Pfalz,code07,
2020,Prozent,…,Rheinland-Pfalz,code07,
2021,Prozent,…,Rheinland-Pfalz,code07,
2022,Prozent,…,Rheinland-Pfalz,code07,
2023,Prozent,…,Rheinland-Pfalz,code07,
2024,Prozent,…,Rheinland-Pfalz,code07,
2030,Prozent,…,Rheinland-Pfalz,code07,
2040,Prozent,…,Rheinland-Pfalz,code07,
2050,Prozent,…,Rheinland-Pfalz,code07,
2005,Prozent,,Saarland,code10,1.83
2006,Prozent,,Saarland,code10,2.212
2007,Prozent,,Saarland,code10,2.704
2008,Prozent,,Saarland,code10,2.45
2009,Prozent,,Saarland,code10,2.977
2010,Prozent,,Saarland,code10,3.403
2011,Prozent,,Saarland,code10,3.338
2012,Prozent,,Saarland,code10,3.296
2013,Prozent,,Saarland,code10,3.651
2014,Prozent,,Saarland,code10,3.938
2015,Prozent,,Saarland,code10,4.439
2016,Prozent,…,Saarland,code10,
2017,Prozent,…,Saarland,code10,
2018,Prozent,…,Saarland,code10,
2019,Prozent,…,Saarland,code10,
2020,Prozent,…,Saarland,code10,
2021,Prozent,…,Saarland,code10,
2022,Prozent,…,Saarland,code10,
2023,Prozent,…,Saarland,code10,
2024,Prozent,…,Saarland,code10,
2030,Prozent,…,Saarland,code10,
2040,Prozent,…,Saarland,code10,
2050,Prozent,…,Saarland,code10,
2005,Prozent,,Sachsen,code14,4.923
2006,Prozent,,Sachsen,code14,6.111
2007,Prozent,,Sachsen,code14,7.587
2008,Prozent,,Sachsen,code14,7.312
2009,Prozent,,Sachsen,code14,7.847
2010,Prozent,,Sachsen,code14,8.45
2011,Prozent,,Sachsen,code14,9.628
2012,Prozent,,Sachsen,code14,10.239
2013,Prozent,,Sachsen,code14,10.657
2014,Prozent,,Sachsen,code14,11.305
2015,Prozent,,Sachsen,code14,12.102
2016,Prozent,,Sachsen,code14,11.53
2017,Prozent,,Sachsen,code14,11.887
2018,Prozent,,Sachsen,code14,12.137
2019,Prozent,,Sachsen,code14,12.638
2020,Prozent,…,Sachsen,code14,
2021,Prozent,…,Sachsen,code14,
2022,Prozent,…,Sachsen,code14,
2023,Prozent,…,Sachsen,code14,
2024,Prozent,…,Sachsen,code14,
2030,Prozent,…,Sachsen,code14,
2040,Prozent,…,Sachsen,code14,
2050,Prozent,…,Sachsen,code14,
2005,Prozent,,Sachsen-Anhalt,code15,8.595
2006,Prozent,,Sachsen-Anhalt,code15,10.852
2007,Prozent,,Sachsen-Anhalt,code15,14.71
2008,Prozent,,Sachsen-Anhalt,code15,15.35
2009,Prozent,,Sachsen-Anhalt,code15,16.371
2010,Prozent,,Sachsen-Anhalt,code15,16.237
2011,Prozent,,Sachsen-Anhalt,code15,18.804
2012,Prozent,,Sachsen-Anhalt,code15,19.43
2013,Prozent,,Sachsen-Anhalt,code15,20.384
2014,Prozent,,Sachsen-Anhalt,code15,21.568
2015,Prozent,,Sachsen-Anhalt,code15,24.163
2016,Prozent,,Sachsen-Anhalt,code15,22.093
2017,Prozent,,Sachsen-Anhalt,code15,24.943
2018,Prozent,,Sachsen-Anhalt,code15,23.752
2019,Prozent,,Sachsen-Anhalt,code15,25.995
2020,Prozent,,Sachsen-Anhalt,code15,18.961
2021,Prozent,,Sachsen-Anhalt,code15,25.434
2022,Prozent,,Sachsen-Anhalt,code15,26.927
2023,Prozent,…,Sachsen-Anhalt,code15,
2024,Prozent,…,Sachsen-Anhalt,code15,
2030,Prozent,…,Sachsen-Anhalt,code15,
2040,Prozent,…,Sachsen-Anhalt,code15,
2050,Prozent,…,Sachsen-Anhalt,code15,
2005,Prozent,,Schleswig-Holstein,code01,9.253
2006,Prozent,,Schleswig-Holstein,code01,10.516
2007,Prozent,,Schleswig-Holstein,code01,13.925
2008,Prozent,,Schleswig-Holstein,code01,14.399
2009,Prozent,,Schleswig-Holstein,code01,15.047
2010,Prozent,,Schleswig-Holstein,code01,17.187
2011,Prozent,,Schleswig-Holstein,code01,19.771
2012,Prozent,,Schleswig-Holstein,code01,20.891
2013,Prozent,,Schleswig-Holstein,code01,20.585
2014,Prozent,,Schleswig-Holstein,code01,23.477
2015,Prozent,r,Schleswig-Holstein,code01,30.578
2016,Prozent,,Schleswig-Holstein,code01,31.916
2017,Prozent,,Schleswig-Holstein,code01,36.152
2018,Prozent,r,Schleswig-Holstein,code01,37.229
2019,Prozent,r,Schleswig-Holstein,code01,40.474
2020,Prozent,r,Schleswig-Holstein,code01,41.788
2021,Prozent,r,Schleswig-Holstein,code01,39.35
2022,Prozent,,Schleswig-Holstein,code01,44.98
2023,Prozent,,Schleswig-Holstein,code01,47.926
2024,Prozent,…,Schleswig-Holstein,code01,
2030,Prozent,…,Schleswig-Holstein,code01,
2040,Prozent,…,Schleswig-Holstein,code01,
2050,Prozent,…,Schleswig-Holstein,code01,
2005,Prozent,,Thüringen,code16,12.43
2006,Prozent,,Thüringen,code16,13.675
2007,Prozent,,Thüringen,code16,16.69
2008,Prozent,,Thüringen,code16,15.39
2009,Prozent,,Thüringen,code16,15.007
2010,Prozent,,Thüringen,code16,16.466
2011,Prozent,,Thüringen,code16,17.062
2012,Prozent,,Thüringen,code16,16.932
2013,Prozent,,Thüringen,code16,18.048
2014,Prozent,,Thüringen,code16,18.685
2015,Prozent,,Thüringen,code16,19.946
2016,Prozent,,Thüringen,code16,20.213
2017,Prozent,,Thüringen,code16,21.184
2018,Prozent,,Thüringen,code16,21.055
2019,Prozent,,Thüringen,code16,21.566
2020,Prozent,…,Thüringen,code16,
2021,Prozent,…,Thüringen,code16,
2022,Prozent,…,Thüringen,code16,
2023,Prozent,…,Thüringen,code16,
2024,Prozent,…,Thüringen,code16,
2030,Prozent,…,Thüringen,code16,
2040,Prozent,…,Thüringen,code16,
2050,Prozent,…,Thüringen,code16,
