Year,Units,COMMENT_OBS_0,COMMENT_OBS_1,Bundesland,GeoCode,Value
1991,Prozent,,,,,39.0
1992,Prozent,,,,,41.4
1993,Prozent,,,,,45.1
1994,Prozent,,,,,47.5
1995,Prozent,,,,,54.9
1996,Prozent,,,,,57.7
1997,Prozent,,,,,58.8
1998,Prozent,,,,,59.4
1999,Prozent,,,,,60.3
2000,Prozent,,,,,59.2
2001,Prozent,,,,,58.1
2002,Prozent,,,,,59.8
2003,Prozent,,,,,63.3
2004,Prozent,,,,,65.0
2005,Prozent,,,,,67.1
2006,Prozent,,,,,66.4
2007,Prozent,,,,,63.7
2008,Prozent,,,,,65.2
2009,Prozent,r,,,,72.4
2010,Prozent,,,,,81.0
2011,Prozent,,,,,78.5
2012,Prozent,,,,,79.8
2013,Prozent,r,,,,77.5
2014,Prozent,,,,,74.5
2015,Prozent,,,,,71.2
2016,Prozent,,,,,68.3
2017,Prozent,,,,,64.0
2018,Prozent,,,,,60.8
2019,Prozent,,,,,58.7
2020,Prozent,r,,,,68.0
2021,Prozent,r,,,,67.9
2022,Prozent,r,p,,,64.4
2023,Prozent,r,p,,,62.3
2024,Prozent,r,p,,,62.2
1991,Prozent,,,Baden-Württemberg,code08,11.508
1992,Prozent,,,Baden-Württemberg,code08,11.591
1993,Prozent,,,Baden-Württemberg,code08,11.617
1994,Prozent,,,Baden-Württemberg,code08,11.696
1995,Prozent,,,Baden-Württemberg,code08,11.951
1996,Prozent,,,Baden-Württemberg,code08,11.807
1997,Prozent,,,Baden-Württemberg,code08,12.098
1998,Prozent,,,Baden-Württemberg,code08,11.983
1999,Prozent,,,Baden-Württemberg,code08,11.831
2000,Prozent,r,,Baden-Württemberg,code08,11.623
2001,Prozent,r,,Baden-Württemberg,code08,11.289
2002,Prozent,r,,Baden-Württemberg,code08,11.998
2003,Prozent,r,,Baden-Württemberg,code08,12.111
2004,Prozent,r,,Baden-Württemberg,code08,12.661
2005,Prozent,r,,Baden-Württemberg,code08,13.06
2006,Prozent,r,,Baden-Württemberg,code08,12.826
2007,Prozent,r,,Baden-Württemberg,code08,12.618
2008,Prozent,r,,Baden-Württemberg,code08,12.32
2009,Prozent,r,,Baden-Württemberg,code08,17.799
2010,Prozent,r,,Baden-Württemberg,code08,16.666
2011,Prozent,r,,Baden-Württemberg,code08,16.608
2012,Prozent,r,,Baden-Württemberg,code08,16.354
2013,Prozent,r,,Baden-Württemberg,code08,16.33
2014,Prozent,r,,Baden-Württemberg,code08,13.307
2015,Prozent,r,,Baden-Württemberg,code08,13.148
2016,Prozent,r,,Baden-Württemberg,code08,12.822
2017,Prozent,r,,Baden-Württemberg,code08,10.791
2018,Prozent,r,,Baden-Württemberg,code08,10.001
2019,Prozent,r,,Baden-Württemberg,code08,9.898
2020,Prozent,r,,Baden-Württemberg,code08,11.071
2021,Prozent,r,,Baden-Württemberg,code08,10.318
2022,Prozent,r,p,Baden-Württemberg,code08,9.118
2023,Prozent,r,p,Baden-Württemberg,code08,8.414
2024,Prozent,p,,Baden-Württemberg,code08,8.901
1991,Prozent,,,Bayern,code09,9.281
1992,Prozent,,,Bayern,code09,9.103
1993,Prozent,,,Bayern,code09,8.872
1994,Prozent,,,Bayern,code09,8.864
1995,Prozent,,,Bayern,code09,8.56
1996,Prozent,,,Bayern,code09,8.544
1997,Prozent,,,Bayern,code09,9.228
1998,Prozent,,,Bayern,code09,9.392
1999,Prozent,,,Bayern,code09,9.359
2000,Prozent,r,,Bayern,code09,8.967
2001,Prozent,r,,Bayern,code09,8.493
2002,Prozent,r,,Bayern,code09,8.368
2003,Prozent,r,,Bayern,code09,8.843
2004,Prozent,r,,Bayern,code09,9.111
2005,Prozent,r,,Bayern,code09,9.317
2006,Prozent,r,,Bayern,code09,9.305
2007,Prozent,r,,Bayern,code09,8.516
2008,Prozent,r,,Bayern,code09,8.091
2009,Prozent,r,,Bayern,code09,9.503
2010,Prozent,r,,Bayern,code09,9.405
2011,Prozent,r,,Bayern,code09,8.646
2012,Prozent,r,,Bayern,code09,8.377
2013,Prozent,r,,Bayern,code09,7.723
2014,Prozent,r,,Bayern,code09,6.963
2015,Prozent,r,,Bayern,code09,6.298
2016,Prozent,r,,Bayern,code09,5.639
2017,Prozent,r,,Bayern,code09,4.94
2018,Prozent,r,,Bayern,code09,4.379
2019,Prozent,r,,Bayern,code09,3.949
2020,Prozent,r,,Bayern,code09,4.991
2021,Prozent,r,,Bayern,code09,5.103
2022,Prozent,r,p,Bayern,code09,4.878
2023,Prozent,r,p,Bayern,code09,4.674
2024,Prozent,p,,Bayern,code09,4.994
1991,Prozent,,,Berlin,code11,11.835
1992,Prozent,,,Berlin,code11,13.907
1993,Prozent,,,Berlin,code11,16.837
1994,Prozent,,,Berlin,code11,19.313
1995,Prozent,,,Berlin,code11,25.048
1996,Prozent,,,Berlin,code11,29.172
1997,Prozent,,,Berlin,code11,32.308
1998,Prozent,,,Berlin,code11,34.828
1999,Prozent,,,Berlin,code11,36.906
2000,Prozent,r,,Berlin,code11,38.8
2001,Prozent,r,,Berlin,code11,44.001
2002,Prozent,r,,Berlin,code11,51.248
2003,Prozent,r,,Berlin,code11,56.292
2004,Prozent,r,,Berlin,code11,62.173
2005,Prozent,r,,Berlin,code11,64.626
2006,Prozent,r,,Berlin,code11,63.813
2007,Prozent,r,,Berlin,code11,58.687
2008,Prozent,r,,Berlin,code11,55.428
2009,Prozent,r,,Berlin,code11,58.013
2010,Prozent,r,,Berlin,code11,57.25
2011,Prozent,r,,Berlin,code11,55.49
2012,Prozent,r,,Berlin,code11,54.204
2013,Prozent,r,,Berlin,code11,52.032
2014,Prozent,r,,Berlin,code11,48.817
2015,Prozent,r,,Berlin,code11,45.375
2016,Prozent,r,,Berlin,code11,42.555
2017,Prozent,r,,Berlin,code11,39.255
2018,Prozent,r,,Berlin,code11,35.784
2019,Prozent,r,,Berlin,code11,33.811
2020,Prozent,r,,Berlin,code11,37.559
2021,Prozent,r,,Berlin,code11,36.166
2022,Prozent,r,p,Berlin,code11,33.434
2023,Prozent,r,p,Berlin,code11,31.629
2024,Prozent,p,,Berlin,code11,32.236
1991,Prozent,,,Brandenburg,code12,5.597
1992,Prozent,,,Brandenburg,code12,14.341
1993,Prozent,,,Brandenburg,code12,11.8
1994,Prozent,,,Brandenburg,code12,19.692
1995,Prozent,,,Brandenburg,code12,25.226
1996,Prozent,,,Brandenburg,code12,28.23
1997,Prozent,,,Brandenburg,code12,31.993
1998,Prozent,,,Brandenburg,code12,33.789
1999,Prozent,,,Brandenburg,code12,34.04
2000,Prozent,r,,Brandenburg,code12,33.901
2001,Prozent,r,,Brandenburg,code12,31.497
2002,Prozent,r,,Brandenburg,code12,32.617
2003,Prozent,r,,Brandenburg,code12,34.643
2004,Prozent,r,,Brandenburg,code12,37.037
2005,Prozent,r,,Brandenburg,code12,36.697
2006,Prozent,r,,Brandenburg,code12,35.733
2007,Prozent,r,,Brandenburg,code12,34.932
2008,Prozent,r,,Brandenburg,code12,33.478
2009,Prozent,r,,Brandenburg,code12,34.588
2010,Prozent,r,,Brandenburg,code12,38.408
2011,Prozent,r,,Brandenburg,code12,36.823
2012,Prozent,r,,Brandenburg,code12,35.639
2013,Prozent,r,,Brandenburg,code12,33.477
2014,Prozent,r,,Brandenburg,code12,30.935
2015,Prozent,r,,Brandenburg,code12,30.252
2016,Prozent,r,,Brandenburg,code12,29.246
2017,Prozent,r,,Brandenburg,code12,26.089
2018,Prozent,r,,Brandenburg,code12,24.339
2019,Prozent,r,,Brandenburg,code12,23.809
2020,Prozent,r,,Brandenburg,code12,26.44
2021,Prozent,r,,Brandenburg,code12,25.175
2022,Prozent,r,p,Brandenburg,code12,22.284
2023,Prozent,r,p,Brandenburg,code12,21.783
2024,Prozent,p,,Brandenburg,code12,23.382
1991,Prozent,,,Bremen,code04,41.181
1992,Prozent,,,Bremen,code04,42.998
1993,Prozent,,,Bremen,code04,45.163
1994,Prozent,,,Bremen,code04,43.343
1995,Prozent,,,Bremen,code04,42.467
1996,Prozent,,,Bremen,code04,41.856
1997,Prozent,,,Bremen,code04,41.03
1998,Prozent,,,Bremen,code04,39.697
1999,Prozent,,,Bremen,code04,37.338
2000,Prozent,r,,Bremen,code04,37.81
2001,Prozent,r,,Bremen,code04,38.152
2002,Prozent,r,,Bremen,code04,40.084
2003,Prozent,r,,Bremen,code04,43.21
2004,Prozent,r,,Bremen,code04,45.482
2005,Prozent,r,,Bremen,code04,48.55
2006,Prozent,r,,Bremen,code04,50.359
2007,Prozent,r,,Bremen,code04,51.996
2008,Prozent,r,,Bremen,code04,54.763
2009,Prozent,r,,Bremen,code04,62.827
2010,Prozent,r,,Bremen,code04,66.938
2011,Prozent,r,,Bremen,code04,67.824
2012,Prozent,r,,Bremen,code04,67.603
2013,Prozent,r,,Bremen,code04,67.91
2014,Prozent,r,,Bremen,code04,67.563
2015,Prozent,r,,Bremen,code04,70.536
2016,Prozent,r,,Bremen,code04,66.824
2017,Prozent,r,,Bremen,code04,64.178
2018,Prozent,r,,Bremen,code04,65.081
2019,Prozent,r,,Bremen,code04,89.749
2020,Prozent,r,,Bremen,code04,121.561
2021,Prozent,r,,Bremen,code04,102.436
2022,Prozent,r,p,Bremen,code04,58.277
2023,Prozent,r,p,Bremen,code04,58.046
2024,Prozent,p,,Bremen,code04,57.663
1991,Prozent,,,Hamburg,code02,16.069
1992,Prozent,,,Hamburg,code02,16.345
1993,Prozent,,,Hamburg,code02,17.864
1994,Prozent,,,Hamburg,code02,18.981
1995,Prozent,,,Hamburg,code02,19.298
1996,Prozent,,,Hamburg,code02,20.229
1997,Prozent,,,Hamburg,code02,19.911
1998,Prozent,,,Hamburg,code02,19.766
1999,Prozent,,,Hamburg,code02,20.458
2000,Prozent,r,,Hamburg,code02,21.187
2001,Prozent,r,,Hamburg,code02,21.186
2002,Prozent,r,,Hamburg,code02,21.543
2003,Prozent,r,,Hamburg,code02,22.772
2004,Prozent,r,,Hamburg,code02,23.339
2005,Prozent,r,,Hamburg,code02,23.674
2006,Prozent,r,,Hamburg,code02,23.868
2007,Prozent,r,,Hamburg,code02,23.054
2008,Prozent,r,,Hamburg,code02,22.271
2009,Prozent,r,,Hamburg,code02,25.353
2010,Prozent,r,,Hamburg,code02,25.855
2011,Prozent,r,,Hamburg,code02,25.19
2012,Prozent,r,,Hamburg,code02,24.269
2013,Prozent,r,,Hamburg,code02,23.667
2014,Prozent,r,,Hamburg,code02,26.087
2015,Prozent,r,,Hamburg,code02,25.573
2016,Prozent,r,,Hamburg,code02,27.029
2017,Prozent,r,,Hamburg,code02,26.816
2018,Prozent,r,,Hamburg,code02,27.642
2019,Prozent,r,,Hamburg,code02,25.934
2020,Prozent,r,,Hamburg,code02,28.505
2021,Prozent,r,,Hamburg,code02,25.684
2022,Prozent,r,p,Hamburg,code02,21.358
2023,Prozent,r,p,Hamburg,code02,21.133
2024,Prozent,p,,Hamburg,code02,20.164
1991,Prozent,,,Hessen,code06,15.789
1992,Prozent,,,Hessen,code06,15.618
1993,Prozent,,,Hessen,code06,15.297
1994,Prozent,,,Hessen,code06,15.797
1995,Prozent,,,Hessen,code06,16.18
1996,Prozent,,,Hessen,code06,16.381
1997,Prozent,,,Hessen,code06,16.036
1998,Prozent,,,Hessen,code06,16.469
1999,Prozent,,,Hessen,code06,16.048
2000,Prozent,r,,Hessen,code06,15.275
2001,Prozent,r,,Hessen,code06,14.777
2002,Prozent,r,,Hessen,code06,15.291
2003,Prozent,r,,Hessen,code06,15.803
2004,Prozent,r,,Hessen,code06,16.684
2005,Prozent,r,,Hessen,code06,17.267
2006,Prozent,r,,Hessen,code06,17.439
2007,Prozent,r,,Hessen,code06,16.551
2008,Prozent,r,,Hessen,code06,16.439
2009,Prozent,r,,Hessen,code06,18.629
2010,Prozent,r,,Hessen,code06,22.297
2011,Prozent,r,,Hessen,code06,22.839
2012,Prozent,r,,Hessen,code06,24.155
2013,Prozent,r,,Hessen,code06,23.286
2014,Prozent,r,,Hessen,code06,24.072
2015,Prozent,r,,Hessen,code06,22.947
2016,Prozent,r,,Hessen,code06,21.913
2017,Prozent,r,,Hessen,code06,20.349
2018,Prozent,r,,Hessen,code06,18.126
2019,Prozent,r,,Hessen,code06,17.777
2020,Prozent,r,,Hessen,code06,20.455
2021,Prozent,r,,Hessen,code06,18.731
2022,Prozent,r,p,Hessen,code06,16.717
2023,Prozent,r,p,Hessen,code06,16.424
2024,Prozent,p,,Hessen,code06,17.223
1991,Prozent,,,Mecklenburg-Vorpommern,code13,4.672
1992,Prozent,,,Mecklenburg-Vorpommern,code13,8.629
1993,Prozent,,,Mecklenburg-Vorpommern,code13,7.194
1994,Prozent,,,Mecklenburg-Vorpommern,code13,12.484
1995,Prozent,,,Mecklenburg-Vorpommern,code13,16.464
1996,Prozent,,,Mecklenburg-Vorpommern,code13,21.975
1997,Prozent,,,Mecklenburg-Vorpommern,code13,25.906
1998,Prozent,,,Mecklenburg-Vorpommern,code13,29.567
1999,Prozent,,,Mecklenburg-Vorpommern,code13,31.363
2000,Prozent,r,,Mecklenburg-Vorpommern,code13,32.883
2001,Prozent,r,,Mecklenburg-Vorpommern,code13,31.788
2002,Prozent,r,,Mecklenburg-Vorpommern,code13,33.805
2003,Prozent,r,,Mecklenburg-Vorpommern,code13,35.376
2004,Prozent,r,,Mecklenburg-Vorpommern,code13,37.482
2005,Prozent,r,,Mecklenburg-Vorpommern,code13,39.701
2006,Prozent,r,,Mecklenburg-Vorpommern,code13,39.783
2007,Prozent,r,,Mecklenburg-Vorpommern,code13,35.022
2008,Prozent,r,,Mecklenburg-Vorpommern,code13,33.359
2009,Prozent,r,,Mecklenburg-Vorpommern,code13,33.21
2010,Prozent,r,,Mecklenburg-Vorpommern,code13,34.554
2011,Prozent,r,,Mecklenburg-Vorpommern,code13,32.782
2012,Prozent,r,,Mecklenburg-Vorpommern,code13,32.655
2013,Prozent,r,,Mecklenburg-Vorpommern,code13,30.833
2014,Prozent,r,,Mecklenburg-Vorpommern,code13,29.238
2015,Prozent,r,,Mecklenburg-Vorpommern,code13,28.299
2016,Prozent,r,,Mecklenburg-Vorpommern,code13,24.978
2017,Prozent,r,,Mecklenburg-Vorpommern,code13,21.754
2018,Prozent,r,,Mecklenburg-Vorpommern,code13,20.567
2019,Prozent,r,,Mecklenburg-Vorpommern,code13,19.193
2020,Prozent,r,,Mecklenburg-Vorpommern,code13,21.287
2021,Prozent,r,,Mecklenburg-Vorpommern,code13,20.18
2022,Prozent,r,p,Mecklenburg-Vorpommern,code13,17.851
2023,Prozent,r,p,Mecklenburg-Vorpommern,code13,15.357
2024,Prozent,p,,Mecklenburg-Vorpommern,code13,16.653
1991,Prozent,,,Niedersachsen,code03,20.66
1992,Prozent,,,Niedersachsen,code03,20.616
1993,Prozent,,,Niedersachsen,code03,20.171
1994,Prozent,,,Niedersachsen,code03,20.904
1995,Prozent,,,Niedersachsen,code03,21.958
1996,Prozent,,,Niedersachsen,code03,22.803
1997,Prozent,,,Niedersachsen,code03,23.354
1998,Prozent,,,Niedersachsen,code03,23.416
1999,Prozent,,,Niedersachsen,code03,23.293
2000,Prozent,r,,Niedersachsen,code03,22.572
2001,Prozent,r,,Niedersachsen,code03,22.37
2002,Prozent,r,,Niedersachsen,code03,23.778
2003,Prozent,r,,Niedersachsen,code03,25.255
2004,Prozent,r,,Niedersachsen,code03,26.349
2005,Prozent,r,,Niedersachsen,code03,27.281
2006,Prozent,r,,Niedersachsen,code03,26.462
2007,Prozent,r,,Niedersachsen,code03,25.916
2008,Prozent,r,,Niedersachsen,code03,25.523
2009,Prozent,r,,Niedersachsen,code03,27.228
2010,Prozent,r,,Niedersachsen,code03,29.143
2011,Prozent,r,,Niedersachsen,code03,28.534
2012,Prozent,r,,Niedersachsen,code03,27.556
2013,Prozent,r,,Niedersachsen,code03,27.354
2014,Prozent,r,,Niedersachsen,code03,26.497
2015,Prozent,r,,Niedersachsen,code03,27.611
2016,Prozent,r,,Niedersachsen,code03,25.555
2017,Prozent,r,,Niedersachsen,code03,24.922
2018,Prozent,r,,Niedersachsen,code03,23.621
2019,Prozent,r,,Niedersachsen,code03,22.618
2020,Prozent,r,,Niedersachsen,code03,25.608
2021,Prozent,r,,Niedersachsen,code03,24.49
2022,Prozent,r,p,Niedersachsen,code03,22.688
2023,Prozent,r,p,Niedersachsen,code03,20.45
2024,Prozent,r,,Niedersachsen,code03,19.923
1991,Prozent,,,Nordrhein-Westfalen,code05,19.759
1992,Prozent,,,Nordrhein-Westfalen,code05,19.331
1993,Prozent,,,Nordrhein-Westfalen,code05,19.196
1994,Prozent,,,Nordrhein-Westfalen,code05,19.647
1995,Prozent,,,Nordrhein-Westfalen,code05,19.496
1996,Prozent,,,Nordrhein-Westfalen,code05,20.657
1997,Prozent,,,Nordrhein-Westfalen,code05,21.051
1998,Prozent,,,Nordrhein-Westfalen,code05,21.508
1999,Prozent,,,Nordrhein-Westfalen,code05,21.89
2000,Prozent,r,,Nordrhein-Westfalen,code05,21.953
2001,Prozent,r,,Nordrhein-Westfalen,code05,21.842
2002,Prozent,r,,Nordrhein-Westfalen,code05,22.786
2003,Prozent,r,,Nordrhein-Westfalen,code05,23.804
2004,Prozent,r,,Nordrhein-Westfalen,code05,24.633
2005,Prozent,r,,Nordrhein-Westfalen,code05,25.7
2006,Prozent,r,,Nordrhein-Westfalen,code05,26.086
2007,Prozent,r,,Nordrhein-Westfalen,code05,24.609
2008,Prozent,r,,Nordrhein-Westfalen,code05,23.907
2009,Prozent,r,,Nordrhein-Westfalen,code05,26.392
2010,Prozent,r,,Nordrhein-Westfalen,code05,38.801
2011,Prozent,r,,Nordrhein-Westfalen,code05,38.719
2012,Prozent,r,,Nordrhein-Westfalen,code05,43.379
2013,Prozent,r,,Nordrhein-Westfalen,code05,39.582
2014,Prozent,r,,Nordrhein-Westfalen,code05,37.814
2015,Prozent,r,,Nordrhein-Westfalen,code05,36.872
2016,Prozent,r,,Nordrhein-Westfalen,code05,35.621
2017,Prozent,r,,Nordrhein-Westfalen,code05,32.842
2018,Prozent,r,,Nordrhein-Westfalen,code05,30.619
2019,Prozent,r,,Nordrhein-Westfalen,code05,30.321
2020,Prozent,r,,Nordrhein-Westfalen,code05,32.07
2021,Prozent,r,,Nordrhein-Westfalen,code05,30.681
2022,Prozent,r,p,Nordrhein-Westfalen,code05,28.608
2023,Prozent,r,p,Nordrhein-Westfalen,code05,27.491
2024,Prozent,p,,Nordrhein-Westfalen,code05,27.415
1991,Prozent,,,Rheinland-Pfalz,code07,19.561
1992,Prozent,,,Rheinland-Pfalz,code07,19.756
1993,Prozent,,,Rheinland-Pfalz,code07,19.697
1994,Prozent,,,Rheinland-Pfalz,code07,19.883
1995,Prozent,,,Rheinland-Pfalz,code07,20.257
1996,Prozent,,,Rheinland-Pfalz,code07,20.797
1997,Prozent,,,Rheinland-Pfalz,code07,21.596
1998,Prozent,,,Rheinland-Pfalz,code07,22.677
1999,Prozent,,,Rheinland-Pfalz,code07,22.987
2000,Prozent,r,,Rheinland-Pfalz,code07,23.318
2001,Prozent,r,,Rheinland-Pfalz,code07,23.81
2002,Prozent,r,,Rheinland-Pfalz,code07,24.694
2003,Prozent,r,,Rheinland-Pfalz,code07,25.888
2004,Prozent,r,,Rheinland-Pfalz,code07,26.549
2005,Prozent,r,,Rheinland-Pfalz,code07,27.549
2006,Prozent,r,,Rheinland-Pfalz,code07,27.831
2007,Prozent,r,,Rheinland-Pfalz,code07,28.734
2008,Prozent,r,,Rheinland-Pfalz,code07,28.491
2009,Prozent,r,,Rheinland-Pfalz,code07,30.674
2010,Prozent,r,,Rheinland-Pfalz,code07,35.796
2011,Prozent,r,,Rheinland-Pfalz,code07,35.954
2012,Prozent,r,,Rheinland-Pfalz,code07,36.082
2013,Prozent,r,,Rheinland-Pfalz,code07,35.521
2014,Prozent,r,,Rheinland-Pfalz,code07,34.527
2015,Prozent,r,,Rheinland-Pfalz,code07,33.628
2016,Prozent,r,,Rheinland-Pfalz,code07,33.048
2017,Prozent,r,,Rheinland-Pfalz,code07,31.484
2018,Prozent,r,,Rheinland-Pfalz,code07,29.653
2019,Prozent,r,,Rheinland-Pfalz,code07,28.525
2020,Prozent,r,,Rheinland-Pfalz,code07,29.691
2021,Prozent,r,,Rheinland-Pfalz,code07,24.41
2022,Prozent,r,p,Rheinland-Pfalz,code07,22.942
2023,Prozent,r,p,Rheinland-Pfalz,code07,21.694
2024,Prozent,p,,Rheinland-Pfalz,code07,21.161
1991,Prozent,,,Saarland,code10,36.278
1992,Prozent,,,Saarland,code10,37.658
1993,Prozent,,,Saarland,code10,38.221
1994,Prozent,,,Saarland,code10,39.235
1995,Prozent,,,Saarland,code10,36.688
1996,Prozent,,,Saarland,code10,37.06
1997,Prozent,,,Saarland,code10,35.823
1998,Prozent,,,Saarland,code10,34.057
1999,Prozent,,,Saarland,code10,32.428
2000,Prozent,r,,Saarland,code10,31.453
2001,Prozent,r,,Saarland,code10,30.328
2002,Prozent,r,,Saarland,code10,27.032
2003,Prozent,r,,Saarland,code10,28.107
2004,Prozent,r,,Saarland,code10,28.452
2005,Prozent,r,,Saarland,code10,28.371
2006,Prozent,r,,Saarland,code10,29.568
2007,Prozent,r,,Saarland,code10,31.764
2008,Prozent,r,,Saarland,code10,32.699
2009,Prozent,r,,Saarland,code10,39.657
2010,Prozent,r,,Saarland,code10,47.233
2011,Prozent,r,,Saarland,code10,46.657
2012,Prozent,r,,Saarland,code10,48.994
2013,Prozent,r,,Saarland,code10,51.729
2014,Prozent,r,,Saarland,code10,51.57
2015,Prozent,r,,Saarland,code10,51.418
2016,Prozent,r,,Saarland,code10,50.877
2017,Prozent,r,,Saarland,code10,48.772
2018,Prozent,r,,Saarland,code10,47.344
2019,Prozent,r,,Saarland,code10,47.092
2020,Prozent,r,,Saarland,code10,49.666
2021,Prozent,r,,Saarland,code10,47.084
2022,Prozent,r,p,Saarland,code10,39.848
2023,Prozent,r,p,Saarland,code10,37.848
2024,Prozent,p,,Saarland,code10,39.297
1991,Prozent,,,Sachsen,code14,4.958
1992,Prozent,,,Sachsen,code14,10.286
1993,Prozent,,,Sachsen,code14,8.482
1994,Prozent,,,Sachsen,code14,13.088
1995,Prozent,,,Sachsen,code14,14.83
1996,Prozent,,,Sachsen,code14,17.533
1997,Prozent,,,Sachsen,code14,19.541
1998,Prozent,,,Sachsen,code14,20.809
1999,Prozent,,,Sachsen,code14,20.978
2000,Prozent,r,,Sachsen,code14,20.793
2001,Prozent,r,,Sachsen,code14,20.466
2002,Prozent,r,,Sachsen,code14,19.823
2003,Prozent,r,,Sachsen,code14,19.719
2004,Prozent,r,,Sachsen,code14,19.75
2005,Prozent,r,,Sachsen,code14,20.27
2006,Prozent,r,,Sachsen,code14,19.343
2007,Prozent,r,,Sachsen,code14,15.713
2008,Prozent,r,,Sachsen,code14,13.014
2009,Prozent,r,,Sachsen,code14,11.41
2010,Prozent,r,,Sachsen,code14,10.447
2011,Prozent,r,,Sachsen,code14,8.984
2012,Prozent,r,,Sachsen,code14,9.041
2013,Prozent,r,,Sachsen,code14,7.967
2014,Prozent,r,,Sachsen,code14,6.735
2015,Prozent,r,,Sachsen,code14,5.664
2016,Prozent,r,,Sachsen,code14,4.45
2017,Prozent,r,,Sachsen,code14,3.772
2018,Prozent,r,,Sachsen,code14,3.326
2019,Prozent,r,,Sachsen,code14,2.843
2020,Prozent,r,,Sachsen,code14,5.711
2021,Prozent,r,,Sachsen,code14,6.241
2022,Prozent,r,p,Sachsen,code14,5.569
2023,Prozent,r,p,Sachsen,code14,5.582
2024,Prozent,p,,Sachsen,code14,5.935
1991,Prozent,,,Sachsen-Anhalt,code15,5.313
1992,Prozent,,,Sachsen-Anhalt,code15,15.796
1993,Prozent,,,Sachsen-Anhalt,code15,12.855
1994,Prozent,,,Sachsen-Anhalt,code15,18.943
1995,Prozent,,,Sachsen-Anhalt,code15,22.957
1996,Prozent,,,Sachsen-Anhalt,code15,27.065
1997,Prozent,,,Sachsen-Anhalt,code15,32.66
1998,Prozent,,,Sachsen-Anhalt,code15,35.9
1999,Prozent,,,Sachsen-Anhalt,code15,38.894
2000,Prozent,r,,Sachsen-Anhalt,code15,41.343
2001,Prozent,r,,Sachsen-Anhalt,code15,38.602
2002,Prozent,r,,Sachsen-Anhalt,code15,39.44
2003,Prozent,r,,Sachsen-Anhalt,code15,41.964
2004,Prozent,r,,Sachsen-Anhalt,code15,43.408
2005,Prozent,r,,Sachsen-Anhalt,code15,46.33
2006,Prozent,r,,Sachsen-Anhalt,code15,46.585
2007,Prozent,r,,Sachsen-Anhalt,code15,45.786
2008,Prozent,r,,Sachsen-Anhalt,code15,44.334
2009,Prozent,r,,Sachsen-Anhalt,code15,46.105
2010,Prozent,r,,Sachsen-Anhalt,code15,46.707
2011,Prozent,r,,Sachsen-Anhalt,code15,45.492
2012,Prozent,r,,Sachsen-Anhalt,code15,43.353
2013,Prozent,r,,Sachsen-Anhalt,code15,41.899
2014,Prozent,r,,Sachsen-Anhalt,code15,41.23
2015,Prozent,r,,Sachsen-Anhalt,code15,41.22
2016,Prozent,r,,Sachsen-Anhalt,code15,39.294
2017,Prozent,r,,Sachsen-Anhalt,code15,38.333
2018,Prozent,r,,Sachsen-Anhalt,code15,36.2
2019,Prozent,r,,Sachsen-Anhalt,code15,35.96
2020,Prozent,r,,Sachsen-Anhalt,code15,36.902
2021,Prozent,r,,Sachsen-Anhalt,code15,36.298
2022,Prozent,r,p,Sachsen-Anhalt,code15,34.787
2023,Prozent,r,p,Sachsen-Anhalt,code15,32.705
2024,Prozent,p,,Sachsen-Anhalt,code15,31.973
1991,Prozent,,,Schleswig-Holstein,code01,23.522
1992,Prozent,,,Schleswig-Holstein,code01,23.416
1993,Prozent,,,Schleswig-Holstein,code01,22.947
1994,Prozent,,,Schleswig-Holstein,code01,24.059
1995,Prozent,,,Schleswig-Holstein,code01,24.175
1996,Prozent,,,Schleswig-Holstein,code01,25.265
1997,Prozent,,,Schleswig-Holstein,code01,25.912
1998,Prozent,,,Schleswig-Holstein,code01,26.807
1999,Prozent,,,Schleswig-Holstein,code01,27.027
2000,Prozent,r,,Schleswig-Holstein,code01,27.181
2001,Prozent,r,,Schleswig-Holstein,code01,26.867
2002,Prozent,r,,Schleswig-Holstein,code01,28.308
2003,Prozent,r,,Schleswig-Holstein,code01,29.554
2004,Prozent,r,,Schleswig-Holstein,code01,31.04
2005,Prozent,r,,Schleswig-Holstein,code01,32.328
2006,Prozent,r,,Schleswig-Holstein,code01,33.431
2007,Prozent,r,,Schleswig-Holstein,code01,33.991
2008,Prozent,r,,Schleswig-Holstein,code01,33.257
2009,Prozent,r,,Schleswig-Holstein,code01,38.529
2010,Prozent,r,,Schleswig-Holstein,code01,41.674
2011,Prozent,r,,Schleswig-Holstein,code01,41.253
2012,Prozent,r,,Schleswig-Holstein,code01,40.431
2013,Prozent,r,,Schleswig-Holstein,code01,39.401
2014,Prozent,r,,Schleswig-Holstein,code01,38.579
2015,Prozent,r,,Schleswig-Holstein,code01,37.438
2016,Prozent,r,,Schleswig-Holstein,code01,38.343
2017,Prozent,r,,Schleswig-Holstein,code01,35.944
2018,Prozent,r,,Schleswig-Holstein,code01,36.692
2019,Prozent,r,,Schleswig-Holstein,code01,35.019
2020,Prozent,r,,Schleswig-Holstein,code01,36.509
2021,Prozent,r,,Schleswig-Holstein,code01,35.84
2022,Prozent,r,p,Schleswig-Holstein,code01,32.342
2023,Prozent,r,p,Schleswig-Holstein,code01,30.363
2024,Prozent,p,,Schleswig-Holstein,code01,30.17
1991,Prozent,,,Thüringen,code16,6.64
1992,Prozent,,,Thüringen,code16,12.572
1993,Prozent,,,Thüringen,code16,10.255
1994,Prozent,,,Thüringen,code16,16.765
1995,Prozent,,,Thüringen,code16,24.799
1996,Prozent,,,Thüringen,code16,28.317
1997,Prozent,,,Thüringen,code16,31.408
1998,Prozent,,,Thüringen,code16,29.901
1999,Prozent,,,Thüringen,code16,31.45
2000,Prozent,r,,Thüringen,code16,33.204
2001,Prozent,r,,Thüringen,code16,34.04
2002,Prozent,r,,Thüringen,code16,35.129
2003,Prozent,r,,Thüringen,code16,35.695
2004,Prozent,r,,Thüringen,code16,36.834
2005,Prozent,r,,Thüringen,code16,39.016
2006,Prozent,r,,Thüringen,code16,39.332
2007,Prozent,r,,Thüringen,code16,38.606
2008,Prozent,r,,Thüringen,code16,37.045
2009,Prozent,r,,Thüringen,code16,38.926
2010,Prozent,r,,Thüringen,code16,38.538
2011,Prozent,r,,Thüringen,code16,36.362
2012,Prozent,r,,Thüringen,code16,35.335
2013,Prozent,r,,Thüringen,code16,35.16
2014,Prozent,r,,Thüringen,code16,32.835
2015,Prozent,r,,Thüringen,code16,31.654
2016,Prozent,r,,Thüringen,code16,30.084
2017,Prozent,r,,Thüringen,code16,29.702
2018,Prozent,r,,Thüringen,code16,26.955
2019,Prozent,r,,Thüringen,code16,26.028
2020,Prozent,r,,Thüringen,code16,27.876
2021,Prozent,r,,Thüringen,code16,27.494
2022,Prozent,r,p,Thüringen,code16,24.535
2023,Prozent,r,p,Thüringen,code16,22.338
2024,Prozent,p,,Thüringen,code16,21.506
