Year,Units,time series,area,COMMENT_OBS_0,länder,GeoCode,Value
2007,gini coefficient,<u>time series of the indicator:</u> gini coefficient of equivalised disposable income,germany,,,,0.304
2008,gini coefficient,<u>time series of the indicator:</u> gini coefficient of equivalised disposable income,germany,,,,0.302
2009,gini coefficient,<u>time series of the indicator:</u> gini coefficient of equivalised disposable income,germany,,,,0.291
2010,gini coefficient,<u>time series of the indicator:</u> gini coefficient of equivalised disposable income,germany,,,,0.293
2011,gini coefficient,<u>time series of the indicator:</u> gini coefficient of equivalised disposable income,germany,,,,0.29
2012,gini coefficient,<u>time series of the indicator:</u> gini coefficient of equivalised disposable income,germany,,,,0.283
2013,gini coefficient,<u>time series of the indicator:</u> gini coefficient of equivalised disposable income,germany,,,,0.297
2014,gini coefficient,<u>time series of the indicator:</u> gini coefficient of equivalised disposable income,germany,,,,0.307
2015,gini coefficient,<u>time series of the indicator:</u> gini coefficient of equivalised disposable income,germany,,,,0.301
2016,gini coefficient,<u>time series of the indicator:</u> gini coefficient of equivalised disposable income,germany,,,,0.295
2017,gini coefficient,<u>time series of the indicator:</u> gini coefficient of equivalised disposable income,germany,,,,0.291
2018,gini coefficient,<u>time series of the indicator:</u> gini coefficient of equivalised disposable income,germany,,,,0.311
2019,gini coefficient,<u>time series of the indicator:</u> gini coefficient of equivalised disposable income,germany,,,,0.297
2020,gini coefficient,<u>time series of the indicator:</u> gini coefficient of equivalised disposable income,germany,,,,0.305
2021,gini coefficient,<u>time series of the indicator:</u> gini coefficient of equivalised disposable income,germany,,,,0.312
2022,gini coefficient,<u>time series of the indicator:</u> gini coefficient of equivalised disposable income,germany,,,,0.29
2023,gini coefficient,<u>time series of the indicator:</u> gini coefficient of equivalised disposable income,germany,,,,0.294
2024,gini coefficient,<u>time series of the indicator:</u> gini coefficient of equivalised disposable income,germany,,,,0.295
2007,gini coefficient,<u>time series of the indicator:</u> gini coefficient of equivalised disposable income,european union,,,,0.306
2008,gini coefficient,<u>time series of the indicator:</u> gini coefficient of equivalised disposable income,european union,,,,0.31
2009,gini coefficient,<u>time series of the indicator:</u> gini coefficient of equivalised disposable income,european union,,,,0.306
2010,gini coefficient,<u>time series of the indicator:</u> gini coefficient of equivalised disposable income,european union,,,,0.305
2011,gini coefficient,<u>time series of the indicator:</u> gini coefficient of equivalised disposable income,european union,,,,0.308
2012,gini coefficient,<u>time series of the indicator:</u> gini coefficient of equivalised disposable income,european union,,,,0.305
2013,gini coefficient,<u>time series of the indicator:</u> gini coefficient of equivalised disposable income,european union,,,,0.305
2014,gini coefficient,<u>time series of the indicator:</u> gini coefficient of equivalised disposable income,european union,,,,0.309
2015,gini coefficient,<u>time series of the indicator:</u> gini coefficient of equivalised disposable income,european union,,,,0.308
2016,gini coefficient,<u>time series of the indicator:</u> gini coefficient of equivalised disposable income,european union,,,,0.306
2017,gini coefficient,<u>time series of the indicator:</u> gini coefficient of equivalised disposable income,european union,,,,0.303
2018,gini coefficient,<u>time series of the indicator:</u> gini coefficient of equivalised disposable income,european union,,,,0.304
2019,gini coefficient,<u>time series of the indicator:</u> gini coefficient of equivalised disposable income,european union,,,,0.302
2020,gini coefficient,<u>time series of the indicator:</u> gini coefficient of equivalised disposable income,european union,,,,0.3
2021,gini coefficient,<u>time series of the indicator:</u> gini coefficient of equivalised disposable income,european union,,,,0.302
2022,gini coefficient,<u>time series of the indicator:</u> gini coefficient of equivalised disposable income,european union,,,,0.296
2023,gini coefficient,<u>time series of the indicator:</u> gini coefficient of equivalised disposable income,european union,,,,0.296
2024,gini coefficient,<u>time series of the indicator:</u> gini coefficient of equivalised disposable income,european union,,,,0.293
2007,gini coefficient,<u>additional time series:</u> gini coefficient of equivalised disposable income before social transfers,germany,,,,0.373
2008,gini coefficient,<u>additional time series:</u> gini coefficient of equivalised disposable income before social transfers,germany,,,,0.367
2009,gini coefficient,<u>additional time series:</u> gini coefficient of equivalised disposable income before social transfers,germany,,,,0.355
2010,gini coefficient,<u>additional time series:</u> gini coefficient of equivalised disposable income before social transfers,germany,,,,0.359
2011,gini coefficient,<u>additional time series:</u> gini coefficient of equivalised disposable income before social transfers,germany,,,,0.358
2012,gini coefficient,<u>additional time series:</u> gini coefficient of equivalised disposable income before social transfers,germany,,,,0.345
2013,gini coefficient,<u>additional time series:</u> gini coefficient of equivalised disposable income before social transfers,germany,,,,0.362
2014,gini coefficient,<u>additional time series:</u> gini coefficient of equivalised disposable income before social transfers,germany,,,,0.371
2015,gini coefficient,<u>additional time series:</u> gini coefficient of equivalised disposable income before social transfers,germany,,,,0.363
2016,gini coefficient,<u>additional time series:</u> gini coefficient of equivalised disposable income before social transfers,germany,,,,0.359
2017,gini coefficient,<u>additional time series:</u> gini coefficient of equivalised disposable income before social transfers,germany,,,,0.35
2018,gini coefficient,<u>additional time series:</u> gini coefficient of equivalised disposable income before social transfers,germany,,,,0.366
2019,gini coefficient,<u>additional time series:</u> gini coefficient of equivalised disposable income before social transfers,germany,,,,0.352
2020,gini coefficient,<u>additional time series:</u> gini coefficient of equivalised disposable income before social transfers,germany,,,,0.362
2021,gini coefficient,<u>additional time series:</u> gini coefficient of equivalised disposable income before social transfers,germany,,,,0.381
2022,gini coefficient,<u>additional time series:</u> gini coefficient of equivalised disposable income before social transfers,germany,r,,,0.356
2023,gini coefficient,<u>additional time series:</u> gini coefficient of equivalised disposable income before social transfers,germany,,,,0.358
2024,gini coefficient,<u>additional time series:</u> gini coefficient of equivalised disposable income before social transfers,germany,,,,0.355
2007,gini coefficient,<u>additional time series:</u> gini coefficient of equivalised disposable income before social transfers,european union,,,,0.361
2008,gini coefficient,<u>additional time series:</u> gini coefficient of equivalised disposable income before social transfers,european union,,,,0.361
2009,gini coefficient,<u>additional time series:</u> gini coefficient of equivalised disposable income before social transfers,european union,,,,0.36
2010,gini coefficient,<u>additional time series:</u> gini coefficient of equivalised disposable income before social transfers,european union,,,,0.363
2011,gini coefficient,<u>additional time series:</u> gini coefficient of equivalised disposable income before social transfers,european union,,,,0.366
2012,gini coefficient,<u>additional time series:</u> gini coefficient of equivalised disposable income before social transfers,european union,,,,0.36
2013,gini coefficient,<u>additional time series:</u> gini coefficient of equivalised disposable income before social transfers,european union,,,,0.363
2014,gini coefficient,<u>additional time series:</u> gini coefficient of equivalised disposable income before social transfers,european union,,,,0.366
2015,gini coefficient,<u>additional time series:</u> gini coefficient of equivalised disposable income before social transfers,european union,,,,0.365
2016,gini coefficient,<u>additional time series:</u> gini coefficient of equivalised disposable income before social transfers,european union,,,,0.362
2017,gini coefficient,<u>additional time series:</u> gini coefficient of equivalised disposable income before social transfers,european union,,,,0.359
2018,gini coefficient,<u>additional time series:</u> gini coefficient of equivalised disposable income before social transfers,european union,,,,0.359
2019,gini coefficient,<u>additional time series:</u> gini coefficient of equivalised disposable income before social transfers,european union,s,,,0.355
2020,gini coefficient,<u>additional time series:</u> gini coefficient of equivalised disposable income before social transfers,european union,,,,0.349
2021,gini coefficient,<u>additional time series:</u> gini coefficient of equivalised disposable income before social transfers,european union,,,,0.36
2022,gini coefficient,<u>additional time series:</u> gini coefficient of equivalised disposable income before social transfers,european union,,,,0.349
2023,gini coefficient,<u>additional time series:</u> gini coefficient of equivalised disposable income before social transfers,european union,,,,0.347
2024,gini coefficient,<u>additional time series:</u> gini coefficient of equivalised disposable income before social transfers,european union,,,,0.344
2007,gini coefficient,<u>additional time series:</u> gini coefficient of equivalised market income,germany,.,,,
2008,gini coefficient,<u>additional time series:</u> gini coefficient of equivalised market income,germany,.,,,
2009,gini coefficient,<u>additional time series:</u> gini coefficient of equivalised market income,germany,.,,,
2010,gini coefficient,<u>additional time series:</u> gini coefficient of equivalised market income,germany,.,,,
2011,gini coefficient,<u>additional time series:</u> gini coefficient of equivalised market income,germany,.,,,
2012,gini coefficient,<u>additional time series:</u> gini coefficient of equivalised market income,germany,.,,,
2013,gini coefficient,<u>additional time series:</u> gini coefficient of equivalised market income,germany,.,,,
2014,gini coefficient,<u>additional time series:</u> gini coefficient of equivalised market income,germany,.,,,
2015,gini coefficient,<u>additional time series:</u> gini coefficient of equivalised market income,germany,.,,,
2016,gini coefficient,<u>additional time series:</u> gini coefficient of equivalised market income,germany,.,,,
2017,gini coefficient,<u>additional time series:</u> gini coefficient of equivalised market income,germany,.,,,
2018,gini coefficient,<u>additional time series:</u> gini coefficient of equivalised market income,germany,.,,,
2019,gini coefficient,<u>additional time series:</u> gini coefficient of equivalised market income,germany,.,,,
2020,gini coefficient,<u>additional time series:</u> gini coefficient of equivalised market income,germany,,,,0.409
2021,gini coefficient,<u>additional time series:</u> gini coefficient of equivalised market income,germany,,,,0.454
2022,gini coefficient,<u>additional time series:</u> gini coefficient of equivalised market income,germany,,,,0.46
2023,gini coefficient,<u>additional time series:</u> gini coefficient of equivalised market income,germany,,,,0.461
2024,gini coefficient,<u>additional time series:</u> gini coefficient of equivalised market income,germany,,,,0.477
2007,gini coefficient,<u>additional time series:</u> gini coefficient of wealth,germany,.,,,
2008,gini coefficient,<u>additional time series:</u> gini coefficient of wealth,germany,.,,,
2009,gini coefficient,<u>additional time series:</u> gini coefficient of wealth,germany,.,,,
2010,gini coefficient,<u>additional time series:</u> gini coefficient of wealth,germany,,,,0.758
2011,gini coefficient,<u>additional time series:</u> gini coefficient of wealth,germany,.,,,
2012,gini coefficient,<u>additional time series:</u> gini coefficient of wealth,germany,.,,,
2013,gini coefficient,<u>additional time series:</u> gini coefficient of wealth,germany,.,,,
2014,gini coefficient,<u>additional time series:</u> gini coefficient of wealth,germany,,,,0.762
2015,gini coefficient,<u>additional time series:</u> gini coefficient of wealth,germany,.,,,
2016,gini coefficient,<u>additional time series:</u> gini coefficient of wealth,germany,.,,,
2017,gini coefficient,<u>additional time series:</u> gini coefficient of wealth,germany,,,,0.739
2018,gini coefficient,<u>additional time series:</u> gini coefficient of wealth,germany,.,,,
2019,gini coefficient,<u>additional time series:</u> gini coefficient of wealth,germany,.,,,
2020,gini coefficient,<u>additional time series:</u> gini coefficient of wealth,germany,.,,,
2021,gini coefficient,<u>additional time series:</u> gini coefficient of wealth,germany,,,,0.728
2022,gini coefficient,<u>additional time series:</u> gini coefficient of wealth,germany,.,,,
2023,gini coefficient,<u>additional time series:</u> gini coefficient of wealth,germany,,,,0.724
2024,gini coefficient,<u>additional time series:</u> gini coefficient of wealth,germany,…,,,
2007,gini coefficient,<u>additional time series:</u> gini coefficient of wealth,eurozone,.,,,
2008,gini coefficient,<u>additional time series:</u> gini coefficient of wealth,eurozone,.,,,
2009,gini coefficient,<u>additional time series:</u> gini coefficient of wealth,eurozone,.,,,
2010,gini coefficient,<u>additional time series:</u> gini coefficient of wealth,eurozone,,,,0.68
2011,gini coefficient,<u>additional time series:</u> gini coefficient of wealth,eurozone,.,,,
2012,gini coefficient,<u>additional time series:</u> gini coefficient of wealth,eurozone,.,,,
2013,gini coefficient,<u>additional time series:</u> gini coefficient of wealth,eurozone,.,,,
2014,gini coefficient,<u>additional time series:</u> gini coefficient of wealth,eurozone,,,,0.685
2015,gini coefficient,<u>additional time series:</u> gini coefficient of wealth,eurozone,.,,,
2016,gini coefficient,<u>additional time series:</u> gini coefficient of wealth,eurozone,.,,,
2017,gini coefficient,<u>additional time series:</u> gini coefficient of wealth,eurozone,,,,0.695
2018,gini coefficient,<u>additional time series:</u> gini coefficient of wealth,eurozone,.,,,
2019,gini coefficient,<u>additional time series:</u> gini coefficient of wealth,eurozone,.,,,
2020,gini coefficient,<u>additional time series:</u> gini coefficient of wealth,eurozone,.,,,
2021,gini coefficient,<u>additional time series:</u> gini coefficient of wealth,eurozone,,,,0.694
2022,gini coefficient,<u>additional time series:</u> gini coefficient of wealth,eurozone,…,,,
2023,gini coefficient,<u>additional time series:</u> gini coefficient of wealth,eurozone,…,,,
2024,gini coefficient,<u>additional time series:</u> gini coefficient of wealth,eurozone,…,,,
2007,gini coefficient,<u>additional time series:</u> gini coefficient of equivalised disposable income before social transfers,,.,baden-wuerttemberg,code08,
2008,gini coefficient,<u>additional time series:</u> gini coefficient of equivalised disposable income before social transfers,,.,baden-wuerttemberg,code08,
2009,gini coefficient,<u>additional time series:</u> gini coefficient of equivalised disposable income before social transfers,,.,baden-wuerttemberg,code08,
2010,gini coefficient,<u>additional time series:</u> gini coefficient of equivalised disposable income before social transfers,,.,baden-wuerttemberg,code08,
2011,gini coefficient,<u>additional time series:</u> gini coefficient of equivalised disposable income before social transfers,,.,baden-wuerttemberg,code08,
2012,gini coefficient,<u>additional time series:</u> gini coefficient of equivalised disposable income before social transfers,,.,baden-wuerttemberg,code08,
2013,gini coefficient,<u>additional time series:</u> gini coefficient of equivalised disposable income before social transfers,,.,baden-wuerttemberg,code08,
2014,gini coefficient,<u>additional time series:</u> gini coefficient of equivalised disposable income before social transfers,,.,baden-wuerttemberg,code08,
2015,gini coefficient,<u>additional time series:</u> gini coefficient of equivalised disposable income before social transfers,,.,baden-wuerttemberg,code08,
2016,gini coefficient,<u>additional time series:</u> gini coefficient of equivalised disposable income before social transfers,,.,baden-wuerttemberg,code08,
2017,gini coefficient,<u>additional time series:</u> gini coefficient of equivalised disposable income before social transfers,,.,baden-wuerttemberg,code08,
2018,gini coefficient,<u>additional time series:</u> gini coefficient of equivalised disposable income before social transfers,,.,baden-wuerttemberg,code08,
2019,gini coefficient,<u>additional time series:</u> gini coefficient of equivalised disposable income before social transfers,,.,baden-wuerttemberg,code08,
2020,gini coefficient,<u>additional time series:</u> gini coefficient of equivalised disposable income before social transfers,,,baden-wuerttemberg,code08,0.29
2021,gini coefficient,<u>additional time series:</u> gini coefficient of equivalised disposable income before social transfers,,,baden-wuerttemberg,code08,0.29
2022,gini coefficient,<u>additional time series:</u> gini coefficient of equivalised disposable income before social transfers,,,baden-wuerttemberg,code08,0.29
2023,gini coefficient,<u>additional time series:</u> gini coefficient of equivalised disposable income before social transfers,,,baden-wuerttemberg,code08,0.29
2024,gini coefficient,<u>additional time series:</u> gini coefficient of equivalised disposable income before social transfers,,…,baden-wuerttemberg,code08,
2007,gini coefficient,<u>additional time series:</u> gini coefficient of equivalised disposable income before social transfers,,.,bavaria,code09,
2008,gini coefficient,<u>additional time series:</u> gini coefficient of equivalised disposable income before social transfers,,.,bavaria,code09,
2009,gini coefficient,<u>additional time series:</u> gini coefficient of equivalised disposable income before social transfers,,.,bavaria,code09,
2010,gini coefficient,<u>additional time series:</u> gini coefficient of equivalised disposable income before social transfers,,.,bavaria,code09,
2011,gini coefficient,<u>additional time series:</u> gini coefficient of equivalised disposable income before social transfers,,.,bavaria,code09,
2012,gini coefficient,<u>additional time series:</u> gini coefficient of equivalised disposable income before social transfers,,.,bavaria,code09,
2013,gini coefficient,<u>additional time series:</u> gini coefficient of equivalised disposable income before social transfers,,.,bavaria,code09,
2014,gini coefficient,<u>additional time series:</u> gini coefficient of equivalised disposable income before social transfers,,.,bavaria,code09,
2015,gini coefficient,<u>additional time series:</u> gini coefficient of equivalised disposable income before social transfers,,.,bavaria,code09,
2016,gini coefficient,<u>additional time series:</u> gini coefficient of equivalised disposable income before social transfers,,.,bavaria,code09,
2017,gini coefficient,<u>additional time series:</u> gini coefficient of equivalised disposable income before social transfers,,.,bavaria,code09,
2018,gini coefficient,<u>additional time series:</u> gini coefficient of equivalised disposable income before social transfers,,.,bavaria,code09,
2019,gini coefficient,<u>additional time series:</u> gini coefficient of equivalised disposable income before social transfers,,.,bavaria,code09,
2020,gini coefficient,<u>additional time series:</u> gini coefficient of equivalised disposable income before social transfers,,,bavaria,code09,0.29
2021,gini coefficient,<u>additional time series:</u> gini coefficient of equivalised disposable income before social transfers,,,bavaria,code09,0.3
2022,gini coefficient,<u>additional time series:</u> gini coefficient of equivalised disposable income before social transfers,,,bavaria,code09,0.3
2023,gini coefficient,<u>additional time series:</u> gini coefficient of equivalised disposable income before social transfers,,,bavaria,code09,0.3
2024,gini coefficient,<u>additional time series:</u> gini coefficient of equivalised disposable income before social transfers,,…,bavaria,code09,
2007,gini coefficient,<u>additional time series:</u> gini coefficient of equivalised disposable income before social transfers,,.,berlin,code11,
2008,gini coefficient,<u>additional time series:</u> gini coefficient of equivalised disposable income before social transfers,,.,berlin,code11,
2009,gini coefficient,<u>additional time series:</u> gini coefficient of equivalised disposable income before social transfers,,.,berlin,code11,
2010,gini coefficient,<u>additional time series:</u> gini coefficient of equivalised disposable income before social transfers,,.,berlin,code11,
2011,gini coefficient,<u>additional time series:</u> gini coefficient of equivalised disposable income before social transfers,,.,berlin,code11,
2012,gini coefficient,<u>additional time series:</u> gini coefficient of equivalised disposable income before social transfers,,.,berlin,code11,
2013,gini coefficient,<u>additional time series:</u> gini coefficient of equivalised disposable income before social transfers,,.,berlin,code11,
2014,gini coefficient,<u>additional time series:</u> gini coefficient of equivalised disposable income before social transfers,,.,berlin,code11,
2015,gini coefficient,<u>additional time series:</u> gini coefficient of equivalised disposable income before social transfers,,.,berlin,code11,
2016,gini coefficient,<u>additional time series:</u> gini coefficient of equivalised disposable income before social transfers,,.,berlin,code11,
2017,gini coefficient,<u>additional time series:</u> gini coefficient of equivalised disposable income before social transfers,,.,berlin,code11,
2018,gini coefficient,<u>additional time series:</u> gini coefficient of equivalised disposable income before social transfers,,.,berlin,code11,
2019,gini coefficient,<u>additional time series:</u> gini coefficient of equivalised disposable income before social transfers,,.,berlin,code11,
2020,gini coefficient,<u>additional time series:</u> gini coefficient of equivalised disposable income before social transfers,,,berlin,code11,0.32
2021,gini coefficient,<u>additional time series:</u> gini coefficient of equivalised disposable income before social transfers,,,berlin,code11,0.32
2022,gini coefficient,<u>additional time series:</u> gini coefficient of equivalised disposable income before social transfers,,,berlin,code11,0.31
2023,gini coefficient,<u>additional time series:</u> gini coefficient of equivalised disposable income before social transfers,,,berlin,code11,0.32
2024,gini coefficient,<u>additional time series:</u> gini coefficient of equivalised disposable income before social transfers,,…,berlin,code11,
2007,gini coefficient,<u>additional time series:</u> gini coefficient of equivalised disposable income before social transfers,,.,brandenburg,code12,
2008,gini coefficient,<u>additional time series:</u> gini coefficient of equivalised disposable income before social transfers,,.,brandenburg,code12,
2009,gini coefficient,<u>additional time series:</u> gini coefficient of equivalised disposable income before social transfers,,.,brandenburg,code12,
2010,gini coefficient,<u>additional time series:</u> gini coefficient of equivalised disposable income before social transfers,,.,brandenburg,code12,
2011,gini coefficient,<u>additional time series:</u> gini coefficient of equivalised disposable income before social transfers,,.,brandenburg,code12,
2012,gini coefficient,<u>additional time series:</u> gini coefficient of equivalised disposable income before social transfers,,.,brandenburg,code12,
2013,gini coefficient,<u>additional time series:</u> gini coefficient of equivalised disposable income before social transfers,,.,brandenburg,code12,
2014,gini coefficient,<u>additional time series:</u> gini coefficient of equivalised disposable income before social transfers,,.,brandenburg,code12,
2015,gini coefficient,<u>additional time series:</u> gini coefficient of equivalised disposable income before social transfers,,.,brandenburg,code12,
2016,gini coefficient,<u>additional time series:</u> gini coefficient of equivalised disposable income before social transfers,,.,brandenburg,code12,
2017,gini coefficient,<u>additional time series:</u> gini coefficient of equivalised disposable income before social transfers,,.,brandenburg,code12,
2018,gini coefficient,<u>additional time series:</u> gini coefficient of equivalised disposable income before social transfers,,.,brandenburg,code12,
2019,gini coefficient,<u>additional time series:</u> gini coefficient of equivalised disposable income before social transfers,,.,brandenburg,code12,
2020,gini coefficient,<u>additional time series:</u> gini coefficient of equivalised disposable income before social transfers,,,brandenburg,code12,0.28
2021,gini coefficient,<u>additional time series:</u> gini coefficient of equivalised disposable income before social transfers,,,brandenburg,code12,0.28
2022,gini coefficient,<u>additional time series:</u> gini coefficient of equivalised disposable income before social transfers,,,brandenburg,code12,0.27
2023,gini coefficient,<u>additional time series:</u> gini coefficient of equivalised disposable income before social transfers,,,brandenburg,code12,0.27
2024,gini coefficient,<u>additional time series:</u> gini coefficient of equivalised disposable income before social transfers,,…,brandenburg,code12,
2007,gini coefficient,<u>additional time series:</u> gini coefficient of equivalised disposable income before social transfers,,.,bremen,code04,
2008,gini coefficient,<u>additional time series:</u> gini coefficient of equivalised disposable income before social transfers,,.,bremen,code04,
2009,gini coefficient,<u>additional time series:</u> gini coefficient of equivalised disposable income before social transfers,,.,bremen,code04,
2010,gini coefficient,<u>additional time series:</u> gini coefficient of equivalised disposable income before social transfers,,.,bremen,code04,
2011,gini coefficient,<u>additional time series:</u> gini coefficient of equivalised disposable income before social transfers,,.,bremen,code04,
2012,gini coefficient,<u>additional time series:</u> gini coefficient of equivalised disposable income before social transfers,,.,bremen,code04,
2013,gini coefficient,<u>additional time series:</u> gini coefficient of equivalised disposable income before social transfers,,.,bremen,code04,
2014,gini coefficient,<u>additional time series:</u> gini coefficient of equivalised disposable income before social transfers,,.,bremen,code04,
2015,gini coefficient,<u>additional time series:</u> gini coefficient of equivalised disposable income before social transfers,,.,bremen,code04,
2016,gini coefficient,<u>additional time series:</u> gini coefficient of equivalised disposable income before social transfers,,.,bremen,code04,
2017,gini coefficient,<u>additional time series:</u> gini coefficient of equivalised disposable income before social transfers,,.,bremen,code04,
2018,gini coefficient,<u>additional time series:</u> gini coefficient of equivalised disposable income before social transfers,,.,bremen,code04,
2019,gini coefficient,<u>additional time series:</u> gini coefficient of equivalised disposable income before social transfers,,.,bremen,code04,
2020,gini coefficient,<u>additional time series:</u> gini coefficient of equivalised disposable income before social transfers,,,bremen,code04,0.32
2021,gini coefficient,<u>additional time series:</u> gini coefficient of equivalised disposable income before social transfers,,,bremen,code04,0.33
2022,gini coefficient,<u>additional time series:</u> gini coefficient of equivalised disposable income before social transfers,,,bremen,code04,0.31
2023,gini coefficient,<u>additional time series:</u> gini coefficient of equivalised disposable income before social transfers,,,bremen,code04,0.31
2024,gini coefficient,<u>additional time series:</u> gini coefficient of equivalised disposable income before social transfers,,…,bremen,code04,
2007,gini coefficient,<u>additional time series:</u> gini coefficient of equivalised disposable income before social transfers,,.,hamburg,code02,
2008,gini coefficient,<u>additional time series:</u> gini coefficient of equivalised disposable income before social transfers,,.,hamburg,code02,
2009,gini coefficient,<u>additional time series:</u> gini coefficient of equivalised disposable income before social transfers,,.,hamburg,code02,
2010,gini coefficient,<u>additional time series:</u> gini coefficient of equivalised disposable income before social transfers,,.,hamburg,code02,
2011,gini coefficient,<u>additional time series:</u> gini coefficient of equivalised disposable income before social transfers,,.,hamburg,code02,
2012,gini coefficient,<u>additional time series:</u> gini coefficient of equivalised disposable income before social transfers,,.,hamburg,code02,
2013,gini coefficient,<u>additional time series:</u> gini coefficient of equivalised disposable income before social transfers,,.,hamburg,code02,
2014,gini coefficient,<u>additional time series:</u> gini coefficient of equivalised disposable income before social transfers,,.,hamburg,code02,
2015,gini coefficient,<u>additional time series:</u> gini coefficient of equivalised disposable income before social transfers,,.,hamburg,code02,
2016,gini coefficient,<u>additional time series:</u> gini coefficient of equivalised disposable income before social transfers,,.,hamburg,code02,
2017,gini coefficient,<u>additional time series:</u> gini coefficient of equivalised disposable income before social transfers,,.,hamburg,code02,
2018,gini coefficient,<u>additional time series:</u> gini coefficient of equivalised disposable income before social transfers,,.,hamburg,code02,
2019,gini coefficient,<u>additional time series:</u> gini coefficient of equivalised disposable income before social transfers,,.,hamburg,code02,
2020,gini coefficient,<u>additional time series:</u> gini coefficient of equivalised disposable income before social transfers,,,hamburg,code02,0.31
2021,gini coefficient,<u>additional time series:</u> gini coefficient of equivalised disposable income before social transfers,,,hamburg,code02,0.33
2022,gini coefficient,<u>additional time series:</u> gini coefficient of equivalised disposable income before social transfers,,,hamburg,code02,0.33
2023,gini coefficient,<u>additional time series:</u> gini coefficient of equivalised disposable income before social transfers,,,hamburg,code02,0.32
2024,gini coefficient,<u>additional time series:</u> gini coefficient of equivalised disposable income before social transfers,,…,hamburg,code02,
2007,gini coefficient,<u>additional time series:</u> gini coefficient of equivalised disposable income before social transfers,,.,hesse,code06,
2008,gini coefficient,<u>additional time series:</u> gini coefficient of equivalised disposable income before social transfers,,.,hesse,code06,
2009,gini coefficient,<u>additional time series:</u> gini coefficient of equivalised disposable income before social transfers,,.,hesse,code06,
2010,gini coefficient,<u>additional time series:</u> gini coefficient of equivalised disposable income before social transfers,,.,hesse,code06,
2011,gini coefficient,<u>additional time series:</u> gini coefficient of equivalised disposable income before social transfers,,.,hesse,code06,
2012,gini coefficient,<u>additional time series:</u> gini coefficient of equivalised disposable income before social transfers,,.,hesse,code06,
2013,gini coefficient,<u>additional time series:</u> gini coefficient of equivalised disposable income before social transfers,,.,hesse,code06,
2014,gini coefficient,<u>additional time series:</u> gini coefficient of equivalised disposable income before social transfers,,.,hesse,code06,
2015,gini coefficient,<u>additional time series:</u> gini coefficient of equivalised disposable income before social transfers,,.,hesse,code06,
2016,gini coefficient,<u>additional time series:</u> gini coefficient of equivalised disposable income before social transfers,,.,hesse,code06,
2017,gini coefficient,<u>additional time series:</u> gini coefficient of equivalised disposable income before social transfers,,.,hesse,code06,
2018,gini coefficient,<u>additional time series:</u> gini coefficient of equivalised disposable income before social transfers,,.,hesse,code06,
2019,gini coefficient,<u>additional time series:</u> gini coefficient of equivalised disposable income before social transfers,,.,hesse,code06,
2020,gini coefficient,<u>additional time series:</u> gini coefficient of equivalised disposable income before social transfers,,,hesse,code06,0.32
2021,gini coefficient,<u>additional time series:</u> gini coefficient of equivalised disposable income before social transfers,,,hesse,code06,0.32
2022,gini coefficient,<u>additional time series:</u> gini coefficient of equivalised disposable income before social transfers,,,hesse,code06,0.31
2023,gini coefficient,<u>additional time series:</u> gini coefficient of equivalised disposable income before social transfers,,,hesse,code06,0.32
2024,gini coefficient,<u>additional time series:</u> gini coefficient of equivalised disposable income before social transfers,,…,hesse,code06,
2007,gini coefficient,<u>additional time series:</u> gini coefficient of equivalised disposable income before social transfers,,.,mecklenburg western pomerania,code13,
2008,gini coefficient,<u>additional time series:</u> gini coefficient of equivalised disposable income before social transfers,,.,mecklenburg western pomerania,code13,
2009,gini coefficient,<u>additional time series:</u> gini coefficient of equivalised disposable income before social transfers,,.,mecklenburg western pomerania,code13,
2010,gini coefficient,<u>additional time series:</u> gini coefficient of equivalised disposable income before social transfers,,.,mecklenburg western pomerania,code13,
2011,gini coefficient,<u>additional time series:</u> gini coefficient of equivalised disposable income before social transfers,,.,mecklenburg western pomerania,code13,
2012,gini coefficient,<u>additional time series:</u> gini coefficient of equivalised disposable income before social transfers,,.,mecklenburg western pomerania,code13,
2013,gini coefficient,<u>additional time series:</u> gini coefficient of equivalised disposable income before social transfers,,.,mecklenburg western pomerania,code13,
2014,gini coefficient,<u>additional time series:</u> gini coefficient of equivalised disposable income before social transfers,,.,mecklenburg western pomerania,code13,
2015,gini coefficient,<u>additional time series:</u> gini coefficient of equivalised disposable income before social transfers,,.,mecklenburg western pomerania,code13,
2016,gini coefficient,<u>additional time series:</u> gini coefficient of equivalised disposable income before social transfers,,.,mecklenburg western pomerania,code13,
2017,gini coefficient,<u>additional time series:</u> gini coefficient of equivalised disposable income before social transfers,,.,mecklenburg western pomerania,code13,
2018,gini coefficient,<u>additional time series:</u> gini coefficient of equivalised disposable income before social transfers,,.,mecklenburg western pomerania,code13,
2019,gini coefficient,<u>additional time series:</u> gini coefficient of equivalised disposable income before social transfers,,.,mecklenburg western pomerania,code13,
2020,gini coefficient,<u>additional time series:</u> gini coefficient of equivalised disposable income before social transfers,,,mecklenburg western pomerania,code13,0.26
2021,gini coefficient,<u>additional time series:</u> gini coefficient of equivalised disposable income before social transfers,,,mecklenburg western pomerania,code13,0.25
2022,gini coefficient,<u>additional time series:</u> gini coefficient of equivalised disposable income before social transfers,,,mecklenburg western pomerania,code13,0.25
2023,gini coefficient,<u>additional time series:</u> gini coefficient of equivalised disposable income before social transfers,,,mecklenburg western pomerania,code13,0.26
2024,gini coefficient,<u>additional time series:</u> gini coefficient of equivalised disposable income before social transfers,,…,mecklenburg western pomerania,code13,
2007,gini coefficient,<u>additional time series:</u> gini coefficient of equivalised disposable income before social transfers,,.,lower saxony,code03,
2008,gini coefficient,<u>additional time series:</u> gini coefficient of equivalised disposable income before social transfers,,.,lower saxony,code03,
2009,gini coefficient,<u>additional time series:</u> gini coefficient of equivalised disposable income before social transfers,,.,lower saxony,code03,
2010,gini coefficient,<u>additional time series:</u> gini coefficient of equivalised disposable income before social transfers,,.,lower saxony,code03,
2011,gini coefficient,<u>additional time series:</u> gini coefficient of equivalised disposable income before social transfers,,.,lower saxony,code03,
2012,gini coefficient,<u>additional time series:</u> gini coefficient of equivalised disposable income before social transfers,,.,lower saxony,code03,
2013,gini coefficient,<u>additional time series:</u> gini coefficient of equivalised disposable income before social transfers,,.,lower saxony,code03,
2014,gini coefficient,<u>additional time series:</u> gini coefficient of equivalised disposable income before social transfers,,.,lower saxony,code03,
2015,gini coefficient,<u>additional time series:</u> gini coefficient of equivalised disposable income before social transfers,,.,lower saxony,code03,
2016,gini coefficient,<u>additional time series:</u> gini coefficient of equivalised disposable income before social transfers,,.,lower saxony,code03,
2017,gini coefficient,<u>additional time series:</u> gini coefficient of equivalised disposable income before social transfers,,.,lower saxony,code03,
2018,gini coefficient,<u>additional time series:</u> gini coefficient of equivalised disposable income before social transfers,,.,lower saxony,code03,
2019,gini coefficient,<u>additional time series:</u> gini coefficient of equivalised disposable income before social transfers,,.,lower saxony,code03,
2020,gini coefficient,<u>additional time series:</u> gini coefficient of equivalised disposable income before social transfers,,,lower saxony,code03,0.29
2021,gini coefficient,<u>additional time series:</u> gini coefficient of equivalised disposable income before social transfers,,,lower saxony,code03,0.3
2022,gini coefficient,<u>additional time series:</u> gini coefficient of equivalised disposable income before social transfers,,,lower saxony,code03,0.3
2023,gini coefficient,<u>additional time series:</u> gini coefficient of equivalised disposable income before social transfers,,,lower saxony,code03,0.29
2024,gini coefficient,<u>additional time series:</u> gini coefficient of equivalised disposable income before social transfers,,…,lower saxony,code03,
2007,gini coefficient,<u>additional time series:</u> gini coefficient of equivalised disposable income before social transfers,,.,north rhine-westphalia,code05,
2008,gini coefficient,<u>additional time series:</u> gini coefficient of equivalised disposable income before social transfers,,.,north rhine-westphalia,code05,
2009,gini coefficient,<u>additional time series:</u> gini coefficient of equivalised disposable income before social transfers,,.,north rhine-westphalia,code05,
2010,gini coefficient,<u>additional time series:</u> gini coefficient of equivalised disposable income before social transfers,,.,north rhine-westphalia,code05,
2011,gini coefficient,<u>additional time series:</u> gini coefficient of equivalised disposable income before social transfers,,.,north rhine-westphalia,code05,
2012,gini coefficient,<u>additional time series:</u> gini coefficient of equivalised disposable income before social transfers,,.,north rhine-westphalia,code05,
2013,gini coefficient,<u>additional time series:</u> gini coefficient of equivalised disposable income before social transfers,,.,north rhine-westphalia,code05,
2014,gini coefficient,<u>additional time series:</u> gini coefficient of equivalised disposable income before social transfers,,.,north rhine-westphalia,code05,
2015,gini coefficient,<u>additional time series:</u> gini coefficient of equivalised disposable income before social transfers,,.,north rhine-westphalia,code05,
2016,gini coefficient,<u>additional time series:</u> gini coefficient of equivalised disposable income before social transfers,,.,north rhine-westphalia,code05,
2017,gini coefficient,<u>additional time series:</u> gini coefficient of equivalised disposable income before social transfers,,.,north rhine-westphalia,code05,
2018,gini coefficient,<u>additional time series:</u> gini coefficient of equivalised disposable income before social transfers,,.,north rhine-westphalia,code05,
2019,gini coefficient,<u>additional time series:</u> gini coefficient of equivalised disposable income before social transfers,,.,north rhine-westphalia,code05,
2020,gini coefficient,<u>additional time series:</u> gini coefficient of equivalised disposable income before social transfers,,,north rhine-westphalia,code05,0.3
2021,gini coefficient,<u>additional time series:</u> gini coefficient of equivalised disposable income before social transfers,,,north rhine-westphalia,code05,0.32
2022,gini coefficient,<u>additional time series:</u> gini coefficient of equivalised disposable income before social transfers,,,north rhine-westphalia,code05,0.32
2023,gini coefficient,<u>additional time series:</u> gini coefficient of equivalised disposable income before social transfers,,,north rhine-westphalia,code05,0.31
2024,gini coefficient,<u>additional time series:</u> gini coefficient of equivalised disposable income before social transfers,,…,north rhine-westphalia,code05,
2007,gini coefficient,<u>additional time series:</u> gini coefficient of equivalised disposable income before social transfers,,.,rhineland palatinate,code07,
2008,gini coefficient,<u>additional time series:</u> gini coefficient of equivalised disposable income before social transfers,,.,rhineland palatinate,code07,
2009,gini coefficient,<u>additional time series:</u> gini coefficient of equivalised disposable income before social transfers,,.,rhineland palatinate,code07,
2010,gini coefficient,<u>additional time series:</u> gini coefficient of equivalised disposable income before social transfers,,.,rhineland palatinate,code07,
2011,gini coefficient,<u>additional time series:</u> gini coefficient of equivalised disposable income before social transfers,,.,rhineland palatinate,code07,
2012,gini coefficient,<u>additional time series:</u> gini coefficient of equivalised disposable income before social transfers,,.,rhineland palatinate,code07,
2013,gini coefficient,<u>additional time series:</u> gini coefficient of equivalised disposable income before social transfers,,.,rhineland palatinate,code07,
2014,gini coefficient,<u>additional time series:</u> gini coefficient of equivalised disposable income before social transfers,,.,rhineland palatinate,code07,
2015,gini coefficient,<u>additional time series:</u> gini coefficient of equivalised disposable income before social transfers,,.,rhineland palatinate,code07,
2016,gini coefficient,<u>additional time series:</u> gini coefficient of equivalised disposable income before social transfers,,.,rhineland palatinate,code07,
2017,gini coefficient,<u>additional time series:</u> gini coefficient of equivalised disposable income before social transfers,,.,rhineland palatinate,code07,
2018,gini coefficient,<u>additional time series:</u> gini coefficient of equivalised disposable income before social transfers,,.,rhineland palatinate,code07,
2019,gini coefficient,<u>additional time series:</u> gini coefficient of equivalised disposable income before social transfers,,.,rhineland palatinate,code07,
2020,gini coefficient,<u>additional time series:</u> gini coefficient of equivalised disposable income before social transfers,,,rhineland palatinate,code07,0.29
2021,gini coefficient,<u>additional time series:</u> gini coefficient of equivalised disposable income before social transfers,,,rhineland palatinate,code07,0.29
2022,gini coefficient,<u>additional time series:</u> gini coefficient of equivalised disposable income before social transfers,,,rhineland palatinate,code07,0.3
2023,gini coefficient,<u>additional time series:</u> gini coefficient of equivalised disposable income before social transfers,,,rhineland palatinate,code07,0.29
2024,gini coefficient,<u>additional time series:</u> gini coefficient of equivalised disposable income before social transfers,,…,rhineland palatinate,code07,
2007,gini coefficient,<u>additional time series:</u> gini coefficient of equivalised disposable income before social transfers,,.,saarland,code10,
2008,gini coefficient,<u>additional time series:</u> gini coefficient of equivalised disposable income before social transfers,,.,saarland,code10,
2009,gini coefficient,<u>additional time series:</u> gini coefficient of equivalised disposable income before social transfers,,.,saarland,code10,
2010,gini coefficient,<u>additional time series:</u> gini coefficient of equivalised disposable income before social transfers,,.,saarland,code10,
2011,gini coefficient,<u>additional time series:</u> gini coefficient of equivalised disposable income before social transfers,,.,saarland,code10,
2012,gini coefficient,<u>additional time series:</u> gini coefficient of equivalised disposable income before social transfers,,.,saarland,code10,
2013,gini coefficient,<u>additional time series:</u> gini coefficient of equivalised disposable income before social transfers,,.,saarland,code10,
2014,gini coefficient,<u>additional time series:</u> gini coefficient of equivalised disposable income before social transfers,,.,saarland,code10,
2015,gini coefficient,<u>additional time series:</u> gini coefficient of equivalised disposable income before social transfers,,.,saarland,code10,
2016,gini coefficient,<u>additional time series:</u> gini coefficient of equivalised disposable income before social transfers,,.,saarland,code10,
2017,gini coefficient,<u>additional time series:</u> gini coefficient of equivalised disposable income before social transfers,,.,saarland,code10,
2018,gini coefficient,<u>additional time series:</u> gini coefficient of equivalised disposable income before social transfers,,.,saarland,code10,
2019,gini coefficient,<u>additional time series:</u> gini coefficient of equivalised disposable income before social transfers,,.,saarland,code10,
2020,gini coefficient,<u>additional time series:</u> gini coefficient of equivalised disposable income before social transfers,,,saarland,code10,0.28
2021,gini coefficient,<u>additional time series:</u> gini coefficient of equivalised disposable income before social transfers,,,saarland,code10,0.29
2022,gini coefficient,<u>additional time series:</u> gini coefficient of equivalised disposable income before social transfers,,,saarland,code10,0.29
2023,gini coefficient,<u>additional time series:</u> gini coefficient of equivalised disposable income before social transfers,,,saarland,code10,0.29
2024,gini coefficient,<u>additional time series:</u> gini coefficient of equivalised disposable income before social transfers,,…,saarland,code10,
2007,gini coefficient,<u>additional time series:</u> gini coefficient of equivalised disposable income before social transfers,,.,saxony,code14,
2008,gini coefficient,<u>additional time series:</u> gini coefficient of equivalised disposable income before social transfers,,.,saxony,code14,
2009,gini coefficient,<u>additional time series:</u> gini coefficient of equivalised disposable income before social transfers,,.,saxony,code14,
2010,gini coefficient,<u>additional time series:</u> gini coefficient of equivalised disposable income before social transfers,,.,saxony,code14,
2011,gini coefficient,<u>additional time series:</u> gini coefficient of equivalised disposable income before social transfers,,.,saxony,code14,
2012,gini coefficient,<u>additional time series:</u> gini coefficient of equivalised disposable income before social transfers,,.,saxony,code14,
2013,gini coefficient,<u>additional time series:</u> gini coefficient of equivalised disposable income before social transfers,,.,saxony,code14,
2014,gini coefficient,<u>additional time series:</u> gini coefficient of equivalised disposable income before social transfers,,.,saxony,code14,
2015,gini coefficient,<u>additional time series:</u> gini coefficient of equivalised disposable income before social transfers,,.,saxony,code14,
2016,gini coefficient,<u>additional time series:</u> gini coefficient of equivalised disposable income before social transfers,,.,saxony,code14,
2017,gini coefficient,<u>additional time series:</u> gini coefficient of equivalised disposable income before social transfers,,.,saxony,code14,
2018,gini coefficient,<u>additional time series:</u> gini coefficient of equivalised disposable income before social transfers,,.,saxony,code14,
2019,gini coefficient,<u>additional time series:</u> gini coefficient of equivalised disposable income before social transfers,,.,saxony,code14,
2020,gini coefficient,<u>additional time series:</u> gini coefficient of equivalised disposable income before social transfers,,,saxony,code14,0.25
2021,gini coefficient,<u>additional time series:</u> gini coefficient of equivalised disposable income before social transfers,,,saxony,code14,0.26
2022,gini coefficient,<u>additional time series:</u> gini coefficient of equivalised disposable income before social transfers,,,saxony,code14,0.25
2023,gini coefficient,<u>additional time series:</u> gini coefficient of equivalised disposable income before social transfers,,,saxony,code14,0.25
2024,gini coefficient,<u>additional time series:</u> gini coefficient of equivalised disposable income before social transfers,,…,saxony,code14,
2007,gini coefficient,<u>additional time series:</u> gini coefficient of equivalised disposable income before social transfers,,.,saxony-anhalt,code15,
2008,gini coefficient,<u>additional time series:</u> gini coefficient of equivalised disposable income before social transfers,,.,saxony-anhalt,code15,
2009,gini coefficient,<u>additional time series:</u> gini coefficient of equivalised disposable income before social transfers,,.,saxony-anhalt,code15,
2010,gini coefficient,<u>additional time series:</u> gini coefficient of equivalised disposable income before social transfers,,.,saxony-anhalt,code15,
2011,gini coefficient,<u>additional time series:</u> gini coefficient of equivalised disposable income before social transfers,,.,saxony-anhalt,code15,
2012,gini coefficient,<u>additional time series:</u> gini coefficient of equivalised disposable income before social transfers,,.,saxony-anhalt,code15,
2013,gini coefficient,<u>additional time series:</u> gini coefficient of equivalised disposable income before social transfers,,.,saxony-anhalt,code15,
2014,gini coefficient,<u>additional time series:</u> gini coefficient of equivalised disposable income before social transfers,,.,saxony-anhalt,code15,
2015,gini coefficient,<u>additional time series:</u> gini coefficient of equivalised disposable income before social transfers,,.,saxony-anhalt,code15,
2016,gini coefficient,<u>additional time series:</u> gini coefficient of equivalised disposable income before social transfers,,.,saxony-anhalt,code15,
2017,gini coefficient,<u>additional time series:</u> gini coefficient of equivalised disposable income before social transfers,,.,saxony-anhalt,code15,
2018,gini coefficient,<u>additional time series:</u> gini coefficient of equivalised disposable income before social transfers,,.,saxony-anhalt,code15,
2019,gini coefficient,<u>additional time series:</u> gini coefficient of equivalised disposable income before social transfers,,.,saxony-anhalt,code15,
2020,gini coefficient,<u>additional time series:</u> gini coefficient of equivalised disposable income before social transfers,,,saxony-anhalt,code15,0.26
2021,gini coefficient,<u>additional time series:</u> gini coefficient of equivalised disposable income before social transfers,,,saxony-anhalt,code15,0.26
2022,gini coefficient,<u>additional time series:</u> gini coefficient of equivalised disposable income before social transfers,,,saxony-anhalt,code15,0.26
2023,gini coefficient,<u>additional time series:</u> gini coefficient of equivalised disposable income before social transfers,,,saxony-anhalt,code15,0.26
2024,gini coefficient,<u>additional time series:</u> gini coefficient of equivalised disposable income before social transfers,,…,saxony-anhalt,code15,
2007,gini coefficient,<u>additional time series:</u> gini coefficient of equivalised disposable income before social transfers,,.,schleswig-holstein,code01,
2008,gini coefficient,<u>additional time series:</u> gini coefficient of equivalised disposable income before social transfers,,.,schleswig-holstein,code01,
2009,gini coefficient,<u>additional time series:</u> gini coefficient of equivalised disposable income before social transfers,,.,schleswig-holstein,code01,
2010,gini coefficient,<u>additional time series:</u> gini coefficient of equivalised disposable income before social transfers,,.,schleswig-holstein,code01,
2011,gini coefficient,<u>additional time series:</u> gini coefficient of equivalised disposable income before social transfers,,.,schleswig-holstein,code01,
2012,gini coefficient,<u>additional time series:</u> gini coefficient of equivalised disposable income before social transfers,,.,schleswig-holstein,code01,
2013,gini coefficient,<u>additional time series:</u> gini coefficient of equivalised disposable income before social transfers,,.,schleswig-holstein,code01,
2014,gini coefficient,<u>additional time series:</u> gini coefficient of equivalised disposable income before social transfers,,.,schleswig-holstein,code01,
2015,gini coefficient,<u>additional time series:</u> gini coefficient of equivalised disposable income before social transfers,,.,schleswig-holstein,code01,
2016,gini coefficient,<u>additional time series:</u> gini coefficient of equivalised disposable income before social transfers,,.,schleswig-holstein,code01,
2017,gini coefficient,<u>additional time series:</u> gini coefficient of equivalised disposable income before social transfers,,.,schleswig-holstein,code01,
2018,gini coefficient,<u>additional time series:</u> gini coefficient of equivalised disposable income before social transfers,,.,schleswig-holstein,code01,
2019,gini coefficient,<u>additional time series:</u> gini coefficient of equivalised disposable income before social transfers,,.,schleswig-holstein,code01,
2020,gini coefficient,<u>additional time series:</u> gini coefficient of equivalised disposable income before social transfers,,,schleswig-holstein,code01,0.29
2021,gini coefficient,<u>additional time series:</u> gini coefficient of equivalised disposable income before social transfers,,,schleswig-holstein,code01,0.29
2022,gini coefficient,<u>additional time series:</u> gini coefficient of equivalised disposable income before social transfers,,,schleswig-holstein,code01,0.3
2023,gini coefficient,<u>additional time series:</u> gini coefficient of equivalised disposable income before social transfers,,,schleswig-holstein,code01,0.3
2024,gini coefficient,<u>additional time series:</u> gini coefficient of equivalised disposable income before social transfers,,…,schleswig-holstein,code01,
2007,gini coefficient,<u>additional time series:</u> gini coefficient of equivalised disposable income before social transfers,,.,thuringia,code16,
2008,gini coefficient,<u>additional time series:</u> gini coefficient of equivalised disposable income before social transfers,,.,thuringia,code16,
2009,gini coefficient,<u>additional time series:</u> gini coefficient of equivalised disposable income before social transfers,,.,thuringia,code16,
2010,gini coefficient,<u>additional time series:</u> gini coefficient of equivalised disposable income before social transfers,,.,thuringia,code16,
2011,gini coefficient,<u>additional time series:</u> gini coefficient of equivalised disposable income before social transfers,,.,thuringia,code16,
2012,gini coefficient,<u>additional time series:</u> gini coefficient of equivalised disposable income before social transfers,,.,thuringia,code16,
2013,gini coefficient,<u>additional time series:</u> gini coefficient of equivalised disposable income before social transfers,,.,thuringia,code16,
2014,gini coefficient,<u>additional time series:</u> gini coefficient of equivalised disposable income before social transfers,,.,thuringia,code16,
2015,gini coefficient,<u>additional time series:</u> gini coefficient of equivalised disposable income before social transfers,,.,thuringia,code16,
2016,gini coefficient,<u>additional time series:</u> gini coefficient of equivalised disposable income before social transfers,,.,thuringia,code16,
2017,gini coefficient,<u>additional time series:</u> gini coefficient of equivalised disposable income before social transfers,,.,thuringia,code16,
2018,gini coefficient,<u>additional time series:</u> gini coefficient of equivalised disposable income before social transfers,,.,thuringia,code16,
2019,gini coefficient,<u>additional time series:</u> gini coefficient of equivalised disposable income before social transfers,,.,thuringia,code16,
2020,gini coefficient,<u>additional time series:</u> gini coefficient of equivalised disposable income before social transfers,,,thuringia,code16,0.25
2021,gini coefficient,<u>additional time series:</u> gini coefficient of equivalised disposable income before social transfers,,,thuringia,code16,0.26
2022,gini coefficient,<u>additional time series:</u> gini coefficient of equivalised disposable income before social transfers,,,thuringia,code16,0.25
2023,gini coefficient,<u>additional time series:</u> gini coefficient of equivalised disposable income before social transfers,,,thuringia,code16,0.25
2024,gini coefficient,<u>additional time series:</u> gini coefficient of equivalised disposable income before social transfers,,…,thuringia,code16,
