Year,Units,time series,COMMENT_OBS_0,Value
1990,kilograms per hectare,moving five-year average shown for the last year,,
1991,kilograms per hectare,moving five-year average shown for the last year,,
1992,kilograms per hectare,moving five-year average shown for the last year,,
1993,kilograms per hectare,moving five-year average shown for the last year,,
1994,kilograms per hectare,moving five-year average shown for the last year,,116.698
1995,kilograms per hectare,moving five-year average shown for the last year,,111.062
1996,kilograms per hectare,moving five-year average shown for the last year,,109.15
1997,kilograms per hectare,moving five-year average shown for the last year,,107.528
1998,kilograms per hectare,moving five-year average shown for the last year,,107.9
1999,kilograms per hectare,moving five-year average shown for the last year,,108.84
2000,kilograms per hectare,moving five-year average shown for the last year,,109.302
2001,kilograms per hectare,moving five-year average shown for the last year,,108.148
2002,kilograms per hectare,moving five-year average shown for the last year,,108.544
2003,kilograms per hectare,moving five-year average shown for the last year,,107.998
2004,kilograms per hectare,moving five-year average shown for the last year,,105.204
2005,kilograms per hectare,moving five-year average shown for the last year,,102.638
2006,kilograms per hectare,moving five-year average shown for the last year,,103.336
2007,kilograms per hectare,moving five-year average shown for the last year,,102.164
2008,kilograms per hectare,moving five-year average shown for the last year,,101.68
2009,kilograms per hectare,moving five-year average shown for the last year,,98.898
2010,kilograms per hectare,moving five-year average shown for the last year,,96.338
2011,kilograms per hectare,moving five-year average shown for the last year,,96.468
2012,kilograms per hectare,moving five-year average shown for the last year,,94.992
2013,kilograms per hectare,moving five-year average shown for the last year,,93.484
2014,kilograms per hectare,moving five-year average shown for the last year,,94.234
2015,kilograms per hectare,moving five-year average shown for the last year,r,97.372
2016,kilograms per hectare,moving five-year average shown for the last year,r,96.646
2017,kilograms per hectare,moving five-year average shown for the last year,r,96.854
2018,kilograms per hectare,moving five-year average shown for the last year,r,95.894
2019,kilograms per hectare,moving five-year average shown for the last year,r,94.15
2020,kilograms per hectare,moving five-year average shown for the last year,r,89.384
2021,kilograms per hectare,moving five-year average shown for the last year,r,82.946
2022,kilograms per hectare,moving five-year average shown for the last year,p,76.706
2030,kilograms per hectare,moving five-year average shown for the last year,…,
1990,kilograms per hectare,calculated annual values,,141.6
1991,kilograms per hectare,calculated annual values,,117.23
1992,kilograms per hectare,calculated annual values,,112.2
1993,kilograms per hectare,calculated annual values,,106.06
1994,kilograms per hectare,calculated annual values,,106.4
1995,kilograms per hectare,calculated annual values,,113.42
1996,kilograms per hectare,calculated annual values,,107.67
1997,kilograms per hectare,calculated annual values,,104.09
1998,kilograms per hectare,calculated annual values,,107.92
1999,kilograms per hectare,calculated annual values,,111.1
2000,kilograms per hectare,calculated annual values,,115.73
2001,kilograms per hectare,calculated annual values,,101.9
2002,kilograms per hectare,calculated annual values,,106.07
2003,kilograms per hectare,calculated annual values,,105.19
2004,kilograms per hectare,calculated annual values,,97.13
2005,kilograms per hectare,calculated annual values,,102.9
2006,kilograms per hectare,calculated annual values,,105.39
2007,kilograms per hectare,calculated annual values,,100.21
2008,kilograms per hectare,calculated annual values,,102.77
2009,kilograms per hectare,calculated annual values,,83.22
2010,kilograms per hectare,calculated annual values,,90.1
2011,kilograms per hectare,calculated annual values,,106.04
2012,kilograms per hectare,calculated annual values,,92.83
2013,kilograms per hectare,calculated annual values,,95.23
2014,kilograms per hectare,calculated annual values,,86.97
2015,kilograms per hectare,calculated annual values,r,105.79
2016,kilograms per hectare,calculated annual values,r,102.41
2017,kilograms per hectare,calculated annual values,r,93.87
2018,kilograms per hectare,calculated annual values,r,90.43
2019,kilograms per hectare,calculated annual values,r,78.25
2020,kilograms per hectare,calculated annual values,r,81.96
2021,kilograms per hectare,calculated annual values,r,70.22
2022,kilograms per hectare,calculated annual values,p,62.67
2030,kilograms per hectare,calculated annual values,…,
