Year,Units,Series,COMMENT_OBS_0,länder,GeoCode,type of care,Value
2006,percentage,a) 0 to 2-year-olds,,,,,6.499
2007,percentage,a) 0 to 2-year-olds,,,,,7.321
2008,percentage,a) 0 to 2-year-olds,,,,,8.284
2009,percentage,a) 0 to 2-year-olds,,,,,9.87
2010,percentage,a) 0 to 2-year-olds,,,,,11.597
2011,percentage,a) 0 to 2-year-olds,,,,,12.94
2012,percentage,a) 0 to 2-year-olds,,,,,14.629
2013,percentage,a) 0 to 2-year-olds,,,,,15.758
2014,percentage,a) 0 to 2-year-olds,,,,,17.462
2015,percentage,a) 0 to 2-year-olds,,,,,18.065
2016,percentage,a) 0 to 2-year-olds,,,,,18.32
2017,percentage,a) 0 to 2-year-olds,,,,,18.478
2018,percentage,a) 0 to 2-year-olds,,,,,18.837
2019,percentage,a) 0 to 2-year-olds,,,,,19.321
2020,percentage,a) 0 to 2-year-olds,,,,,19.583
2021,percentage,a) 0 to 2-year-olds,,,,,18.942
2022,percentage,a) 0 to 2-year-olds,,,,,19.297
2023,percentage,a) 0 to 2-year-olds,,,,,19.659
2024,percentage,a) 0 to 2-year-olds,,,,,19.97
2030,percentage,a) 0 to 2-year-olds,…,,,,
2006,percentage,a) 0 to 2-year-olds,,baden-wuerttemberg,code08,,2.056
2007,percentage,a) 0 to 2-year-olds,,baden-wuerttemberg,code08,,2.647
2008,percentage,a) 0 to 2-year-olds,,baden-wuerttemberg,code08,,3.233
2009,percentage,a) 0 to 2-year-olds,,baden-wuerttemberg,code08,,3.965
2010,percentage,a) 0 to 2-year-olds,,baden-wuerttemberg,code08,,5.132
2011,percentage,a) 0 to 2-year-olds,,baden-wuerttemberg,code08,,6.134
2012,percentage,a) 0 to 2-year-olds,,baden-wuerttemberg,code08,,7.453
2013,percentage,a) 0 to 2-year-olds,,baden-wuerttemberg,code08,,8.305
2014,percentage,a) 0 to 2-year-olds,,baden-wuerttemberg,code08,,9.771
2015,percentage,a) 0 to 2-year-olds,,baden-wuerttemberg,code08,,10.364
2016,percentage,a) 0 to 2-year-olds,,baden-wuerttemberg,code08,,10.686
2017,percentage,a) 0 to 2-year-olds,,baden-wuerttemberg,code08,,10.8
2018,percentage,a) 0 to 2-year-olds,,baden-wuerttemberg,code08,,11.0
2019,percentage,a) 0 to 2-year-olds,,baden-wuerttemberg,code08,,11.1
2020,percentage,a) 0 to 2-year-olds,,baden-wuerttemberg,code08,,11.2
2021,percentage,a) 0 to 2-year-olds,,baden-wuerttemberg,code08,,10.7
2022,percentage,a) 0 to 2-year-olds,,baden-wuerttemberg,code08,,10.7
2023,percentage,a) 0 to 2-year-olds,,baden-wuerttemberg,code08,,10.8
2024,percentage,a) 0 to 2-year-olds,,baden-wuerttemberg,code08,,11.0
2030,percentage,a) 0 to 2-year-olds,…,baden-wuerttemberg,code08,,
2006,percentage,a) 0 to 2-year-olds,,bavaria,code09,,2.151
2007,percentage,a) 0 to 2-year-olds,,bavaria,code09,,2.714
2008,percentage,a) 0 to 2-year-olds,,bavaria,code09,,3.282
2009,percentage,a) 0 to 2-year-olds,,bavaria,code09,,3.928
2010,percentage,a) 0 to 2-year-olds,,bavaria,code09,,4.936
2011,percentage,a) 0 to 2-year-olds,,bavaria,code09,,5.901
2012,percentage,a) 0 to 2-year-olds,,bavaria,code09,,7.697
2013,percentage,a) 0 to 2-year-olds,,bavaria,code09,,8.591
2014,percentage,a) 0 to 2-year-olds,,bavaria,code09,,9.635
2015,percentage,a) 0 to 2-year-olds,,bavaria,code09,,10.153
2016,percentage,a) 0 to 2-year-olds,,bavaria,code09,,10.306
2017,percentage,a) 0 to 2-year-olds,,bavaria,code09,,10.4
2018,percentage,a) 0 to 2-year-olds,,bavaria,code09,,10.6
2019,percentage,a) 0 to 2-year-olds,,bavaria,code09,,11.0
2020,percentage,a) 0 to 2-year-olds,,bavaria,code09,,11.2
2021,percentage,a) 0 to 2-year-olds,,bavaria,code09,,10.4
2022,percentage,a) 0 to 2-year-olds,,bavaria,code09,,10.5
2023,percentage,a) 0 to 2-year-olds,,bavaria,code09,,10.7
2024,percentage,a) 0 to 2-year-olds,,bavaria,code09,,10.9
2030,percentage,a) 0 to 2-year-olds,…,bavaria,code09,,
2006,percentage,a) 0 to 2-year-olds,,berlin,code11,,20.753
2007,percentage,a) 0 to 2-year-olds,,berlin,code11,,21.699
2008,percentage,a) 0 to 2-year-olds,,berlin,code11,,22.622
2009,percentage,a) 0 to 2-year-olds,,berlin,code11,,24.44
2010,percentage,a) 0 to 2-year-olds,,berlin,code11,,26.016
2011,percentage,a) 0 to 2-year-olds,,berlin,code11,,27.039
2012,percentage,a) 0 to 2-year-olds,,berlin,code11,,28.742
2013,percentage,a) 0 to 2-year-olds,,berlin,code11,,29.904
2014,percentage,a) 0 to 2-year-olds,,berlin,code11,,30.823
2015,percentage,a) 0 to 2-year-olds,,berlin,code11,,30.112
2016,percentage,a) 0 to 2-year-olds,,berlin,code11,,30.32
2017,percentage,a) 0 to 2-year-olds,,berlin,code11,,29.9
2018,percentage,a) 0 to 2-year-olds,,berlin,code11,,31.1
2019,percentage,a) 0 to 2-year-olds,,berlin,code11,,30.3
2020,percentage,a) 0 to 2-year-olds,,berlin,code11,,30.0
2021,percentage,a) 0 to 2-year-olds,,berlin,code11,,28.4
2022,percentage,a) 0 to 2-year-olds,,berlin,code11,,28.0
2023,percentage,a) 0 to 2-year-olds,,berlin,code11,,28.3
2024,percentage,a) 0 to 2-year-olds,,berlin,code11,,28.5
2030,percentage,a) 0 to 2-year-olds,…,berlin,code11,,
2006,percentage,a) 0 to 2-year-olds,,brandenburg,code12,,25.21
2007,percentage,a) 0 to 2-year-olds,,brandenburg,code12,,27.409
2008,percentage,a) 0 to 2-year-olds,,brandenburg,code12,,27.562
2009,percentage,a) 0 to 2-year-olds,,brandenburg,code12,,31.152
2010,percentage,a) 0 to 2-year-olds,,brandenburg,code12,,34.409
2011,percentage,a) 0 to 2-year-olds,,brandenburg,code12,,35.87
2012,percentage,a) 0 to 2-year-olds,,brandenburg,code12,,37.659
2013,percentage,a) 0 to 2-year-olds,,brandenburg,code12,,38.278
2014,percentage,a) 0 to 2-year-olds,,brandenburg,code12,,38.177
2015,percentage,a) 0 to 2-year-olds,,brandenburg,code12,,37.782
2016,percentage,a) 0 to 2-year-olds,,brandenburg,code12,,38.594
2017,percentage,a) 0 to 2-year-olds,,brandenburg,code12,,37.8
2018,percentage,a) 0 to 2-year-olds,,brandenburg,code12,,38.7
2019,percentage,a) 0 to 2-year-olds,,brandenburg,code12,,39.6
2020,percentage,a) 0 to 2-year-olds,,brandenburg,code12,,40.2
2021,percentage,a) 0 to 2-year-olds,,brandenburg,code12,,37.8
2022,percentage,a) 0 to 2-year-olds,,brandenburg,code12,,38.0
2023,percentage,a) 0 to 2-year-olds,,brandenburg,code12,,38.3
2024,percentage,a) 0 to 2-year-olds,,brandenburg,code12,,39.2
2030,percentage,a) 0 to 2-year-olds,…,brandenburg,code12,,
2006,percentage,a) 0 to 2-year-olds,,bremen,code04,,3.318
2007,percentage,a) 0 to 2-year-olds,,bremen,code04,,4.185
2008,percentage,a) 0 to 2-year-olds,,bremen,code04,,5.283
2009,percentage,a) 0 to 2-year-olds,,bremen,code04,,5.798
2010,percentage,a) 0 to 2-year-olds,,bremen,code04,,7.18
2011,percentage,a) 0 to 2-year-olds,,bremen,code04,,9.853
2012,percentage,a) 0 to 2-year-olds,,bremen,code04,,11.297
2013,percentage,a) 0 to 2-year-olds,,bremen,code04,,12.526
2014,percentage,a) 0 to 2-year-olds,,bremen,code04,,15.405
2015,percentage,a) 0 to 2-year-olds,,bremen,code04,,16.295
2016,percentage,a) 0 to 2-year-olds,,bremen,code04,,16.513
2017,percentage,a) 0 to 2-year-olds,,bremen,code04,,16.2
2018,percentage,a) 0 to 2-year-olds,,bremen,code04,,16.2
2019,percentage,a) 0 to 2-year-olds,,bremen,code04,,16.1
2020,percentage,a) 0 to 2-year-olds,,bremen,code04,,16.3
2021,percentage,a) 0 to 2-year-olds,,bremen,code04,,16.2
2022,percentage,a) 0 to 2-year-olds,,bremen,code04,,16.0
2023,percentage,a) 0 to 2-year-olds,,bremen,code04,,15.3
2024,percentage,a) 0 to 2-year-olds,,bremen,code04,,14.4
2030,percentage,a) 0 to 2-year-olds,…,bremen,code04,,
2006,percentage,a) 0 to 2-year-olds,,hamburg,code02,,10.436
2007,percentage,a) 0 to 2-year-olds,,hamburg,code02,,10.878
2008,percentage,a) 0 to 2-year-olds,,hamburg,code02,,11.689
2009,percentage,a) 0 to 2-year-olds,,hamburg,code02,,13.68
2010,percentage,a) 0 to 2-year-olds,,hamburg,code02,,16.002
2011,percentage,a) 0 to 2-year-olds,,hamburg,code02,,18.143
2012,percentage,a) 0 to 2-year-olds,,hamburg,code02,,20.996
2013,percentage,a) 0 to 2-year-olds,,hamburg,code02,,21.528
2014,percentage,a) 0 to 2-year-olds,,hamburg,code02,,21.844
2015,percentage,a) 0 to 2-year-olds,,hamburg,code02,,22.693
2016,percentage,a) 0 to 2-year-olds,,hamburg,code02,,22.924
2017,percentage,a) 0 to 2-year-olds,,hamburg,code02,,25.2
2018,percentage,a) 0 to 2-year-olds,,hamburg,code02,,24.6
2019,percentage,a) 0 to 2-year-olds,,hamburg,code02,,27.4
2020,percentage,a) 0 to 2-year-olds,,hamburg,code02,,27.5
2021,percentage,a) 0 to 2-year-olds,,hamburg,code02,,25.9
2022,percentage,a) 0 to 2-year-olds,,hamburg,code02,,26.7
2023,percentage,a) 0 to 2-year-olds,,hamburg,code02,,28.5
2024,percentage,a) 0 to 2-year-olds,,hamburg,code02,,28.5
2030,percentage,a) 0 to 2-year-olds,…,hamburg,code02,,
2006,percentage,a) 0 to 2-year-olds,,hesse,code06,,3.221
2007,percentage,a) 0 to 2-year-olds,,hesse,code06,,4.699
2008,percentage,a) 0 to 2-year-olds,,hesse,code06,,5.955
2009,percentage,a) 0 to 2-year-olds,,hesse,code06,,7.397
2010,percentage,a) 0 to 2-year-olds,,hesse,code06,,9.775
2011,percentage,a) 0 to 2-year-olds,,hesse,code06,,11.543
2012,percentage,a) 0 to 2-year-olds,,hesse,code06,,13.511
2013,percentage,a) 0 to 2-year-olds,,hesse,code06,,15.039
2014,percentage,a) 0 to 2-year-olds,,hesse,code06,,16.927
2015,percentage,a) 0 to 2-year-olds,,hesse,code06,,18.098
2016,percentage,a) 0 to 2-year-olds,,hesse,code06,,18.56
2017,percentage,a) 0 to 2-year-olds,,hesse,code06,,18.6
2018,percentage,a) 0 to 2-year-olds,,hesse,code06,,19.0
2019,percentage,a) 0 to 2-year-olds,,hesse,code06,,19.8
2020,percentage,a) 0 to 2-year-olds,,hesse,code06,,20.4
2021,percentage,a) 0 to 2-year-olds,,hesse,code06,,19.6
2022,percentage,a) 0 to 2-year-olds,,hesse,code06,,20.3
2023,percentage,a) 0 to 2-year-olds,,hesse,code06,,20.8
2024,percentage,a) 0 to 2-year-olds,,hesse,code06,,21.7
2030,percentage,a) 0 to 2-year-olds,…,hesse,code06,,
2006,percentage,a) 0 to 2-year-olds,,mecklenburg western pomerania,code13,,25.354
2007,percentage,a) 0 to 2-year-olds,,mecklenburg western pomerania,code13,,26.445
2008,percentage,a) 0 to 2-year-olds,,mecklenburg western pomerania,code13,,27.66
2009,percentage,a) 0 to 2-year-olds,,mecklenburg western pomerania,code13,,30.877
2010,percentage,a) 0 to 2-year-olds,,mecklenburg western pomerania,code13,,33.093
2011,percentage,a) 0 to 2-year-olds,,mecklenburg western pomerania,code13,,34.192
2012,percentage,a) 0 to 2-year-olds,,mecklenburg western pomerania,code13,,37.511
2013,percentage,a) 0 to 2-year-olds,,mecklenburg western pomerania,code13,,39.706
2014,percentage,a) 0 to 2-year-olds,,mecklenburg western pomerania,code13,,40.57
2015,percentage,a) 0 to 2-year-olds,,mecklenburg western pomerania,code13,,41.09
2016,percentage,a) 0 to 2-year-olds,,mecklenburg western pomerania,code13,,41.203
2017,percentage,a) 0 to 2-year-olds,,mecklenburg western pomerania,code13,,42.1
2018,percentage,a) 0 to 2-year-olds,,mecklenburg western pomerania,code13,,43.0
2019,percentage,a) 0 to 2-year-olds,,mecklenburg western pomerania,code13,,44.6
2020,percentage,a) 0 to 2-year-olds,,mecklenburg western pomerania,code13,,46.0
2021,percentage,a) 0 to 2-year-olds,,mecklenburg western pomerania,code13,,45.6
2022,percentage,a) 0 to 2-year-olds,,mecklenburg western pomerania,code13,,46.6
2023,percentage,a) 0 to 2-year-olds,,mecklenburg western pomerania,code13,,46.9
2024,percentage,a) 0 to 2-year-olds,,mecklenburg western pomerania,code13,,46.9
2030,percentage,a) 0 to 2-year-olds,…,mecklenburg western pomerania,code13,,
2006,percentage,a) 0 to 2-year-olds,,lower saxony,code03,,1.437
2007,percentage,a) 0 to 2-year-olds,,lower saxony,code03,,1.859
2008,percentage,a) 0 to 2-year-olds,,lower saxony,code03,,2.49
2009,percentage,a) 0 to 2-year-olds,,lower saxony,code03,,3.465
2010,percentage,a) 0 to 2-year-olds,,lower saxony,code03,,4.698
2011,percentage,a) 0 to 2-year-olds,,lower saxony,code03,,5.874
2012,percentage,a) 0 to 2-year-olds,,lower saxony,code03,,7.258
2013,percentage,a) 0 to 2-year-olds,,lower saxony,code03,,8.55
2014,percentage,a) 0 to 2-year-olds,,lower saxony,code03,,10.409
2015,percentage,a) 0 to 2-year-olds,,lower saxony,code03,,10.999
2016,percentage,a) 0 to 2-year-olds,,lower saxony,code03,,11.695
2017,percentage,a) 0 to 2-year-olds,,lower saxony,code03,,12.2
2018,percentage,a) 0 to 2-year-olds,,lower saxony,code03,,13.0
2019,percentage,a) 0 to 2-year-olds,,lower saxony,code03,,13.5
2020,percentage,a) 0 to 2-year-olds,,lower saxony,code03,,14.0
2021,percentage,a) 0 to 2-year-olds,,lower saxony,code03,,13.5
2022,percentage,a) 0 to 2-year-olds,,lower saxony,code03,,14.1
2023,percentage,a) 0 to 2-year-olds,,lower saxony,code03,,14.6
2024,percentage,a) 0 to 2-year-olds,,lower saxony,code03,,14.8
2030,percentage,a) 0 to 2-year-olds,…,lower saxony,code03,,
2006,percentage,a) 0 to 2-year-olds,,north rhine-westphalia,code05,,2.699
2007,percentage,a) 0 to 2-year-olds,,north rhine-westphalia,code05,,3.175
2008,percentage,a) 0 to 2-year-olds,,north rhine-westphalia,code05,,4.32
2009,percentage,a) 0 to 2-year-olds,,north rhine-westphalia,code05,,5.604
2010,percentage,a) 0 to 2-year-olds,,north rhine-westphalia,code05,,6.779
2011,percentage,a) 0 to 2-year-olds,,north rhine-westphalia,code05,,7.699
2012,percentage,a) 0 to 2-year-olds,,north rhine-westphalia,code05,,8.934
2013,percentage,a) 0 to 2-year-olds,,north rhine-westphalia,code05,,9.864
2014,percentage,a) 0 to 2-year-olds,,north rhine-westphalia,code05,,11.719
2015,percentage,a) 0 to 2-year-olds,,north rhine-westphalia,code05,,12.64
2016,percentage,a) 0 to 2-year-olds,,north rhine-westphalia,code05,,12.862
2017,percentage,a) 0 to 2-year-olds,,north rhine-westphalia,code05,,13.1
2018,percentage,a) 0 to 2-year-olds,,north rhine-westphalia,code05,,13.5
2019,percentage,a) 0 to 2-year-olds,,north rhine-westphalia,code05,,14.3
2020,percentage,a) 0 to 2-year-olds,,north rhine-westphalia,code05,,14.9
2021,percentage,a) 0 to 2-year-olds,,north rhine-westphalia,code05,,15.4
2022,percentage,a) 0 to 2-year-olds,,north rhine-westphalia,code05,,15.9
2023,percentage,a) 0 to 2-year-olds,,north rhine-westphalia,code05,,16.1
2024,percentage,a) 0 to 2-year-olds,,north rhine-westphalia,code05,,16.8
2030,percentage,a) 0 to 2-year-olds,…,north rhine-westphalia,code05,,
2006,percentage,a) 0 to 2-year-olds,,rhineland palatinate,code07,,2.866
2007,percentage,a) 0 to 2-year-olds,,rhineland palatinate,code07,,3.482
2008,percentage,a) 0 to 2-year-olds,,rhineland palatinate,code07,,4.379
2009,percentage,a) 0 to 2-year-olds,,rhineland palatinate,code07,,5.669
2010,percentage,a) 0 to 2-year-olds,,rhineland palatinate,code07,,7.509
2011,percentage,a) 0 to 2-year-olds,,rhineland palatinate,code07,,9.827
2012,percentage,a) 0 to 2-year-olds,,rhineland palatinate,code07,,12.443
2013,percentage,a) 0 to 2-year-olds,,rhineland palatinate,code07,,13.392
2014,percentage,a) 0 to 2-year-olds,,rhineland palatinate,code07,,15.052
2015,percentage,a) 0 to 2-year-olds,,rhineland palatinate,code07,,15.561
2016,percentage,a) 0 to 2-year-olds,,rhineland palatinate,code07,,16.067
2017,percentage,a) 0 to 2-year-olds,,rhineland palatinate,code07,,16.5
2018,percentage,a) 0 to 2-year-olds,,rhineland palatinate,code07,,16.6
2019,percentage,a) 0 to 2-year-olds,,rhineland palatinate,code07,,17.1
2020,percentage,a) 0 to 2-year-olds,,rhineland palatinate,code07,,17.1
2021,percentage,a) 0 to 2-year-olds,,rhineland palatinate,code07,,16.4
2022,percentage,a) 0 to 2-year-olds,,rhineland palatinate,code07,,18.1
2023,percentage,a) 0 to 2-year-olds,,rhineland palatinate,code07,,19.3
2024,percentage,a) 0 to 2-year-olds,,rhineland palatinate,code07,,20.1
2030,percentage,a) 0 to 2-year-olds,…,rhineland palatinate,code07,,
2006,percentage,a) 0 to 2-year-olds,,saarland,code10,,3.857
2007,percentage,a) 0 to 2-year-olds,,saarland,code10,,4.714
2008,percentage,a) 0 to 2-year-olds,,saarland,code10,,6.026
2009,percentage,a) 0 to 2-year-olds,,saarland,code10,,7.865
2010,percentage,a) 0 to 2-year-olds,,saarland,code10,,9.856
2011,percentage,a) 0 to 2-year-olds,,saarland,code10,,12.083
2012,percentage,a) 0 to 2-year-olds,,saarland,code10,,14.114
2013,percentage,a) 0 to 2-year-olds,,saarland,code10,,17.066
2014,percentage,a) 0 to 2-year-olds,,saarland,code10,,19.436
2015,percentage,a) 0 to 2-year-olds,,saarland,code10,,22.146
2016,percentage,a) 0 to 2-year-olds,,saarland,code10,,22.536
2017,percentage,a) 0 to 2-year-olds,,saarland,code10,,22.4
2018,percentage,a) 0 to 2-year-olds,,saarland,code10,,22.5
2019,percentage,a) 0 to 2-year-olds,,saarland,code10,,23.7
2020,percentage,a) 0 to 2-year-olds,,saarland,code10,,24.1
2021,percentage,a) 0 to 2-year-olds,,saarland,code10,,24.3
2022,percentage,a) 0 to 2-year-olds,,saarland,code10,,26.5
2023,percentage,a) 0 to 2-year-olds,,saarland,code10,,27.9
2024,percentage,a) 0 to 2-year-olds,,saarland,code10,,28.7
2030,percentage,a) 0 to 2-year-olds,…,saarland,code10,,
2006,percentage,a) 0 to 2-year-olds,,saxony,code14,,21.586
2007,percentage,a) 0 to 2-year-olds,,saxony,code14,,23.544
2008,percentage,a) 0 to 2-year-olds,,saxony,code14,,25.43
2009,percentage,a) 0 to 2-year-olds,,saxony,code14,,29.625
2010,percentage,a) 0 to 2-year-olds,,saxony,code14,,33.485
2011,percentage,a) 0 to 2-year-olds,,saxony,code14,,35.091
2012,percentage,a) 0 to 2-year-olds,,saxony,code14,,36.933
2013,percentage,a) 0 to 2-year-olds,,saxony,code14,,38.394
2014,percentage,a) 0 to 2-year-olds,,saxony,code14,,40.978
2015,percentage,a) 0 to 2-year-olds,,saxony,code14,,41.985
2016,percentage,a) 0 to 2-year-olds,,saxony,code14,,42.456
2017,percentage,a) 0 to 2-year-olds,,saxony,code14,,42.5
2018,percentage,a) 0 to 2-year-olds,,saxony,code14,,43.3
2019,percentage,a) 0 to 2-year-olds,,saxony,code14,,44.8
2020,percentage,a) 0 to 2-year-olds,,saxony,code14,,45.5
2021,percentage,a) 0 to 2-year-olds,,saxony,code14,,44.3
2022,percentage,a) 0 to 2-year-olds,,saxony,code14,,45.5
2023,percentage,a) 0 to 2-year-olds,,saxony,code14,,46.7
2024,percentage,a) 0 to 2-year-olds,,saxony,code14,,47.3
2030,percentage,a) 0 to 2-year-olds,…,saxony,code14,,
2006,percentage,a) 0 to 2-year-olds,,saxony-anhalt,code15,,26.57
2007,percentage,a) 0 to 2-year-olds,,saxony-anhalt,code15,,28.321
2008,percentage,a) 0 to 2-year-olds,,saxony-anhalt,code15,,28.827
2009,percentage,a) 0 to 2-year-olds,,saxony-anhalt,code15,,31.798
2010,percentage,a) 0 to 2-year-olds,,saxony-anhalt,code15,,34.152
2011,percentage,a) 0 to 2-year-olds,,saxony-anhalt,code15,,35.599
2012,percentage,a) 0 to 2-year-olds,,saxony-anhalt,code15,,37.592
2013,percentage,a) 0 to 2-year-olds,,saxony-anhalt,code15,,38.798
2014,percentage,a) 0 to 2-year-olds,,saxony-anhalt,code15,,47.008
2015,percentage,a) 0 to 2-year-olds,,saxony-anhalt,code15,,46.633
2016,percentage,a) 0 to 2-year-olds,,saxony-anhalt,code15,,46.212
2017,percentage,a) 0 to 2-year-olds,,saxony-anhalt,code15,,46.6
2018,percentage,a) 0 to 2-year-olds,,saxony-anhalt,code15,,46.8
2019,percentage,a) 0 to 2-year-olds,,saxony-anhalt,code15,,48.1
2020,percentage,a) 0 to 2-year-olds,,saxony-anhalt,code15,,48.5
2021,percentage,a) 0 to 2-year-olds,,saxony-anhalt,code15,,46.3
2022,percentage,a) 0 to 2-year-olds,,saxony-anhalt,code15,,48.1
2023,percentage,a) 0 to 2-year-olds,,saxony-anhalt,code15,,49.1
2024,percentage,a) 0 to 2-year-olds,,saxony-anhalt,code15,,49.7
2030,percentage,a) 0 to 2-year-olds,…,saxony-anhalt,code15,,
2006,percentage,a) 0 to 2-year-olds,,schleswig-holstein,code01,,2.037
2007,percentage,a) 0 to 2-year-olds,,schleswig-holstein,code01,,2.445
2008,percentage,a) 0 to 2-year-olds,,schleswig-holstein,code01,,3.248
2009,percentage,a) 0 to 2-year-olds,,schleswig-holstein,code01,,4.381
2010,percentage,a) 0 to 2-year-olds,,schleswig-holstein,code01,,5.925
2011,percentage,a) 0 to 2-year-olds,,schleswig-holstein,code01,,7.514
2012,percentage,a) 0 to 2-year-olds,,schleswig-holstein,code01,,8.938
2013,percentage,a) 0 to 2-year-olds,,schleswig-holstein,code01,,10.614
2014,percentage,a) 0 to 2-year-olds,,schleswig-holstein,code01,,12.381
2015,percentage,a) 0 to 2-year-olds,,schleswig-holstein,code01,,13.833
2016,percentage,a) 0 to 2-year-olds,,schleswig-holstein,code01,,13.981
2017,percentage,a) 0 to 2-year-olds,,schleswig-holstein,code01,,14.2
2018,percentage,a) 0 to 2-year-olds,,schleswig-holstein,code01,,15.1
2019,percentage,a) 0 to 2-year-olds,,schleswig-holstein,code01,,15.6
2020,percentage,a) 0 to 2-year-olds,,schleswig-holstein,code01,,16.1
2021,percentage,a) 0 to 2-year-olds,,schleswig-holstein,code01,,17.0
2022,percentage,a) 0 to 2-year-olds,,schleswig-holstein,code01,,17.6
2023,percentage,a) 0 to 2-year-olds,,schleswig-holstein,code01,,19.3
2024,percentage,a) 0 to 2-year-olds,,schleswig-holstein,code01,,19.9
2030,percentage,a) 0 to 2-year-olds,…,schleswig-holstein,code01,,
2006,percentage,a) 0 to 2-year-olds,,thuringia,code16,,31.133
2007,percentage,a) 0 to 2-year-olds,,thuringia,code16,,30.988
2008,percentage,a) 0 to 2-year-olds,,thuringia,code16,,32.213
2009,percentage,a) 0 to 2-year-olds,,thuringia,code16,,36.761
2010,percentage,a) 0 to 2-year-olds,,thuringia,code16,,39.675
2011,percentage,a) 0 to 2-year-olds,,thuringia,code16,,41.218
2012,percentage,a) 0 to 2-year-olds,,thuringia,code16,,42.942
2013,percentage,a) 0 to 2-year-olds,,thuringia,code16,,44.836
2014,percentage,a) 0 to 2-year-olds,,thuringia,code16,,47.294
2015,percentage,a) 0 to 2-year-olds,,thuringia,code16,,47.693
2016,percentage,a) 0 to 2-year-olds,,thuringia,code16,,48.155
2017,percentage,a) 0 to 2-year-olds,,thuringia,code16,,49.5
2018,percentage,a) 0 to 2-year-olds,,thuringia,code16,,50.9
2019,percentage,a) 0 to 2-year-olds,,thuringia,code16,,51.7
2020,percentage,a) 0 to 2-year-olds,,thuringia,code16,,51.9
2021,percentage,a) 0 to 2-year-olds,,thuringia,code16,,50.8
2022,percentage,a) 0 to 2-year-olds,,thuringia,code16,,52.3
2023,percentage,a) 0 to 2-year-olds,,thuringia,code16,,52.7
2024,percentage,a) 0 to 2-year-olds,,thuringia,code16,,53.9
2030,percentage,a) 0 to 2-year-olds,…,thuringia,code16,,
2006,percentage,a) 0 to 2-year-olds,,,,day care centres,5.87
2007,percentage,a) 0 to 2-year-olds,,,,day care centres,6.521
2008,percentage,a) 0 to 2-year-olds,,,,day care centres,7.313
2009,percentage,a) 0 to 2-year-olds,,,,day care centres,8.669
2010,percentage,a) 0 to 2-year-olds,,,,day care centres,10.167
2011,percentage,a) 0 to 2-year-olds,,,,day care centres,11.344
2012,percentage,a) 0 to 2-year-olds,,,,day care centres,12.745
2013,percentage,a) 0 to 2-year-olds,,,,day care centres,13.718
2014,percentage,a) 0 to 2-year-olds,,,,day care centres,15.306
2015,percentage,a) 0 to 2-year-olds,,,,day care centres,15.919
2016,percentage,a) 0 to 2-year-olds,,,,day care centres,16.158
2017,percentage,a) 0 to 2-year-olds,,,,day care centres,16.231
2018,percentage,a) 0 to 2-year-olds,,,,day care centres,16.528
2019,percentage,a) 0 to 2-year-olds,,,,day care centres,16.914
2020,percentage,a) 0 to 2-year-olds,,,,day care centres,17.096
2021,percentage,a) 0 to 2-year-olds,,,,day care centres,16.461
2022,percentage,a) 0 to 2-year-olds,,,,day care centres,16.803
2023,percentage,a) 0 to 2-year-olds,,,,day care centres,17.079
2024,percentage,a) 0 to 2-year-olds,,,,day care centres,17.344
2030,percentage,a) 0 to 2-year-olds,…,,,day care centres,
2006,percentage,a) 0 to 2-year-olds,,,,day care,0.629
2007,percentage,a) 0 to 2-year-olds,,,,day care,0.8
2008,percentage,a) 0 to 2-year-olds,,,,day care,0.971
2009,percentage,a) 0 to 2-year-olds,,,,day care,1.201
2010,percentage,a) 0 to 2-year-olds,,,,day care,1.43
2011,percentage,a) 0 to 2-year-olds,,,,day care,1.596
2012,percentage,a) 0 to 2-year-olds,,,,day care,1.884
2013,percentage,a) 0 to 2-year-olds,,,,day care,2.04
2014,percentage,a) 0 to 2-year-olds,,,,day care,2.155
2015,percentage,a) 0 to 2-year-olds,,,,day care,2.146
2016,percentage,a) 0 to 2-year-olds,,,,day care,2.162
2017,percentage,a) 0 to 2-year-olds,,,,day care,2.247
2018,percentage,a) 0 to 2-year-olds,,,,day care,2.31
2019,percentage,a) 0 to 2-year-olds,,,,day care,2.407
2020,percentage,a) 0 to 2-year-olds,,,,day care,2.487
2021,percentage,a) 0 to 2-year-olds,,,,day care,2.481
2022,percentage,a) 0 to 2-year-olds,,,,day care,2.495
2023,percentage,a) 0 to 2-year-olds,,,,day care,2.58
2024,percentage,a) 0 to 2-year-olds,,,,day care,2.626
2030,percentage,a) 0 to 2-year-olds,…,,,day care,
2006,percentage,b) 3 to 5-year-olds,,,,,22.091
2007,percentage,b) 3 to 5-year-olds,,,,,24.329
2008,percentage,b) 3 to 5-year-olds,,,,,27.067
2009,percentage,b) 3 to 5-year-olds,,,,,29.87
2010,percentage,b) 3 to 5-year-olds,,,,,32.321
2011,percentage,b) 3 to 5-year-olds,,,,,34.879
2012,percentage,b) 3 to 5-year-olds,,,,,37.245
2013,percentage,b) 3 to 5-year-olds,,,,,39.485
2014,percentage,b) 3 to 5-year-olds,,,,,41.945
2015,percentage,b) 3 to 5-year-olds,,,,,43.935
2016,percentage,b) 3 to 5-year-olds,,,,,44.756
2017,percentage,b) 3 to 5-year-olds,,,,,45.509
2018,percentage,b) 3 to 5-year-olds,,,,,46.132
2019,percentage,b) 3 to 5-year-olds,,,,,47.178
2020,percentage,b) 3 to 5-year-olds,,,,,47.913
2021,percentage,b) 3 to 5-year-olds,,,,,47.324
2022,percentage,b) 3 to 5-year-olds,,,,,47.353
2023,percentage,b) 3 to 5-year-olds,,,,,47.003
2024,percentage,b) 3 to 5-year-olds,,,,,46.976
2030,percentage,b) 3 to 5-year-olds,…,,,,
2006,percentage,b) 3 to 5-year-olds,,baden-wuerttemberg,code08,,6.921
2007,percentage,b) 3 to 5-year-olds,,baden-wuerttemberg,code08,,7.979
2008,percentage,b) 3 to 5-year-olds,,baden-wuerttemberg,code08,,9.306
2009,percentage,b) 3 to 5-year-olds,,baden-wuerttemberg,code08,,11.858
2010,percentage,b) 3 to 5-year-olds,,baden-wuerttemberg,code08,,13.056
2011,percentage,b) 3 to 5-year-olds,,baden-wuerttemberg,code08,,14.899
2012,percentage,b) 3 to 5-year-olds,,baden-wuerttemberg,code08,,16.2
2013,percentage,b) 3 to 5-year-olds,,baden-wuerttemberg,code08,,17.764
2014,percentage,b) 3 to 5-year-olds,,baden-wuerttemberg,code08,,19.861
2015,percentage,b) 3 to 5-year-olds,,baden-wuerttemberg,code08,,21.57
2016,percentage,b) 3 to 5-year-olds,,baden-wuerttemberg,code08,,22.779
2017,percentage,b) 3 to 5-year-olds,,baden-wuerttemberg,code08,,23.9
2018,percentage,b) 3 to 5-year-olds,,baden-wuerttemberg,code08,,24.6
2019,percentage,b) 3 to 5-year-olds,,baden-wuerttemberg,code08,,25.2
2020,percentage,b) 3 to 5-year-olds,,baden-wuerttemberg,code08,,25.3
2021,percentage,b) 3 to 5-year-olds,,baden-wuerttemberg,code08,,24.4
2022,percentage,b) 3 to 5-year-olds,,baden-wuerttemberg,code08,,24.2
2023,percentage,b) 3 to 5-year-olds,,baden-wuerttemberg,code08,,23.6
2024,percentage,b) 3 to 5-year-olds,,baden-wuerttemberg,code08,,23.3
2030,percentage,b) 3 to 5-year-olds,…,baden-wuerttemberg,code08,,
2006,percentage,b) 3 to 5-year-olds,,bavaria,code09,,16.849
2007,percentage,b) 3 to 5-year-olds,,bavaria,code09,,18.928
2008,percentage,b) 3 to 5-year-olds,,bavaria,code09,,20.124
2009,percentage,b) 3 to 5-year-olds,,bavaria,code09,,21.466
2010,percentage,b) 3 to 5-year-olds,,bavaria,code09,,22.88
2011,percentage,b) 3 to 5-year-olds,,bavaria,code09,,24.958
2012,percentage,b) 3 to 5-year-olds,,bavaria,code09,,27.254
2013,percentage,b) 3 to 5-year-olds,,bavaria,code09,,29.491
2014,percentage,b) 3 to 5-year-olds,,bavaria,code09,,31.995
2015,percentage,b) 3 to 5-year-olds,,bavaria,code09,,34.085
2016,percentage,b) 3 to 5-year-olds,,bavaria,code09,,34.777
2017,percentage,b) 3 to 5-year-olds,,bavaria,code09,,35.2
2018,percentage,b) 3 to 5-year-olds,,bavaria,code09,,35.7
2019,percentage,b) 3 to 5-year-olds,,bavaria,code09,,36.1
2020,percentage,b) 3 to 5-year-olds,,bavaria,code09,,37.5
2021,percentage,b) 3 to 5-year-olds,,bavaria,code09,,35.9
2022,percentage,b) 3 to 5-year-olds,,bavaria,code09,,35.1
2023,percentage,b) 3 to 5-year-olds,,bavaria,code09,,34.2
2024,percentage,b) 3 to 5-year-olds,,bavaria,code09,,33.4
2030,percentage,b) 3 to 5-year-olds,…,bavaria,code09,,
2006,percentage,b) 3 to 5-year-olds,,berlin,code11,,50.904
2007,percentage,b) 3 to 5-year-olds,,berlin,code11,,52.446
2008,percentage,b) 3 to 5-year-olds,,berlin,code11,,53.705
2009,percentage,b) 3 to 5-year-olds,,berlin,code11,,54.597
2010,percentage,b) 3 to 5-year-olds,,berlin,code11,,55.132
2011,percentage,b) 3 to 5-year-olds,,berlin,code11,,57.041
2012,percentage,b) 3 to 5-year-olds,,berlin,code11,,59.314
2013,percentage,b) 3 to 5-year-olds,,berlin,code11,,60.733
2014,percentage,b) 3 to 5-year-olds,,berlin,code11,,61.63
2015,percentage,b) 3 to 5-year-olds,,berlin,code11,,61.884
2016,percentage,b) 3 to 5-year-olds,,berlin,code11,,60.78
2017,percentage,b) 3 to 5-year-olds,,berlin,code11,,60.2
2018,percentage,b) 3 to 5-year-olds,,berlin,code11,,60.9
2019,percentage,b) 3 to 5-year-olds,,berlin,code11,,61.8
2020,percentage,b) 3 to 5-year-olds,,berlin,code11,,61.5
2021,percentage,b) 3 to 5-year-olds,,berlin,code11,,59.3
2022,percentage,b) 3 to 5-year-olds,,berlin,code11,,57.3
2023,percentage,b) 3 to 5-year-olds,,berlin,code11,,55.6
2024,percentage,b) 3 to 5-year-olds,,berlin,code11,,55.2
2030,percentage,b) 3 to 5-year-olds,…,berlin,code11,,
2006,percentage,b) 3 to 5-year-olds,,brandenburg,code12,,44.228
2007,percentage,b) 3 to 5-year-olds,,brandenburg,code12,,47.284
2008,percentage,b) 3 to 5-year-olds,,brandenburg,code12,,49.884
2009,percentage,b) 3 to 5-year-olds,,brandenburg,code12,,52.601
2010,percentage,b) 3 to 5-year-olds,,brandenburg,code12,,54.82
2011,percentage,b) 3 to 5-year-olds,,brandenburg,code12,,57.445
2012,percentage,b) 3 to 5-year-olds,,brandenburg,code12,,59.303
2013,percentage,b) 3 to 5-year-olds,,brandenburg,code12,,61.182
2014,percentage,b) 3 to 5-year-olds,,brandenburg,code12,,61.731
2015,percentage,b) 3 to 5-year-olds,,brandenburg,code12,,63.548
2016,percentage,b) 3 to 5-year-olds,,brandenburg,code12,,62.729
2017,percentage,b) 3 to 5-year-olds,,brandenburg,code12,,62.5
2018,percentage,b) 3 to 5-year-olds,,brandenburg,code12,,63.0
2019,percentage,b) 3 to 5-year-olds,,brandenburg,code12,,64.6
2020,percentage,b) 3 to 5-year-olds,,brandenburg,code12,,65.8
2021,percentage,b) 3 to 5-year-olds,,brandenburg,code12,,63.5
2022,percentage,b) 3 to 5-year-olds,,brandenburg,code12,,63.5
2023,percentage,b) 3 to 5-year-olds,,brandenburg,code12,,63.0
2024,percentage,b) 3 to 5-year-olds,,brandenburg,code12,,64.8
2030,percentage,b) 3 to 5-year-olds,…,brandenburg,code12,,
2006,percentage,b) 3 to 5-year-olds,,bremen,code04,,18.724
2007,percentage,b) 3 to 5-year-olds,,bremen,code04,,19.35
2008,percentage,b) 3 to 5-year-olds,,bremen,code04,,19.957
2009,percentage,b) 3 to 5-year-olds,,bremen,code04,,21.305
2010,percentage,b) 3 to 5-year-olds,,bremen,code04,,22.344
2011,percentage,b) 3 to 5-year-olds,,bremen,code04,,26.5
2012,percentage,b) 3 to 5-year-olds,,bremen,code04,,26.421
2013,percentage,b) 3 to 5-year-olds,,bremen,code04,,29.694
2014,percentage,b) 3 to 5-year-olds,,bremen,code04,,32.511
2015,percentage,b) 3 to 5-year-olds,,bremen,code04,,36.006
2016,percentage,b) 3 to 5-year-olds,,bremen,code04,,37.255
2017,percentage,b) 3 to 5-year-olds,,bremen,code04,,38.3
2018,percentage,b) 3 to 5-year-olds,,bremen,code04,,38.9
2019,percentage,b) 3 to 5-year-olds,,bremen,code04,,38.8
2020,percentage,b) 3 to 5-year-olds,,bremen,code04,,40.4
2021,percentage,b) 3 to 5-year-olds,,bremen,code04,,42.5
2022,percentage,b) 3 to 5-year-olds,,bremen,code04,,41.5
2023,percentage,b) 3 to 5-year-olds,,bremen,code04,,39.0
2024,percentage,b) 3 to 5-year-olds,,bremen,code04,,36.7
2030,percentage,b) 3 to 5-year-olds,…,bremen,code04,,
2006,percentage,b) 3 to 5-year-olds,,hamburg,code02,,24.488
2007,percentage,b) 3 to 5-year-olds,,hamburg,code02,,27.456
2008,percentage,b) 3 to 5-year-olds,,hamburg,code02,,29.197
2009,percentage,b) 3 to 5-year-olds,,hamburg,code02,,31.953
2010,percentage,b) 3 to 5-year-olds,,hamburg,code02,,34.135
2011,percentage,b) 3 to 5-year-olds,,hamburg,code02,,36.827
2012,percentage,b) 3 to 5-year-olds,,hamburg,code02,,39.015
2013,percentage,b) 3 to 5-year-olds,,hamburg,code02,,42.021
2014,percentage,b) 3 to 5-year-olds,,hamburg,code02,,43.368
2015,percentage,b) 3 to 5-year-olds,,hamburg,code02,,45.149
2016,percentage,b) 3 to 5-year-olds,,hamburg,code02,,45.617
2017,percentage,b) 3 to 5-year-olds,,hamburg,code02,,48.6
2018,percentage,b) 3 to 5-year-olds,,hamburg,code02,,47.6
2019,percentage,b) 3 to 5-year-olds,,hamburg,code02,,50.1
2020,percentage,b) 3 to 5-year-olds,,hamburg,code02,,52.0
2021,percentage,b) 3 to 5-year-olds,,hamburg,code02,,49.3
2022,percentage,b) 3 to 5-year-olds,,hamburg,code02,,49.7
2023,percentage,b) 3 to 5-year-olds,,hamburg,code02,,51.5
2024,percentage,b) 3 to 5-year-olds,,hamburg,code02,,52.9
2030,percentage,b) 3 to 5-year-olds,…,hamburg,code02,,
2006,percentage,b) 3 to 5-year-olds,,hesse,code06,,22.165
2007,percentage,b) 3 to 5-year-olds,,hesse,code06,,25.605
2008,percentage,b) 3 to 5-year-olds,,hesse,code06,,29.288
2009,percentage,b) 3 to 5-year-olds,,hesse,code06,,32.499
2010,percentage,b) 3 to 5-year-olds,,hesse,code06,,36.429
2011,percentage,b) 3 to 5-year-olds,,hesse,code06,,39.155
2012,percentage,b) 3 to 5-year-olds,,hesse,code06,,41.387
2013,percentage,b) 3 to 5-year-olds,,hesse,code06,,44.298
2014,percentage,b) 3 to 5-year-olds,,hesse,code06,,46.86
2015,percentage,b) 3 to 5-year-olds,,hesse,code06,,48.164
2016,percentage,b) 3 to 5-year-olds,,hesse,code06,,49.712
2017,percentage,b) 3 to 5-year-olds,,hesse,code06,,50.6
2018,percentage,b) 3 to 5-year-olds,,hesse,code06,,51.4
2019,percentage,b) 3 to 5-year-olds,,hesse,code06,,53.6
2020,percentage,b) 3 to 5-year-olds,,hesse,code06,,54.5
2021,percentage,b) 3 to 5-year-olds,,hesse,code06,,52.4
2022,percentage,b) 3 to 5-year-olds,,hesse,code06,,53.4
2023,percentage,b) 3 to 5-year-olds,,hesse,code06,,53.6
2024,percentage,b) 3 to 5-year-olds,,hesse,code06,,54.3
2030,percentage,b) 3 to 5-year-olds,…,hesse,code06,,
2006,percentage,b) 3 to 5-year-olds,,mecklenburg western pomerania,code13,,47.341
2007,percentage,b) 3 to 5-year-olds,,mecklenburg western pomerania,code13,,49.872
2008,percentage,b) 3 to 5-year-olds,,mecklenburg western pomerania,code13,,52.94
2009,percentage,b) 3 to 5-year-olds,,mecklenburg western pomerania,code13,,55.913
2010,percentage,b) 3 to 5-year-olds,,mecklenburg western pomerania,code13,,56.95
2011,percentage,b) 3 to 5-year-olds,,mecklenburg western pomerania,code13,,59.017
2012,percentage,b) 3 to 5-year-olds,,mecklenburg western pomerania,code13,,62.921
2013,percentage,b) 3 to 5-year-olds,,mecklenburg western pomerania,code13,,65.137
2014,percentage,b) 3 to 5-year-olds,,mecklenburg western pomerania,code13,,66.32
2015,percentage,b) 3 to 5-year-olds,,mecklenburg western pomerania,code13,,67.559
2016,percentage,b) 3 to 5-year-olds,,mecklenburg western pomerania,code13,,67.62
2017,percentage,b) 3 to 5-year-olds,,mecklenburg western pomerania,code13,,68.2
2018,percentage,b) 3 to 5-year-olds,,mecklenburg western pomerania,code13,,69.6
2019,percentage,b) 3 to 5-year-olds,,mecklenburg western pomerania,code13,,71.7
2020,percentage,b) 3 to 5-year-olds,,mecklenburg western pomerania,code13,,73.9
2021,percentage,b) 3 to 5-year-olds,,mecklenburg western pomerania,code13,,73.3
2022,percentage,b) 3 to 5-year-olds,,mecklenburg western pomerania,code13,,74.3
2023,percentage,b) 3 to 5-year-olds,,mecklenburg western pomerania,code13,,74.1
2024,percentage,b) 3 to 5-year-olds,,mecklenburg western pomerania,code13,,74.4
2030,percentage,b) 3 to 5-year-olds,…,mecklenburg western pomerania,code13,,
2006,percentage,b) 3 to 5-year-olds,,lower saxony,code03,,7.981
2007,percentage,b) 3 to 5-year-olds,,lower saxony,code03,,9.631
2008,percentage,b) 3 to 5-year-olds,,lower saxony,code03,,10.864
2009,percentage,b) 3 to 5-year-olds,,lower saxony,code03,,12.613
2010,percentage,b) 3 to 5-year-olds,,lower saxony,code03,,14.456
2011,percentage,b) 3 to 5-year-olds,,lower saxony,code03,,16.809
2012,percentage,b) 3 to 5-year-olds,,lower saxony,code03,,19.18
2013,percentage,b) 3 to 5-year-olds,,lower saxony,code03,,21.787
2014,percentage,b) 3 to 5-year-olds,,lower saxony,code03,,24.523
2015,percentage,b) 3 to 5-year-olds,,lower saxony,code03,,26.916
2016,percentage,b) 3 to 5-year-olds,,lower saxony,code03,,29.161
2017,percentage,b) 3 to 5-year-olds,,lower saxony,code03,,30.4
2018,percentage,b) 3 to 5-year-olds,,lower saxony,code03,,31.9
2019,percentage,b) 3 to 5-year-olds,,lower saxony,code03,,35.2
2020,percentage,b) 3 to 5-year-olds,,lower saxony,code03,,37.6
2021,percentage,b) 3 to 5-year-olds,,lower saxony,code03,,38.4
2022,percentage,b) 3 to 5-year-olds,,lower saxony,code03,,38.8
2023,percentage,b) 3 to 5-year-olds,,lower saxony,code03,,39.2
2024,percentage,b) 3 to 5-year-olds,,lower saxony,code03,,39.0
2030,percentage,b) 3 to 5-year-olds,…,lower saxony,code03,,
2006,percentage,b) 3 to 5-year-olds,,north rhine-westphalia,code05,,19.086
2007,percentage,b) 3 to 5-year-olds,,north rhine-westphalia,code05,,21.778
2008,percentage,b) 3 to 5-year-olds,,north rhine-westphalia,code05,,26.806
2009,percentage,b) 3 to 5-year-olds,,north rhine-westphalia,code05,,30.658
2010,percentage,b) 3 to 5-year-olds,,north rhine-westphalia,code05,,33.432
2011,percentage,b) 3 to 5-year-olds,,north rhine-westphalia,code05,,35.882
2012,percentage,b) 3 to 5-year-olds,,north rhine-westphalia,code05,,38.239
2013,percentage,b) 3 to 5-year-olds,,north rhine-westphalia,code05,,40.191
2014,percentage,b) 3 to 5-year-olds,,north rhine-westphalia,code05,,42.015
2015,percentage,b) 3 to 5-year-olds,,north rhine-westphalia,code05,,44.384
2016,percentage,b) 3 to 5-year-olds,,north rhine-westphalia,code05,,45.166
2017,percentage,b) 3 to 5-year-olds,,north rhine-westphalia,code05,,45.7
2018,percentage,b) 3 to 5-year-olds,,north rhine-westphalia,code05,,46.4
2019,percentage,b) 3 to 5-year-olds,,north rhine-westphalia,code05,,47.1
2020,percentage,b) 3 to 5-year-olds,,north rhine-westphalia,code05,,47.5
2021,percentage,b) 3 to 5-year-olds,,north rhine-westphalia,code05,,48.9
2022,percentage,b) 3 to 5-year-olds,,north rhine-westphalia,code05,,49.4
2023,percentage,b) 3 to 5-year-olds,,north rhine-westphalia,code05,,49.0
2024,percentage,b) 3 to 5-year-olds,,north rhine-westphalia,code05,,49.2
2030,percentage,b) 3 to 5-year-olds,…,north rhine-westphalia,code05,,
2006,percentage,b) 3 to 5-year-olds,,rhineland palatinate,code07,,18.177
2007,percentage,b) 3 to 5-year-olds,,rhineland palatinate,code07,,20.299
2008,percentage,b) 3 to 5-year-olds,,rhineland palatinate,code07,,23.405
2009,percentage,b) 3 to 5-year-olds,,rhineland palatinate,code07,,28.412
2010,percentage,b) 3 to 5-year-olds,,rhineland palatinate,code07,,33.634
2011,percentage,b) 3 to 5-year-olds,,rhineland palatinate,code07,,38.626
2012,percentage,b) 3 to 5-year-olds,,rhineland palatinate,code07,,44.669
2013,percentage,b) 3 to 5-year-olds,,rhineland palatinate,code07,,46.456
2014,percentage,b) 3 to 5-year-olds,,rhineland palatinate,code07,,47.798
2015,percentage,b) 3 to 5-year-olds,,rhineland palatinate,code07,,49.716
2016,percentage,b) 3 to 5-year-olds,,rhineland palatinate,code07,,50.839
2017,percentage,b) 3 to 5-year-olds,,rhineland palatinate,code07,,52.3
2018,percentage,b) 3 to 5-year-olds,,rhineland palatinate,code07,,52.5
2019,percentage,b) 3 to 5-year-olds,,rhineland palatinate,code07,,53.4
2020,percentage,b) 3 to 5-year-olds,,rhineland palatinate,code07,,53.3
2021,percentage,b) 3 to 5-year-olds,,rhineland palatinate,code07,,52.6
2022,percentage,b) 3 to 5-year-olds,,rhineland palatinate,code07,,53.3
2023,percentage,b) 3 to 5-year-olds,,rhineland palatinate,code07,,54.8
2024,percentage,b) 3 to 5-year-olds,,rhineland palatinate,code07,,55.9
2030,percentage,b) 3 to 5-year-olds,…,rhineland palatinate,code07,,
2006,percentage,b) 3 to 5-year-olds,,saarland,code10,,14.795
2007,percentage,b) 3 to 5-year-olds,,saarland,code10,,16.151
2008,percentage,b) 3 to 5-year-olds,,saarland,code10,,19.0
2009,percentage,b) 3 to 5-year-olds,,saarland,code10,,22.646
2010,percentage,b) 3 to 5-year-olds,,saarland,code10,,25.775
2011,percentage,b) 3 to 5-year-olds,,saarland,code10,,30.095
2012,percentage,b) 3 to 5-year-olds,,saarland,code10,,34.923
2013,percentage,b) 3 to 5-year-olds,,saarland,code10,,39.351
2014,percentage,b) 3 to 5-year-olds,,saarland,code10,,42.826
2015,percentage,b) 3 to 5-year-olds,,saarland,code10,,46.33
2016,percentage,b) 3 to 5-year-olds,,saarland,code10,,48.716
2017,percentage,b) 3 to 5-year-olds,,saarland,code10,,49.4
2018,percentage,b) 3 to 5-year-olds,,saarland,code10,,52.1
2019,percentage,b) 3 to 5-year-olds,,saarland,code10,,54.6
2020,percentage,b) 3 to 5-year-olds,,saarland,code10,,56.6
2021,percentage,b) 3 to 5-year-olds,,saarland,code10,,56.2
2022,percentage,b) 3 to 5-year-olds,,saarland,code10,,58.2
2023,percentage,b) 3 to 5-year-olds,,saarland,code10,,59.8
2024,percentage,b) 3 to 5-year-olds,,saarland,code10,,63.8
2030,percentage,b) 3 to 5-year-olds,…,saarland,code10,,
2006,percentage,b) 3 to 5-year-olds,,saxony,code14,,59.619
2007,percentage,b) 3 to 5-year-olds,,saxony,code14,,62.338
2008,percentage,b) 3 to 5-year-olds,,saxony,code14,,66.048
2009,percentage,b) 3 to 5-year-olds,,saxony,code14,,70.318
2010,percentage,b) 3 to 5-year-olds,,saxony,code14,,74.976
2011,percentage,b) 3 to 5-year-olds,,saxony,code14,,75.774
2012,percentage,b) 3 to 5-year-olds,,saxony,code14,,76.974
2013,percentage,b) 3 to 5-year-olds,,saxony,code14,,78.619
2014,percentage,b) 3 to 5-year-olds,,saxony,code14,,79.904
2015,percentage,b) 3 to 5-year-olds,,saxony,code14,,81.241
2016,percentage,b) 3 to 5-year-olds,,saxony,code14,,81.118
2017,percentage,b) 3 to 5-year-olds,,saxony,code14,,82.0
2018,percentage,b) 3 to 5-year-olds,,saxony,code14,,82.4
2019,percentage,b) 3 to 5-year-olds,,saxony,code14,,82.5
2020,percentage,b) 3 to 5-year-olds,,saxony,code14,,83.1
2021,percentage,b) 3 to 5-year-olds,,saxony,code14,,81.8
2022,percentage,b) 3 to 5-year-olds,,saxony,code14,,82.6
2023,percentage,b) 3 to 5-year-olds,,saxony,code14,,82.0
2024,percentage,b) 3 to 5-year-olds,,saxony,code14,,83.0
2030,percentage,b) 3 to 5-year-olds,…,saxony,code14,,
2006,percentage,b) 3 to 5-year-olds,,saxony-anhalt,code15,,50.674
2007,percentage,b) 3 to 5-year-olds,,saxony-anhalt,code15,,53.142
2008,percentage,b) 3 to 5-year-olds,,saxony-anhalt,code15,,54.544
2009,percentage,b) 3 to 5-year-olds,,saxony-anhalt,code15,,56.468
2010,percentage,b) 3 to 5-year-olds,,saxony-anhalt,code15,,58.063
2011,percentage,b) 3 to 5-year-olds,,saxony-anhalt,code15,,61.282
2012,percentage,b) 3 to 5-year-olds,,saxony-anhalt,code15,,64.085
2013,percentage,b) 3 to 5-year-olds,,saxony-anhalt,code15,,65.806
2014,percentage,b) 3 to 5-year-olds,,saxony-anhalt,code15,,81.337
2015,percentage,b) 3 to 5-year-olds,,saxony-anhalt,code15,,83.064
2016,percentage,b) 3 to 5-year-olds,,saxony-anhalt,code15,,81.549
2017,percentage,b) 3 to 5-year-olds,,saxony-anhalt,code15,,80.9
2018,percentage,b) 3 to 5-year-olds,,saxony-anhalt,code15,,80.6
2019,percentage,b) 3 to 5-year-olds,,saxony-anhalt,code15,,81.6
2020,percentage,b) 3 to 5-year-olds,,saxony-anhalt,code15,,82.4
2021,percentage,b) 3 to 5-year-olds,,saxony-anhalt,code15,,81.3
2022,percentage,b) 3 to 5-year-olds,,saxony-anhalt,code15,,81.0
2023,percentage,b) 3 to 5-year-olds,,saxony-anhalt,code15,,80.7
2024,percentage,b) 3 to 5-year-olds,,saxony-anhalt,code15,,81.2
2030,percentage,b) 3 to 5-year-olds,…,saxony-anhalt,code15,,
2006,percentage,b) 3 to 5-year-olds,,schleswig-holstein,code01,,10.147
2007,percentage,b) 3 to 5-year-olds,,schleswig-holstein,code01,,11.224
2008,percentage,b) 3 to 5-year-olds,,schleswig-holstein,code01,,12.842
2009,percentage,b) 3 to 5-year-olds,,schleswig-holstein,code01,,14.58
2010,percentage,b) 3 to 5-year-olds,,schleswig-holstein,code01,,16.308
2011,percentage,b) 3 to 5-year-olds,,schleswig-holstein,code01,,19.413
2012,percentage,b) 3 to 5-year-olds,,schleswig-holstein,code01,,21.822
2013,percentage,b) 3 to 5-year-olds,,schleswig-holstein,code01,,24.762
2014,percentage,b) 3 to 5-year-olds,,schleswig-holstein,code01,,26.454
2015,percentage,b) 3 to 5-year-olds,,schleswig-holstein,code01,,30.025
2016,percentage,b) 3 to 5-year-olds,,schleswig-holstein,code01,,32.015
2017,percentage,b) 3 to 5-year-olds,,schleswig-holstein,code01,,34.6
2018,percentage,b) 3 to 5-year-olds,,schleswig-holstein,code01,,35.4
2019,percentage,b) 3 to 5-year-olds,,schleswig-holstein,code01,,37.1
2020,percentage,b) 3 to 5-year-olds,,schleswig-holstein,code01,,37.8
2021,percentage,b) 3 to 5-year-olds,,schleswig-holstein,code01,,39.7
2022,percentage,b) 3 to 5-year-olds,,schleswig-holstein,code01,,40.9
2023,percentage,b) 3 to 5-year-olds,,schleswig-holstein,code01,,42.8
2024,percentage,b) 3 to 5-year-olds,,schleswig-holstein,code01,,43.2
2030,percentage,b) 3 to 5-year-olds,…,schleswig-holstein,code01,,
2006,percentage,b) 3 to 5-year-olds,,thuringia,code16,,84.019
2007,percentage,b) 3 to 5-year-olds,,thuringia,code16,,84.499
2008,percentage,b) 3 to 5-year-olds,,thuringia,code16,,84.882
2009,percentage,b) 3 to 5-year-olds,,thuringia,code16,,86.091
2010,percentage,b) 3 to 5-year-olds,,thuringia,code16,,87.112
2011,percentage,b) 3 to 5-year-olds,,thuringia,code16,,89.452
2012,percentage,b) 3 to 5-year-olds,,thuringia,code16,,87.653
2013,percentage,b) 3 to 5-year-olds,,thuringia,code16,,88.398
2014,percentage,b) 3 to 5-year-olds,,thuringia,code16,,91.443
2015,percentage,b) 3 to 5-year-olds,,thuringia,code16,,91.461
2016,percentage,b) 3 to 5-year-olds,,thuringia,code16,,90.825
2017,percentage,b) 3 to 5-year-olds,,thuringia,code16,,91.8
2018,percentage,b) 3 to 5-year-olds,,thuringia,code16,,91.814
2019,percentage,b) 3 to 5-year-olds,,thuringia,code16,,92.255
2020,percentage,b) 3 to 5-year-olds,,thuringia,code16,,92.187
2021,percentage,b) 3 to 5-year-olds,,thuringia,code16,,92.2
2022,percentage,b) 3 to 5-year-olds,,thuringia,code16,,91.617
2023,percentage,b) 3 to 5-year-olds,,thuringia,code16,,91.0
2024,percentage,b) 3 to 5-year-olds,,thuringia,code16,,91.9
2030,percentage,b) 3 to 5-year-olds,…,thuringia,code16,,
2006,percentage,b) 3 to 5-year-olds,,,,day care centres,21.963
2007,percentage,b) 3 to 5-year-olds,,,,day care centres,24.189
2008,percentage,b) 3 to 5-year-olds,,,,day care centres,26.896
2009,percentage,b) 3 to 5-year-olds,,,,day care centres,29.696
2010,percentage,b) 3 to 5-year-olds,,,,day care centres,32.138
2011,percentage,b) 3 to 5-year-olds,,,,day care centres,34.672
2012,percentage,b) 3 to 5-year-olds,,,,day care centres,37.041
2013,percentage,b) 3 to 5-year-olds,,,,day care centres,39.267
2014,percentage,b) 3 to 5-year-olds,,,,day care centres,41.701
2015,percentage,b) 3 to 5-year-olds,,,,day care centres,43.67
2016,percentage,b) 3 to 5-year-olds,,,,day care centres,44.49
2017,percentage,b) 3 to 5-year-olds,,,,day care centres,45.239
2018,percentage,b) 3 to 5-year-olds,,,,day care centres,45.838
2019,percentage,b) 3 to 5-year-olds,,,,day care centres,46.871
2020,percentage,b) 3 to 5-year-olds,,,,day care centres,47.553
2021,percentage,b) 3 to 5-year-olds,,,,day care centres,46.934
2022,percentage,b) 3 to 5-year-olds,,,,day care centres,46.99
2023,percentage,b) 3 to 5-year-olds,,,,day care centres,46.64
2024,percentage,b) 3 to 5-year-olds,,,,day care centres,46.607
2030,percentage,b) 3 to 5-year-olds,…,,,day care centres,
2006,percentage,b) 3 to 5-year-olds,,,,day care,0.127
2007,percentage,b) 3 to 5-year-olds,,,,day care,0.141
2008,percentage,b) 3 to 5-year-olds,,,,day care,0.171
2009,percentage,b) 3 to 5-year-olds,,,,day care,0.174
2010,percentage,b) 3 to 5-year-olds,,,,day care,0.183
2011,percentage,b) 3 to 5-year-olds,,,,day care,0.207
2012,percentage,b) 3 to 5-year-olds,,,,day care,0.204
2013,percentage,b) 3 to 5-year-olds,,,,day care,0.218
2014,percentage,b) 3 to 5-year-olds,,,,day care,0.244
2015,percentage,b) 3 to 5-year-olds,,,,day care,0.265
2016,percentage,b) 3 to 5-year-olds,,,,day care,0.266
2017,percentage,b) 3 to 5-year-olds,,,,day care,0.27
2018,percentage,b) 3 to 5-year-olds,,,,day care,0.294
2019,percentage,b) 3 to 5-year-olds,,,,day care,0.306
2020,percentage,b) 3 to 5-year-olds,,,,day care,0.36
2021,percentage,b) 3 to 5-year-olds,,,,day care,0.39
2022,percentage,b) 3 to 5-year-olds,,,,day care,0.363
2023,percentage,b) 3 to 5-year-olds,,,,day care,0.363
2024,percentage,b) 3 to 5-year-olds,,,,day care,0.369
2030,percentage,b) 3 to 5-year-olds,…,,,day care,
