Year,Units,Series,COMMENT_OBS_0,länder,GeoCode,Value
2006,percentage,<u>time series of the indicator:</u> unadjusted gender pay gap,,,,23.0
2007,percentage,<u>time series of the indicator:</u> unadjusted gender pay gap,,,,23.0
2008,percentage,<u>time series of the indicator:</u> unadjusted gender pay gap,,,,23.0
2009,percentage,<u>time series of the indicator:</u> unadjusted gender pay gap,,,,23.0
2010,percentage,<u>time series of the indicator:</u> unadjusted gender pay gap,,,,22.0
2011,percentage,<u>time series of the indicator:</u> unadjusted gender pay gap,,,,22.0
2012,percentage,<u>time series of the indicator:</u> unadjusted gender pay gap,,,,23.0
2013,percentage,<u>time series of the indicator:</u> unadjusted gender pay gap,,,,22.0
2014,percentage,<u>time series of the indicator:</u> unadjusted gender pay gap,,,,22.0
2015,percentage,<u>time series of the indicator:</u> unadjusted gender pay gap,r,,,22.0
2016,percentage,<u>time series of the indicator:</u> unadjusted gender pay gap,r,,,21.0
2017,percentage,<u>time series of the indicator:</u> unadjusted gender pay gap,r,,,20.0
2018,percentage,<u>time series of the indicator:</u> unadjusted gender pay gap,r,,,20.0
2019,percentage,<u>time series of the indicator:</u> unadjusted gender pay gap,r,,,19.0
2020,percentage,<u>time series of the indicator:</u> unadjusted gender pay gap,,,,18.0
2021,percentage,<u>time series of the indicator:</u> unadjusted gender pay gap,,,,18.0
2022,percentage,<u>time series of the indicator:</u> unadjusted gender pay gap,,,,18.0
2023,percentage,<u>time series of the indicator:</u> unadjusted gender pay gap,,,,18.0
2024,percentage,<u>time series of the indicator:</u> unadjusted gender pay gap,,,,16.0
2006,percentage,<u>additional time series:</u> adjusted gender pay gap,,,,8.0
2007,percentage,<u>additional time series:</u> adjusted gender pay gap,.,,,
2008,percentage,<u>additional time series:</u> adjusted gender pay gap,.,,,
2009,percentage,<u>additional time series:</u> adjusted gender pay gap,.,,,
2010,percentage,<u>additional time series:</u> adjusted gender pay gap,,,,7.0
2011,percentage,<u>additional time series:</u> adjusted gender pay gap,.,,,
2012,percentage,<u>additional time series:</u> adjusted gender pay gap,.,,,
2013,percentage,<u>additional time series:</u> adjusted gender pay gap,.,,,
2014,percentage,<u>additional time series:</u> adjusted gender pay gap,,,,6.0
2015,percentage,<u>additional time series:</u> adjusted gender pay gap,.,,,
2016,percentage,<u>additional time series:</u> adjusted gender pay gap,.,,,
2017,percentage,<u>additional time series:</u> adjusted gender pay gap,.,,,
2018,percentage,<u>additional time series:</u> adjusted gender pay gap,,,,6.0
2019,percentage,<u>additional time series:</u> adjusted gender pay gap,.,,,
2020,percentage,<u>additional time series:</u> adjusted gender pay gap,.,,,
2021,percentage,<u>additional time series:</u> adjusted gender pay gap,.,,,
2022,percentage,<u>additional time series:</u> adjusted gender pay gap,,,,7.0
2023,percentage,<u>additional time series:</u> adjusted gender pay gap,,,,6.0
2024,percentage,<u>additional time series:</u> adjusted gender pay gap,,,,6.0
2006,percentage,<u>time series of the indicator:</u> unadjusted gender pay gap,r,baden-wuerttemberg,code08,28.0
2007,percentage,<u>time series of the indicator:</u> unadjusted gender pay gap,r,baden-wuerttemberg,code08,28.0
2008,percentage,<u>time series of the indicator:</u> unadjusted gender pay gap,r,baden-wuerttemberg,code08,28.0
2009,percentage,<u>time series of the indicator:</u> unadjusted gender pay gap,r,baden-wuerttemberg,code08,27.0
2010,percentage,<u>time series of the indicator:</u> unadjusted gender pay gap,r,baden-wuerttemberg,code08,27.0
2011,percentage,<u>time series of the indicator:</u> unadjusted gender pay gap,r,baden-wuerttemberg,code08,27.0
2012,percentage,<u>time series of the indicator:</u> unadjusted gender pay gap,r,baden-wuerttemberg,code08,27.0
2013,percentage,<u>time series of the indicator:</u> unadjusted gender pay gap,r,baden-wuerttemberg,code08,27.0
2014,percentage,<u>time series of the indicator:</u> unadjusted gender pay gap,r,baden-wuerttemberg,code08,27.0
2015,percentage,<u>time series of the indicator:</u> unadjusted gender pay gap,r,baden-wuerttemberg,code08,26.0
2016,percentage,<u>time series of the indicator:</u> unadjusted gender pay gap,r,baden-wuerttemberg,code08,26.0
2017,percentage,<u>time series of the indicator:</u> unadjusted gender pay gap,r,baden-wuerttemberg,code08,25.0
2018,percentage,<u>time series of the indicator:</u> unadjusted gender pay gap,r,baden-wuerttemberg,code08,24.0
2019,percentage,<u>time series of the indicator:</u> unadjusted gender pay gap,r,baden-wuerttemberg,code08,23.0
2020,percentage,<u>time series of the indicator:</u> unadjusted gender pay gap,p,baden-wuerttemberg,code08,23.0
2021,percentage,<u>time series of the indicator:</u> unadjusted gender pay gap,p,baden-wuerttemberg,code08,22.0
2022,percentage,<u>time series of the indicator:</u> unadjusted gender pay gap,,baden-wuerttemberg,code08,23.0
2023,percentage,<u>time series of the indicator:</u> unadjusted gender pay gap,,baden-wuerttemberg,code08,22.0
2024,percentage,<u>time series of the indicator:</u> unadjusted gender pay gap,,baden-wuerttemberg,code08,19.0
2006,percentage,<u>time series of the indicator:</u> unadjusted gender pay gap,r,bavaria,code09,23.0
2007,percentage,<u>time series of the indicator:</u> unadjusted gender pay gap,r,bavaria,code09,24.0
2008,percentage,<u>time series of the indicator:</u> unadjusted gender pay gap,r,bavaria,code09,25.0
2009,percentage,<u>time series of the indicator:</u> unadjusted gender pay gap,r,bavaria,code09,25.0
2010,percentage,<u>time series of the indicator:</u> unadjusted gender pay gap,r,bavaria,code09,26.0
2011,percentage,<u>time series of the indicator:</u> unadjusted gender pay gap,r,bavaria,code09,25.0
2012,percentage,<u>time series of the indicator:</u> unadjusted gender pay gap,r,bavaria,code09,25.0
2013,percentage,<u>time series of the indicator:</u> unadjusted gender pay gap,r,bavaria,code09,25.0
2014,percentage,<u>time series of the indicator:</u> unadjusted gender pay gap,r,bavaria,code09,25.0
2015,percentage,<u>time series of the indicator:</u> unadjusted gender pay gap,r,bavaria,code09,24.0
2016,percentage,<u>time series of the indicator:</u> unadjusted gender pay gap,r,bavaria,code09,24.0
2017,percentage,<u>time series of the indicator:</u> unadjusted gender pay gap,r,bavaria,code09,24.0
2018,percentage,<u>time series of the indicator:</u> unadjusted gender pay gap,r,bavaria,code09,24.0
2019,percentage,<u>time series of the indicator:</u> unadjusted gender pay gap,r,bavaria,code09,23.0
2020,percentage,<u>time series of the indicator:</u> unadjusted gender pay gap,p,bavaria,code09,22.0
2021,percentage,<u>time series of the indicator:</u> unadjusted gender pay gap,p,bavaria,code09,21.0
2022,percentage,<u>time series of the indicator:</u> unadjusted gender pay gap,,bavaria,code09,21.0
2023,percentage,<u>time series of the indicator:</u> unadjusted gender pay gap,,bavaria,code09,21.0
2024,percentage,<u>time series of the indicator:</u> unadjusted gender pay gap,,bavaria,code09,18.0
2006,percentage,<u>time series of the indicator:</u> unadjusted gender pay gap,r,berlin,code11,14.0
2007,percentage,<u>time series of the indicator:</u> unadjusted gender pay gap,r,berlin,code11,14.0
2008,percentage,<u>time series of the indicator:</u> unadjusted gender pay gap,r,berlin,code11,16.0
2009,percentage,<u>time series of the indicator:</u> unadjusted gender pay gap,r,berlin,code11,15.0
2010,percentage,<u>time series of the indicator:</u> unadjusted gender pay gap,r,berlin,code11,14.0
2011,percentage,<u>time series of the indicator:</u> unadjusted gender pay gap,r,berlin,code11,15.0
2012,percentage,<u>time series of the indicator:</u> unadjusted gender pay gap,r,berlin,code11,15.0
2013,percentage,<u>time series of the indicator:</u> unadjusted gender pay gap,r,berlin,code11,14.0
2014,percentage,<u>time series of the indicator:</u> unadjusted gender pay gap,r,berlin,code11,14.0
2015,percentage,<u>time series of the indicator:</u> unadjusted gender pay gap,r,berlin,code11,14.0
2016,percentage,<u>time series of the indicator:</u> unadjusted gender pay gap,r,berlin,code11,12.0
2017,percentage,<u>time series of the indicator:</u> unadjusted gender pay gap,r,berlin,code11,10.0
2018,percentage,<u>time series of the indicator:</u> unadjusted gender pay gap,r,berlin,code11,10.0
2019,percentage,<u>time series of the indicator:</u> unadjusted gender pay gap,r,berlin,code11,10.0
2020,percentage,<u>time series of the indicator:</u> unadjusted gender pay gap,p,berlin,code11,10.0
2021,percentage,<u>time series of the indicator:</u> unadjusted gender pay gap,p,berlin,code11,10.0
2022,percentage,<u>time series of the indicator:</u> unadjusted gender pay gap,,berlin,code11,10.0
2023,percentage,<u>time series of the indicator:</u> unadjusted gender pay gap,,berlin,code11,11.0
2024,percentage,<u>time series of the indicator:</u> unadjusted gender pay gap,,berlin,code11,10.0
2006,percentage,<u>time series of the indicator:</u> unadjusted gender pay gap,r,brandenburg,code12,6.0
2007,percentage,<u>time series of the indicator:</u> unadjusted gender pay gap,r,brandenburg,code12,7.0
2008,percentage,<u>time series of the indicator:</u> unadjusted gender pay gap,r,brandenburg,code12,7.0
2009,percentage,<u>time series of the indicator:</u> unadjusted gender pay gap,r,brandenburg,code12,7.0
2010,percentage,<u>time series of the indicator:</u> unadjusted gender pay gap,r,brandenburg,code12,7.0
2011,percentage,<u>time series of the indicator:</u> unadjusted gender pay gap,r,brandenburg,code12,6.0
2012,percentage,<u>time series of the indicator:</u> unadjusted gender pay gap,r,brandenburg,code12,7.0
2013,percentage,<u>time series of the indicator:</u> unadjusted gender pay gap,r,brandenburg,code12,5.0
2014,percentage,<u>time series of the indicator:</u> unadjusted gender pay gap,r,brandenburg,code12,7.0
2015,percentage,<u>time series of the indicator:</u> unadjusted gender pay gap,r,brandenburg,code12,5.0
2016,percentage,<u>time series of the indicator:</u> unadjusted gender pay gap,r,brandenburg,code12,6.0
2017,percentage,<u>time series of the indicator:</u> unadjusted gender pay gap,r,brandenburg,code12,6.0
2018,percentage,<u>time series of the indicator:</u> unadjusted gender pay gap,r,brandenburg,code12,6.0
2019,percentage,<u>time series of the indicator:</u> unadjusted gender pay gap,r,brandenburg,code12,7.0
2020,percentage,<u>time series of the indicator:</u> unadjusted gender pay gap,p,brandenburg,code12,6.0
2021,percentage,<u>time series of the indicator:</u> unadjusted gender pay gap,p,brandenburg,code12,5.0
2022,percentage,<u>time series of the indicator:</u> unadjusted gender pay gap,,brandenburg,code12,6.0
2023,percentage,<u>time series of the indicator:</u> unadjusted gender pay gap,,brandenburg,code12,4.0
2024,percentage,<u>time series of the indicator:</u> unadjusted gender pay gap,,brandenburg,code12,2.0
2006,percentage,<u>time series of the indicator:</u> unadjusted gender pay gap,r,bremen,code04,25.0
2007,percentage,<u>time series of the indicator:</u> unadjusted gender pay gap,r,bremen,code04,27.0
2008,percentage,<u>time series of the indicator:</u> unadjusted gender pay gap,r,bremen,code04,27.0
2009,percentage,<u>time series of the indicator:</u> unadjusted gender pay gap,r,bremen,code04,24.0
2010,percentage,<u>time series of the indicator:</u> unadjusted gender pay gap,r,bremen,code04,24.0
2011,percentage,<u>time series of the indicator:</u> unadjusted gender pay gap,r,bremen,code04,24.0
2012,percentage,<u>time series of the indicator:</u> unadjusted gender pay gap,r,bremen,code04,27.0
2013,percentage,<u>time series of the indicator:</u> unadjusted gender pay gap,r,bremen,code04,25.0
2014,percentage,<u>time series of the indicator:</u> unadjusted gender pay gap,r,bremen,code04,25.0
2015,percentage,<u>time series of the indicator:</u> unadjusted gender pay gap,r,bremen,code04,25.0
2016,percentage,<u>time series of the indicator:</u> unadjusted gender pay gap,r,bremen,code04,24.0
2017,percentage,<u>time series of the indicator:</u> unadjusted gender pay gap,r,bremen,code04,24.0
2018,percentage,<u>time series of the indicator:</u> unadjusted gender pay gap,r,bremen,code04,23.0
2019,percentage,<u>time series of the indicator:</u> unadjusted gender pay gap,r,bremen,code04,25.0
2020,percentage,<u>time series of the indicator:</u> unadjusted gender pay gap,p,bremen,code04,22.0
2021,percentage,<u>time series of the indicator:</u> unadjusted gender pay gap,p,bremen,code04,22.0
2022,percentage,<u>time series of the indicator:</u> unadjusted gender pay gap,,bremen,code04,20.0
2023,percentage,<u>time series of the indicator:</u> unadjusted gender pay gap,,bremen,code04,19.0
2024,percentage,<u>time series of the indicator:</u> unadjusted gender pay gap,,bremen,code04,17.0
2006,percentage,<u>time series of the indicator:</u> unadjusted gender pay gap,r,hamburg,code02,20.0
2007,percentage,<u>time series of the indicator:</u> unadjusted gender pay gap,r,hamburg,code02,22.0
2008,percentage,<u>time series of the indicator:</u> unadjusted gender pay gap,r,hamburg,code02,22.0
2009,percentage,<u>time series of the indicator:</u> unadjusted gender pay gap,r,hamburg,code02,23.0
2010,percentage,<u>time series of the indicator:</u> unadjusted gender pay gap,r,hamburg,code02,23.0
2011,percentage,<u>time series of the indicator:</u> unadjusted gender pay gap,r,hamburg,code02,22.0
2012,percentage,<u>time series of the indicator:</u> unadjusted gender pay gap,r,hamburg,code02,24.0
2013,percentage,<u>time series of the indicator:</u> unadjusted gender pay gap,r,hamburg,code02,23.0
2014,percentage,<u>time series of the indicator:</u> unadjusted gender pay gap,r,hamburg,code02,22.0
2015,percentage,<u>time series of the indicator:</u> unadjusted gender pay gap,r,hamburg,code02,22.0
2016,percentage,<u>time series of the indicator:</u> unadjusted gender pay gap,r,hamburg,code02,21.0
2017,percentage,<u>time series of the indicator:</u> unadjusted gender pay gap,r,hamburg,code02,21.0
2018,percentage,<u>time series of the indicator:</u> unadjusted gender pay gap,r,hamburg,code02,21.0
2019,percentage,<u>time series of the indicator:</u> unadjusted gender pay gap,r,hamburg,code02,21.0
2020,percentage,<u>time series of the indicator:</u> unadjusted gender pay gap,p,hamburg,code02,21.0
2021,percentage,<u>time series of the indicator:</u> unadjusted gender pay gap,p,hamburg,code02,21.0
2022,percentage,<u>time series of the indicator:</u> unadjusted gender pay gap,,hamburg,code02,18.0
2023,percentage,<u>time series of the indicator:</u> unadjusted gender pay gap,,hamburg,code02,18.0
2024,percentage,<u>time series of the indicator:</u> unadjusted gender pay gap,,hamburg,code02,18.0
2006,percentage,<u>time series of the indicator:</u> unadjusted gender pay gap,r,hesse,code06,23.0
2007,percentage,<u>time series of the indicator:</u> unadjusted gender pay gap,r,hesse,code06,24.0
2008,percentage,<u>time series of the indicator:</u> unadjusted gender pay gap,r,hesse,code06,24.0
2009,percentage,<u>time series of the indicator:</u> unadjusted gender pay gap,r,hesse,code06,24.0
2010,percentage,<u>time series of the indicator:</u> unadjusted gender pay gap,r,hesse,code06,25.0
2011,percentage,<u>time series of the indicator:</u> unadjusted gender pay gap,r,hesse,code06,25.0
2012,percentage,<u>time series of the indicator:</u> unadjusted gender pay gap,r,hesse,code06,24.0
2013,percentage,<u>time series of the indicator:</u> unadjusted gender pay gap,r,hesse,code06,23.0
2014,percentage,<u>time series of the indicator:</u> unadjusted gender pay gap,r,hesse,code06,24.0
2015,percentage,<u>time series of the indicator:</u> unadjusted gender pay gap,r,hesse,code06,23.0
2016,percentage,<u>time series of the indicator:</u> unadjusted gender pay gap,r,hesse,code06,22.0
2017,percentage,<u>time series of the indicator:</u> unadjusted gender pay gap,r,hesse,code06,22.0
2018,percentage,<u>time series of the indicator:</u> unadjusted gender pay gap,r,hesse,code06,21.0
2019,percentage,<u>time series of the indicator:</u> unadjusted gender pay gap,r,hesse,code06,19.0
2020,percentage,<u>time series of the indicator:</u> unadjusted gender pay gap,p,hesse,code06,18.0
2021,percentage,<u>time series of the indicator:</u> unadjusted gender pay gap,p,hesse,code06,18.0
2022,percentage,<u>time series of the indicator:</u> unadjusted gender pay gap,,hesse,code06,21.0
2023,percentage,<u>time series of the indicator:</u> unadjusted gender pay gap,,hesse,code06,20.0
2024,percentage,<u>time series of the indicator:</u> unadjusted gender pay gap,,hesse,code06,19.0
2006,percentage,<u>time series of the indicator:</u> unadjusted gender pay gap,r,mecklenburg western pomerania,code13,2.0
2007,percentage,<u>time series of the indicator:</u> unadjusted gender pay gap,r,mecklenburg western pomerania,code13,2.0
2008,percentage,<u>time series of the indicator:</u> unadjusted gender pay gap,r,mecklenburg western pomerania,code13,3.0
2009,percentage,<u>time series of the indicator:</u> unadjusted gender pay gap,r,mecklenburg western pomerania,code13,3.0
2010,percentage,<u>time series of the indicator:</u> unadjusted gender pay gap,r,mecklenburg western pomerania,code13,4.0
2011,percentage,<u>time series of the indicator:</u> unadjusted gender pay gap,r,mecklenburg western pomerania,code13,6.0
2012,percentage,<u>time series of the indicator:</u> unadjusted gender pay gap,r,mecklenburg western pomerania,code13,7.0
2013,percentage,<u>time series of the indicator:</u> unadjusted gender pay gap,r,mecklenburg western pomerania,code13,6.0
2014,percentage,<u>time series of the indicator:</u> unadjusted gender pay gap,r,mecklenburg western pomerania,code13,8.0
2015,percentage,<u>time series of the indicator:</u> unadjusted gender pay gap,r,mecklenburg western pomerania,code13,7.0
2016,percentage,<u>time series of the indicator:</u> unadjusted gender pay gap,r,mecklenburg western pomerania,code13,6.0
2017,percentage,<u>time series of the indicator:</u> unadjusted gender pay gap,r,mecklenburg western pomerania,code13,6.0
2018,percentage,<u>time series of the indicator:</u> unadjusted gender pay gap,r,mecklenburg western pomerania,code13,6.0
2019,percentage,<u>time series of the indicator:</u> unadjusted gender pay gap,r,mecklenburg western pomerania,code13,6.0
2020,percentage,<u>time series of the indicator:</u> unadjusted gender pay gap,p,mecklenburg western pomerania,code13,6.0
2021,percentage,<u>time series of the indicator:</u> unadjusted gender pay gap,p,mecklenburg western pomerania,code13,5.0
2022,percentage,<u>time series of the indicator:</u> unadjusted gender pay gap,,mecklenburg western pomerania,code13,6.0
2023,percentage,<u>time series of the indicator:</u> unadjusted gender pay gap,,mecklenburg western pomerania,code13,7.0
2024,percentage,<u>time series of the indicator:</u> unadjusted gender pay gap,,mecklenburg western pomerania,code13,7.0
2006,percentage,<u>time series of the indicator:</u> unadjusted gender pay gap,r,lower saxony,code03,25.0
2007,percentage,<u>time series of the indicator:</u> unadjusted gender pay gap,r,lower saxony,code03,24.0
2008,percentage,<u>time series of the indicator:</u> unadjusted gender pay gap,r,lower saxony,code03,23.0
2009,percentage,<u>time series of the indicator:</u> unadjusted gender pay gap,r,lower saxony,code03,22.0
2010,percentage,<u>time series of the indicator:</u> unadjusted gender pay gap,r,lower saxony,code03,22.0
2011,percentage,<u>time series of the indicator:</u> unadjusted gender pay gap,r,lower saxony,code03,22.0
2012,percentage,<u>time series of the indicator:</u> unadjusted gender pay gap,r,lower saxony,code03,21.0
2013,percentage,<u>time series of the indicator:</u> unadjusted gender pay gap,r,lower saxony,code03,20.0
2014,percentage,<u>time series of the indicator:</u> unadjusted gender pay gap,r,lower saxony,code03,22.0
2015,percentage,<u>time series of the indicator:</u> unadjusted gender pay gap,r,lower saxony,code03,22.0
2016,percentage,<u>time series of the indicator:</u> unadjusted gender pay gap,r,lower saxony,code03,21.0
2017,percentage,<u>time series of the indicator:</u> unadjusted gender pay gap,r,lower saxony,code03,21.0
2018,percentage,<u>time series of the indicator:</u> unadjusted gender pay gap,r,lower saxony,code03,21.0
2019,percentage,<u>time series of the indicator:</u> unadjusted gender pay gap,r,lower saxony,code03,21.0
2020,percentage,<u>time series of the indicator:</u> unadjusted gender pay gap,p,lower saxony,code03,19.0
2021,percentage,<u>time series of the indicator:</u> unadjusted gender pay gap,p,lower saxony,code03,19.0
2022,percentage,<u>time series of the indicator:</u> unadjusted gender pay gap,,lower saxony,code03,18.0
2023,percentage,<u>time series of the indicator:</u> unadjusted gender pay gap,,lower saxony,code03,18.0
2024,percentage,<u>time series of the indicator:</u> unadjusted gender pay gap,,lower saxony,code03,15.0
2006,percentage,<u>time series of the indicator:</u> unadjusted gender pay gap,r,north rhine-westphalia,code05,24.0
2007,percentage,<u>time series of the indicator:</u> unadjusted gender pay gap,r,north rhine-westphalia,code05,24.0
2008,percentage,<u>time series of the indicator:</u> unadjusted gender pay gap,r,north rhine-westphalia,code05,24.0
2009,percentage,<u>time series of the indicator:</u> unadjusted gender pay gap,r,north rhine-westphalia,code05,23.0
2010,percentage,<u>time series of the indicator:</u> unadjusted gender pay gap,r,north rhine-westphalia,code05,23.0
2011,percentage,<u>time series of the indicator:</u> unadjusted gender pay gap,r,north rhine-westphalia,code05,23.0
2012,percentage,<u>time series of the indicator:</u> unadjusted gender pay gap,r,north rhine-westphalia,code05,24.0
2013,percentage,<u>time series of the indicator:</u> unadjusted gender pay gap,r,north rhine-westphalia,code05,23.0
2014,percentage,<u>time series of the indicator:</u> unadjusted gender pay gap,r,north rhine-westphalia,code05,23.0
2015,percentage,<u>time series of the indicator:</u> unadjusted gender pay gap,r,north rhine-westphalia,code05,23.0
2016,percentage,<u>time series of the indicator:</u> unadjusted gender pay gap,r,north rhine-westphalia,code05,22.0
2017,percentage,<u>time series of the indicator:</u> unadjusted gender pay gap,r,north rhine-westphalia,code05,21.0
2018,percentage,<u>time series of the indicator:</u> unadjusted gender pay gap,r,north rhine-westphalia,code05,20.0
2019,percentage,<u>time series of the indicator:</u> unadjusted gender pay gap,r,north rhine-westphalia,code05,19.0
2020,percentage,<u>time series of the indicator:</u> unadjusted gender pay gap,p,north rhine-westphalia,code05,18.0
2021,percentage,<u>time series of the indicator:</u> unadjusted gender pay gap,p,north rhine-westphalia,code05,17.0
2022,percentage,<u>time series of the indicator:</u> unadjusted gender pay gap,,north rhine-westphalia,code05,17.0
2023,percentage,<u>time series of the indicator:</u> unadjusted gender pay gap,,north rhine-westphalia,code05,17.0
2024,percentage,<u>time series of the indicator:</u> unadjusted gender pay gap,,north rhine-westphalia,code05,16.0
2006,percentage,<u>time series of the indicator:</u> unadjusted gender pay gap,r,rhineland palatinate,code07,21.0
2007,percentage,<u>time series of the indicator:</u> unadjusted gender pay gap,r,rhineland palatinate,code07,22.0
2008,percentage,<u>time series of the indicator:</u> unadjusted gender pay gap,r,rhineland palatinate,code07,22.0
2009,percentage,<u>time series of the indicator:</u> unadjusted gender pay gap,r,rhineland palatinate,code07,22.0
2010,percentage,<u>time series of the indicator:</u> unadjusted gender pay gap,r,rhineland palatinate,code07,22.0
2011,percentage,<u>time series of the indicator:</u> unadjusted gender pay gap,r,rhineland palatinate,code07,22.0
2012,percentage,<u>time series of the indicator:</u> unadjusted gender pay gap,r,rhineland palatinate,code07,22.0
2013,percentage,<u>time series of the indicator:</u> unadjusted gender pay gap,r,rhineland palatinate,code07,22.0
2014,percentage,<u>time series of the indicator:</u> unadjusted gender pay gap,r,rhineland palatinate,code07,21.0
2015,percentage,<u>time series of the indicator:</u> unadjusted gender pay gap,r,rhineland palatinate,code07,20.0
2016,percentage,<u>time series of the indicator:</u> unadjusted gender pay gap,r,rhineland palatinate,code07,20.0
2017,percentage,<u>time series of the indicator:</u> unadjusted gender pay gap,r,rhineland palatinate,code07,19.0
2018,percentage,<u>time series of the indicator:</u> unadjusted gender pay gap,r,rhineland palatinate,code07,18.0
2019,percentage,<u>time series of the indicator:</u> unadjusted gender pay gap,r,rhineland palatinate,code07,17.0
2020,percentage,<u>time series of the indicator:</u> unadjusted gender pay gap,p,rhineland palatinate,code07,15.0
2021,percentage,<u>time series of the indicator:</u> unadjusted gender pay gap,p,rhineland palatinate,code07,15.0
2022,percentage,<u>time series of the indicator:</u> unadjusted gender pay gap,,rhineland palatinate,code07,15.0
2023,percentage,<u>time series of the indicator:</u> unadjusted gender pay gap,,rhineland palatinate,code07,15.0
2024,percentage,<u>time series of the indicator:</u> unadjusted gender pay gap,,rhineland palatinate,code07,14.0
2006,percentage,<u>time series of the indicator:</u> unadjusted gender pay gap,r,saarland,code10,24.0
2007,percentage,<u>time series of the indicator:</u> unadjusted gender pay gap,r,saarland,code10,26.0
2008,percentage,<u>time series of the indicator:</u> unadjusted gender pay gap,r,saarland,code10,26.0
2009,percentage,<u>time series of the indicator:</u> unadjusted gender pay gap,r,saarland,code10,25.0
2010,percentage,<u>time series of the indicator:</u> unadjusted gender pay gap,r,saarland,code10,25.0
2011,percentage,<u>time series of the indicator:</u> unadjusted gender pay gap,r,saarland,code10,25.0
2012,percentage,<u>time series of the indicator:</u> unadjusted gender pay gap,r,saarland,code10,25.0
2013,percentage,<u>time series of the indicator:</u> unadjusted gender pay gap,r,saarland,code10,24.0
2014,percentage,<u>time series of the indicator:</u> unadjusted gender pay gap,r,saarland,code10,23.0
2015,percentage,<u>time series of the indicator:</u> unadjusted gender pay gap,r,saarland,code10,24.0
2016,percentage,<u>time series of the indicator:</u> unadjusted gender pay gap,r,saarland,code10,24.0
2017,percentage,<u>time series of the indicator:</u> unadjusted gender pay gap,r,saarland,code10,24.0
2018,percentage,<u>time series of the indicator:</u> unadjusted gender pay gap,r,saarland,code10,23.0
2019,percentage,<u>time series of the indicator:</u> unadjusted gender pay gap,r,saarland,code10,22.0
2020,percentage,<u>time series of the indicator:</u> unadjusted gender pay gap,p,saarland,code10,20.0
2021,percentage,<u>time series of the indicator:</u> unadjusted gender pay gap,p,saarland,code10,20.0
2022,percentage,<u>time series of the indicator:</u> unadjusted gender pay gap,,saarland,code10,18.0
2023,percentage,<u>time series of the indicator:</u> unadjusted gender pay gap,,saarland,code10,18.0
2024,percentage,<u>time series of the indicator:</u> unadjusted gender pay gap,,saarland,code10,16.0
2006,percentage,<u>time series of the indicator:</u> unadjusted gender pay gap,r,saxony,code14,9.0
2007,percentage,<u>time series of the indicator:</u> unadjusted gender pay gap,r,saxony,code14,9.0
2008,percentage,<u>time series of the indicator:</u> unadjusted gender pay gap,r,saxony,code14,9.0
2009,percentage,<u>time series of the indicator:</u> unadjusted gender pay gap,r,saxony,code14,9.0
2010,percentage,<u>time series of the indicator:</u> unadjusted gender pay gap,r,saxony,code14,9.0
2011,percentage,<u>time series of the indicator:</u> unadjusted gender pay gap,r,saxony,code14,10.0
2012,percentage,<u>time series of the indicator:</u> unadjusted gender pay gap,r,saxony,code14,11.0
2013,percentage,<u>time series of the indicator:</u> unadjusted gender pay gap,r,saxony,code14,11.0
2014,percentage,<u>time series of the indicator:</u> unadjusted gender pay gap,r,saxony,code14,11.0
2015,percentage,<u>time series of the indicator:</u> unadjusted gender pay gap,r,saxony,code14,11.0
2016,percentage,<u>time series of the indicator:</u> unadjusted gender pay gap,r,saxony,code14,10.0
2017,percentage,<u>time series of the indicator:</u> unadjusted gender pay gap,r,saxony,code14,9.0
2018,percentage,<u>time series of the indicator:</u> unadjusted gender pay gap,r,saxony,code14,8.0
2019,percentage,<u>time series of the indicator:</u> unadjusted gender pay gap,r,saxony,code14,7.0
2020,percentage,<u>time series of the indicator:</u> unadjusted gender pay gap,p,saxony,code14,7.0
2021,percentage,<u>time series of the indicator:</u> unadjusted gender pay gap,p,saxony,code14,6.0
2022,percentage,<u>time series of the indicator:</u> unadjusted gender pay gap,,saxony,code14,8.0
2023,percentage,<u>time series of the indicator:</u> unadjusted gender pay gap,,saxony,code14,9.0
2024,percentage,<u>time series of the indicator:</u> unadjusted gender pay gap,,saxony,code14,7.0
2006,percentage,<u>time series of the indicator:</u> unadjusted gender pay gap,r,saxony-anhalt,code15,3.0
2007,percentage,<u>time series of the indicator:</u> unadjusted gender pay gap,r,saxony-anhalt,code15,3.0
2008,percentage,<u>time series of the indicator:</u> unadjusted gender pay gap,r,saxony-anhalt,code15,3.0
2009,percentage,<u>time series of the indicator:</u> unadjusted gender pay gap,r,saxony-anhalt,code15,3.0
2010,percentage,<u>time series of the indicator:</u> unadjusted gender pay gap,r,saxony-anhalt,code15,4.0
2011,percentage,<u>time series of the indicator:</u> unadjusted gender pay gap,r,saxony-anhalt,code15,5.0
2012,percentage,<u>time series of the indicator:</u> unadjusted gender pay gap,r,saxony-anhalt,code15,5.0
2013,percentage,<u>time series of the indicator:</u> unadjusted gender pay gap,r,saxony-anhalt,code15,4.0
2014,percentage,<u>time series of the indicator:</u> unadjusted gender pay gap,r,saxony-anhalt,code15,5.0
2015,percentage,<u>time series of the indicator:</u> unadjusted gender pay gap,r,saxony-anhalt,code15,4.0
2016,percentage,<u>time series of the indicator:</u> unadjusted gender pay gap,r,saxony-anhalt,code15,4.0
2017,percentage,<u>time series of the indicator:</u> unadjusted gender pay gap,r,saxony-anhalt,code15,6.0
2018,percentage,<u>time series of the indicator:</u> unadjusted gender pay gap,r,saxony-anhalt,code15,8.0
2019,percentage,<u>time series of the indicator:</u> unadjusted gender pay gap,r,saxony-anhalt,code15,7.0
2020,percentage,<u>time series of the indicator:</u> unadjusted gender pay gap,p,saxony-anhalt,code15,8.0
2021,percentage,<u>time series of the indicator:</u> unadjusted gender pay gap,p,saxony-anhalt,code15,7.0
2022,percentage,<u>time series of the indicator:</u> unadjusted gender pay gap,,saxony-anhalt,code15,6.0
2023,percentage,<u>time series of the indicator:</u> unadjusted gender pay gap,,saxony-anhalt,code15,5.0
2024,percentage,<u>time series of the indicator:</u> unadjusted gender pay gap,,saxony-anhalt,code15,4.0
2006,percentage,<u>time series of the indicator:</u> unadjusted gender pay gap,r,schleswig-holstein,code01,18.0
2007,percentage,<u>time series of the indicator:</u> unadjusted gender pay gap,r,schleswig-holstein,code01,18.0
2008,percentage,<u>time series of the indicator:</u> unadjusted gender pay gap,r,schleswig-holstein,code01,19.0
2009,percentage,<u>time series of the indicator:</u> unadjusted gender pay gap,r,schleswig-holstein,code01,18.0
2010,percentage,<u>time series of the indicator:</u> unadjusted gender pay gap,r,schleswig-holstein,code01,18.0
2011,percentage,<u>time series of the indicator:</u> unadjusted gender pay gap,r,schleswig-holstein,code01,17.0
2012,percentage,<u>time series of the indicator:</u> unadjusted gender pay gap,r,schleswig-holstein,code01,18.0
2013,percentage,<u>time series of the indicator:</u> unadjusted gender pay gap,r,schleswig-holstein,code01,18.0
2014,percentage,<u>time series of the indicator:</u> unadjusted gender pay gap,r,schleswig-holstein,code01,17.0
2015,percentage,<u>time series of the indicator:</u> unadjusted gender pay gap,r,schleswig-holstein,code01,16.0
2016,percentage,<u>time series of the indicator:</u> unadjusted gender pay gap,r,schleswig-holstein,code01,16.0
2017,percentage,<u>time series of the indicator:</u> unadjusted gender pay gap,r,schleswig-holstein,code01,14.0
2018,percentage,<u>time series of the indicator:</u> unadjusted gender pay gap,r,schleswig-holstein,code01,14.0
2019,percentage,<u>time series of the indicator:</u> unadjusted gender pay gap,r,schleswig-holstein,code01,13.0
2020,percentage,<u>time series of the indicator:</u> unadjusted gender pay gap,p,schleswig-holstein,code01,13.0
2021,percentage,<u>time series of the indicator:</u> unadjusted gender pay gap,p,schleswig-holstein,code01,12.0
2022,percentage,<u>time series of the indicator:</u> unadjusted gender pay gap,,schleswig-holstein,code01,12.0
2023,percentage,<u>time series of the indicator:</u> unadjusted gender pay gap,,schleswig-holstein,code01,12.0
2024,percentage,<u>time series of the indicator:</u> unadjusted gender pay gap,,schleswig-holstein,code01,11.0
2006,percentage,<u>time series of the indicator:</u> unadjusted gender pay gap,r,thuringia,code16,6.0
2007,percentage,<u>time series of the indicator:</u> unadjusted gender pay gap,r,thuringia,code16,5.0
2008,percentage,<u>time series of the indicator:</u> unadjusted gender pay gap,r,thuringia,code16,5.0
2009,percentage,<u>time series of the indicator:</u> unadjusted gender pay gap,r,thuringia,code16,6.0
2010,percentage,<u>time series of the indicator:</u> unadjusted gender pay gap,r,thuringia,code16,6.0
2011,percentage,<u>time series of the indicator:</u> unadjusted gender pay gap,r,thuringia,code16,7.0
2012,percentage,<u>time series of the indicator:</u> unadjusted gender pay gap,r,thuringia,code16,8.0
2013,percentage,<u>time series of the indicator:</u> unadjusted gender pay gap,r,thuringia,code16,9.0
2014,percentage,<u>time series of the indicator:</u> unadjusted gender pay gap,r,thuringia,code16,8.0
2015,percentage,<u>time series of the indicator:</u> unadjusted gender pay gap,r,thuringia,code16,9.0
2016,percentage,<u>time series of the indicator:</u> unadjusted gender pay gap,r,thuringia,code16,7.0
2017,percentage,<u>time series of the indicator:</u> unadjusted gender pay gap,r,thuringia,code16,6.0
2018,percentage,<u>time series of the indicator:</u> unadjusted gender pay gap,r,thuringia,code16,6.0
2019,percentage,<u>time series of the indicator:</u> unadjusted gender pay gap,r,thuringia,code16,6.0
2020,percentage,<u>time series of the indicator:</u> unadjusted gender pay gap,p,thuringia,code16,5.0
2021,percentage,<u>time series of the indicator:</u> unadjusted gender pay gap,p,thuringia,code16,5.0
2022,percentage,<u>time series of the indicator:</u> unadjusted gender pay gap,,thuringia,code16,7.0
2023,percentage,<u>time series of the indicator:</u> unadjusted gender pay gap,,thuringia,code16,7.0
2024,percentage,<u>time series of the indicator:</u> unadjusted gender pay gap,,thuringia,code16,6.0
