Year,Units,COMMENT_OBS_0,länder,GeoCode,COMMENT_OBS_1,Value
1991,percentage,,,,,39.5
1992,percentage,,,,,41.9
1993,percentage,,,,,45.5
1994,percentage,,,,,47.9
1995,percentage,,,,,55.3
1996,percentage,,,,,58.1
1997,percentage,,,,,59.2
1998,percentage,,,,,59.8
1999,percentage,,,,,60.3
2000,percentage,,,,,59.2
2001,percentage,,,,,58.1
2002,percentage,,,,,59.8
2003,percentage,,,,,63.3
2004,percentage,,,,,65.0
2005,percentage,,,,,67.1
2006,percentage,,,,,66.4
2007,percentage,,,,,63.7
2008,percentage,,,,,65.2
2009,percentage,,,,,72.3
2010,percentage,,,,,81.0
2011,percentage,,,,,78.5
2012,percentage,,,,,79.8
2013,percentage,,,,,77.4
2014,percentage,,,,,74.5
2015,percentage,,,,,71.2
2016,percentage,,,,,68.3
2017,percentage,,,,,64.0
2018,percentage,,,,,60.8
2019,percentage,,,,,58.7
2020,percentage,,,,,68.1
2021,percentage,p,,,,68.1
2022,percentage,p,,,,65.0
2023,percentage,p,,,,62.9
2024,percentage,p,,,,62.5
1991,percentage,,baden-wuerttemberg,code08,,11.531
1992,percentage,,baden-wuerttemberg,code08,,11.628
1993,percentage,,baden-wuerttemberg,code08,,11.639
1994,percentage,,baden-wuerttemberg,code08,,11.74
1995,percentage,,baden-wuerttemberg,code08,,11.975
1996,percentage,,baden-wuerttemberg,code08,,11.849
1997,percentage,,baden-wuerttemberg,code08,,12.167
1998,percentage,,baden-wuerttemberg,code08,,12.057
1999,percentage,,baden-wuerttemberg,code08,,11.943
2000,percentage,,baden-wuerttemberg,code08,,11.743
2001,percentage,,baden-wuerttemberg,code08,,11.421
2002,percentage,,baden-wuerttemberg,code08,,12.136
2003,percentage,,baden-wuerttemberg,code08,,12.261
2004,percentage,,baden-wuerttemberg,code08,,12.827
2005,percentage,,baden-wuerttemberg,code08,,13.257
2006,percentage,,baden-wuerttemberg,code08,,13.02
2007,percentage,,baden-wuerttemberg,code08,,12.803
2008,percentage,,baden-wuerttemberg,code08,,12.5
2009,percentage,,baden-wuerttemberg,code08,,17.699
2010,percentage,,baden-wuerttemberg,code08,,16.97
2011,percentage,r,baden-wuerttemberg,code08,p,16.898
2012,percentage,r,baden-wuerttemberg,code08,p,16.619
2013,percentage,r,baden-wuerttemberg,code08,p,16.597
2014,percentage,r,baden-wuerttemberg,code08,p,13.496
2015,percentage,r,baden-wuerttemberg,code08,p,13.297
2016,percentage,r,baden-wuerttemberg,code08,p,13.047
2017,percentage,r,baden-wuerttemberg,code08,p,10.998
2018,percentage,r,baden-wuerttemberg,code08,p,10.19
2019,percentage,r,baden-wuerttemberg,code08,p,10.099
2020,percentage,r,baden-wuerttemberg,code08,p,11.242
2021,percentage,r,baden-wuerttemberg,code08,p,10.629
2022,percentage,p,baden-wuerttemberg,code08,,9.422
2023,percentage,,baden-wuerttemberg,code08,,8.608
2024,percentage,…,baden-wuerttemberg,code08,,
1991,percentage,,bavaria,code09,,9.306
1992,percentage,,bavaria,code09,,9.132
1993,percentage,,bavaria,code09,,8.89
1994,percentage,,bavaria,code09,,8.88
1995,percentage,,bavaria,code09,,8.563
1996,percentage,,bavaria,code09,,8.553
1997,percentage,,bavaria,code09,,9.222
1998,percentage,,bavaria,code09,,9.395
1999,percentage,,bavaria,code09,,9.402
2000,percentage,,bavaria,code09,,9.017
2001,percentage,,bavaria,code09,,8.544
2002,percentage,,bavaria,code09,,8.428
2003,percentage,,bavaria,code09,,8.924
2004,percentage,,bavaria,code09,,9.204
2005,percentage,,bavaria,code09,,9.442
2006,percentage,,bavaria,code09,,9.437
2007,percentage,,bavaria,code09,,8.628
2008,percentage,,bavaria,code09,,8.198
2009,percentage,,bavaria,code09,,9.651
2010,percentage,,bavaria,code09,,9.554
2011,percentage,r,bavaria,code09,p,8.78
2012,percentage,r,bavaria,code09,p,8.503
2013,percentage,r,bavaria,code09,p,7.843
2014,percentage,r,bavaria,code09,p,7.063
2015,percentage,r,bavaria,code09,p,6.405
2016,percentage,r,bavaria,code09,p,5.728
2017,percentage,r,bavaria,code09,p,5.01
2018,percentage,r,bavaria,code09,p,4.441
2019,percentage,r,bavaria,code09,p,3.994
2020,percentage,r,bavaria,code09,p,5.034
2021,percentage,r,bavaria,code09,p,5.157
2022,percentage,p,bavaria,code09,,4.924
2023,percentage,,bavaria,code09,,4.708
2024,percentage,…,bavaria,code09,,
1991,percentage,,berlin,code11,,11.889
1992,percentage,,berlin,code11,,13.972
1993,percentage,,berlin,code11,,16.904
1994,percentage,,berlin,code11,,19.415
1995,percentage,,berlin,code11,,25.128
1996,percentage,,berlin,code11,,29.291
1997,percentage,,berlin,code11,,32.388
1998,percentage,,berlin,code11,,34.968
1999,percentage,,berlin,code11,,37.166
2000,percentage,,berlin,code11,,39.111
2001,percentage,,berlin,code11,,44.403
2002,percentage,,berlin,code11,,51.857
2003,percentage,,berlin,code11,,57.097
2004,percentage,,berlin,code11,,63.069
2005,percentage,,berlin,code11,,65.812
2006,percentage,,berlin,code11,,65.143
2007,percentage,,berlin,code11,,59.892
2008,percentage,,berlin,code11,,56.545
2009,percentage,,berlin,code11,,59.3
2010,percentage,,berlin,code11,,58.459
2011,percentage,r,berlin,code11,p,56.781
2012,percentage,r,berlin,code11,p,55.501
2013,percentage,r,berlin,code11,p,53.519
2014,percentage,r,berlin,code11,p,50.365
2015,percentage,r,berlin,code11,p,46.957
2016,percentage,r,berlin,code11,p,43.563
2017,percentage,r,berlin,code11,p,40.018
2018,percentage,r,berlin,code11,p,36.416
2019,percentage,r,berlin,code11,p,34.354
2020,percentage,r,berlin,code11,p,38.158
2021,percentage,r,berlin,code11,p,37.313
2022,percentage,p,berlin,code11,,34.479
2023,percentage,,berlin,code11,,32.399
2024,percentage,…,berlin,code11,,
1991,percentage,,brandenburg,code12,,5.645
1992,percentage,,brandenburg,code12,,14.465
1993,percentage,,brandenburg,code12,,11.896
1994,percentage,,brandenburg,code12,,19.84
1995,percentage,,brandenburg,code12,,25.36
1996,percentage,,brandenburg,code12,,28.398
1997,percentage,,brandenburg,code12,,32.092
1998,percentage,,brandenburg,code12,,33.948
1999,percentage,,brandenburg,code12,,34.437
2000,percentage,,brandenburg,code12,,34.335
2001,percentage,,brandenburg,code12,,31.944
2002,percentage,,brandenburg,code12,,33.134
2003,percentage,,brandenburg,code12,,35.308
2004,percentage,,brandenburg,code12,,37.753
2005,percentage,,brandenburg,code12,,37.583
2006,percentage,,brandenburg,code12,,36.651
2007,percentage,,brandenburg,code12,,35.819
2008,percentage,,brandenburg,code12,,34.311
2009,percentage,,brandenburg,code12,,35.505
2010,percentage,,brandenburg,code12,,39.513
2011,percentage,r,brandenburg,code12,p,38.04
2012,percentage,r,brandenburg,code12,p,36.928
2013,percentage,r,brandenburg,code12,p,34.471
2014,percentage,r,brandenburg,code12,p,31.864
2015,percentage,r,brandenburg,code12,p,30.904
2016,percentage,r,brandenburg,code12,p,29.762
2017,percentage,r,brandenburg,code12,p,26.631
2018,percentage,r,brandenburg,code12,p,24.761
2019,percentage,r,brandenburg,code12,p,24.161
2020,percentage,r,brandenburg,code12,p,26.555
2021,percentage,r,brandenburg,code12,p,25.286
2022,percentage,p,brandenburg,code12,,22.487
2023,percentage,,brandenburg,code12,,21.549
2024,percentage,…,brandenburg,code12,,
1991,percentage,,bremen,code04,,41.482
1992,percentage,,bremen,code04,,43.299
1993,percentage,,bremen,code04,,45.425
1994,percentage,,bremen,code04,,43.291
1995,percentage,,bremen,code04,,42.27
1996,percentage,,bremen,code04,,41.684
1997,percentage,,bremen,code04,,41.099
1998,percentage,,bremen,code04,,39.774
1999,percentage,,bremen,code04,,37.678
2000,percentage,,bremen,code04,,38.231
2001,percentage,,bremen,code04,,38.547
2002,percentage,,bremen,code04,,40.513
2003,percentage,,bremen,code04,,43.694
2004,percentage,,bremen,code04,,46.102
2005,percentage,,bremen,code04,,49.512
2006,percentage,,bremen,code04,,51.324
2007,percentage,,bremen,code04,,53.009
2008,percentage,,bremen,code04,,55.911
2009,percentage,,bremen,code04,,64.308
2010,percentage,,bremen,code04,,68.491
2011,percentage,r,bremen,code04,p,69.324
2012,percentage,r,bremen,code04,p,68.957
2013,percentage,r,bremen,code04,p,69.526
2014,percentage,r,bremen,code04,p,69.114
2015,percentage,r,bremen,code04,p,71.894
2016,percentage,r,bremen,code04,p,67.997
2017,percentage,r,bremen,code04,p,64.97
2018,percentage,r,bremen,code04,p,65.99
2019,percentage,r,bremen,code04,p,90.462
2020,percentage,r,bremen,code04,p,122.662
2021,percentage,r,bremen,code04,p,104.365
2022,percentage,p,bremen,code04,,60.98
2023,percentage,,bremen,code04,,59.651
2024,percentage,…,bremen,code04,,
1991,percentage,,hamburg,code02,,16.069
1992,percentage,,hamburg,code02,,16.359
1993,percentage,,hamburg,code02,,17.852
1994,percentage,,hamburg,code02,,18.92
1995,percentage,,hamburg,code02,,19.185
1996,percentage,,hamburg,code02,,20.11
1997,percentage,,hamburg,code02,,19.814
1998,percentage,,hamburg,code02,,19.694
1999,percentage,,hamburg,code02,,20.529
2000,percentage,,hamburg,code02,,21.36
2001,percentage,,hamburg,code02,,21.451
2002,percentage,,hamburg,code02,,21.877
2003,percentage,,hamburg,code02,,23.185
2004,percentage,,hamburg,code02,,23.83
2005,percentage,,hamburg,code02,,24.286
2006,percentage,,hamburg,code02,,24.46
2007,percentage,,hamburg,code02,,23.635
2008,percentage,,hamburg,code02,,22.872
2009,percentage,,hamburg,code02,,26.203
2010,percentage,,hamburg,code02,,26.825
2011,percentage,r,hamburg,code02,p,26.294
2012,percentage,r,hamburg,code02,p,25.369
2013,percentage,r,hamburg,code02,p,24.799
2014,percentage,r,hamburg,code02,p,27.305
2015,percentage,r,hamburg,code02,p,26.687
2016,percentage,r,hamburg,code02,p,28.16
2017,percentage,r,hamburg,code02,p,27.934
2018,percentage,r,hamburg,code02,p,28.885
2019,percentage,r,hamburg,code02,p,26.871
2020,percentage,r,hamburg,code02,p,29.392
2021,percentage,r,hamburg,code02,p,26.358
2022,percentage,p,hamburg,code02,,22.421
2023,percentage,,hamburg,code02,,21.576
2024,percentage,…,hamburg,code02,,
1991,percentage,,hesse,code06,,15.797
1992,percentage,,hesse,code06,,15.67
1993,percentage,,hesse,code06,,15.331
1994,percentage,,hesse,code06,,15.867
1995,percentage,,hesse,code06,,16.223
1996,percentage,,hesse,code06,,16.44
1997,percentage,,hesse,code06,,16.087
1998,percentage,,hesse,code06,,16.543
1999,percentage,,hesse,code06,,16.179
2000,percentage,,hesse,code06,,15.423
2001,percentage,,hesse,code06,,14.918
2002,percentage,,hesse,code06,,15.479
2003,percentage,,hesse,code06,,16.007
2004,percentage,,hesse,code06,,16.915
2005,percentage,,hesse,code06,,17.56
2006,percentage,,hesse,code06,,17.784
2007,percentage,,hesse,code06,,16.915
2008,percentage,,hesse,code06,,16.801
2009,percentage,,hesse,code06,,19.103
2010,percentage,,hesse,code06,,22.854
2011,percentage,r,hesse,code06,p,23.475
2012,percentage,r,hesse,code06,p,24.81
2013,percentage,r,hesse,code06,p,23.964
2014,percentage,r,hesse,code06,p,24.783
2015,percentage,r,hesse,code06,p,23.675
2016,percentage,r,hesse,code06,p,22.608
2017,percentage,r,hesse,code06,p,20.925
2018,percentage,r,hesse,code06,p,18.648
2019,percentage,r,hesse,code06,p,18.202
2020,percentage,r,hesse,code06,p,20.883
2021,percentage,r,hesse,code06,p,19.164
2022,percentage,p,hesse,code06,,17.051
2023,percentage,,hesse,code06,,16.583
2024,percentage,…,hesse,code06,,
1991,percentage,,mecklenburg western pomerania,code13,,4.712
1992,percentage,,mecklenburg western pomerania,code13,,8.71
1993,percentage,,mecklenburg western pomerania,code13,,7.27
1994,percentage,,mecklenburg western pomerania,code13,,12.612
1995,percentage,,mecklenburg western pomerania,code13,,16.594
1996,percentage,,mecklenburg western pomerania,code13,,22.151
1997,percentage,,mecklenburg western pomerania,code13,,26.092
1998,percentage,,mecklenburg western pomerania,code13,,29.781
1999,percentage,,mecklenburg western pomerania,code13,,31.778
2000,percentage,,mecklenburg western pomerania,code13,,33.366
2001,percentage,,mecklenburg western pomerania,code13,,32.29
2002,percentage,,mecklenburg western pomerania,code13,,34.322
2003,percentage,,mecklenburg western pomerania,code13,,35.967
2004,percentage,,mecklenburg western pomerania,code13,,38.12
2005,percentage,,mecklenburg western pomerania,code13,,40.513
2006,percentage,,mecklenburg western pomerania,code13,,40.623
2007,percentage,,mecklenburg western pomerania,code13,,35.786
2008,percentage,,mecklenburg western pomerania,code13,,34.039
2009,percentage,,mecklenburg western pomerania,code13,,34.035
2010,percentage,,mecklenburg western pomerania,code13,,35.286
2011,percentage,r,mecklenburg western pomerania,code13,p,33.434
2012,percentage,r,mecklenburg western pomerania,code13,p,33.407
2013,percentage,r,mecklenburg western pomerania,code13,p,31.402
2014,percentage,r,mecklenburg western pomerania,code13,p,29.752
2015,percentage,r,mecklenburg western pomerania,code13,p,28.83
2016,percentage,r,mecklenburg western pomerania,code13,p,25.402
2017,percentage,r,mecklenburg western pomerania,code13,p,22.19
2018,percentage,r,mecklenburg western pomerania,code13,p,21.022
2019,percentage,r,mecklenburg western pomerania,code13,p,19.444
2020,percentage,r,mecklenburg western pomerania,code13,p,21.412
2021,percentage,r,mecklenburg western pomerania,code13,p,20.341
2022,percentage,p,mecklenburg western pomerania,code13,,18.131
2023,percentage,,mecklenburg western pomerania,code13,,15.345
2024,percentage,…,mecklenburg western pomerania,code13,,
1991,percentage,,lower saxony,code03,,20.776
1992,percentage,,lower saxony,code03,,20.744
1993,percentage,,lower saxony,code03,,20.286
1994,percentage,,lower saxony,code03,,21.076
1995,percentage,,lower saxony,code03,,22.109
1996,percentage,,lower saxony,code03,,22.98
1997,percentage,,lower saxony,code03,,23.505
1998,percentage,,lower saxony,code03,,23.557
1999,percentage,,lower saxony,code03,,23.533
2000,percentage,,lower saxony,code03,,22.828
2001,percentage,,lower saxony,code03,,22.629
2002,percentage,,lower saxony,code03,,24.054
2003,percentage,,lower saxony,code03,,25.583
2004,percentage,,lower saxony,code03,,26.703
2005,percentage,,lower saxony,code03,,27.703
2006,percentage,,lower saxony,code03,,26.875
2007,percentage,,lower saxony,code03,,26.364
2008,percentage,,lower saxony,code03,,25.918
2009,percentage,,lower saxony,code03,,27.769
2010,percentage,,lower saxony,code03,,29.681
2011,percentage,r,lower saxony,code03,p,28.961
2012,percentage,r,lower saxony,code03,p,28.023
2013,percentage,r,lower saxony,code03,p,27.787
2014,percentage,r,lower saxony,code03,p,26.892
2015,percentage,r,lower saxony,code03,p,28.044
2016,percentage,r,lower saxony,code03,p,25.981
2017,percentage,r,lower saxony,code03,p,25.33
2018,percentage,r,lower saxony,code03,p,24.111
2019,percentage,r,lower saxony,code03,p,22.879
2020,percentage,r,lower saxony,code03,p,25.85
2021,percentage,r,lower saxony,code03,p,24.784
2022,percentage,p,lower saxony,code03,,22.923
2023,percentage,,lower saxony,code03,,20.79
2024,percentage,…,lower saxony,code03,,
1991,percentage,,north rhine-westphalia,code05,,19.845
1992,percentage,,north rhine-westphalia,code05,,19.434
1993,percentage,,north rhine-westphalia,code05,,19.277
1994,percentage,,north rhine-westphalia,code05,,19.752
1995,percentage,,north rhine-westphalia,code05,,19.563
1996,percentage,,north rhine-westphalia,code05,,20.751
1997,percentage,,north rhine-westphalia,code05,,21.12
1998,percentage,,north rhine-westphalia,code05,,21.598
1999,percentage,,north rhine-westphalia,code05,,22.092
2000,percentage,,north rhine-westphalia,code05,,22.179
2001,percentage,,north rhine-westphalia,code05,,22.083
2002,percentage,,north rhine-westphalia,code05,,23.053
2003,percentage,,north rhine-westphalia,code05,,24.14
2004,percentage,,north rhine-westphalia,code05,,24.958
2005,percentage,,north rhine-westphalia,code05,,26.11
2006,percentage,,north rhine-westphalia,code05,,26.538
2007,percentage,,north rhine-westphalia,code05,,25.007
2008,percentage,,north rhine-westphalia,code05,,24.282
2009,percentage,,north rhine-westphalia,code05,,26.877
2010,percentage,,north rhine-westphalia,code05,,39.562
2011,percentage,r,north rhine-westphalia,code05,p,39.483
2012,percentage,r,north rhine-westphalia,code05,p,44.253
2013,percentage,r,north rhine-westphalia,code05,p,40.352
2014,percentage,r,north rhine-westphalia,code05,p,38.626
2015,percentage,r,north rhine-westphalia,code05,p,37.67
2016,percentage,r,north rhine-westphalia,code05,p,36.321
2017,percentage,r,north rhine-westphalia,code05,p,33.541
2018,percentage,r,north rhine-westphalia,code05,p,31.215
2019,percentage,r,north rhine-westphalia,code05,p,30.917
2020,percentage,r,north rhine-westphalia,code05,p,32.57
2021,percentage,r,north rhine-westphalia,code05,p,30.987
2022,percentage,p,north rhine-westphalia,code05,,29.072
2023,percentage,,north rhine-westphalia,code05,,27.892
2024,percentage,…,north rhine-westphalia,code05,,
1991,percentage,,rhineland palatinate,code07,,19.631
1992,percentage,,rhineland palatinate,code07,,19.837
1993,percentage,,rhineland palatinate,code07,,19.762
1994,percentage,,rhineland palatinate,code07,,19.969
1995,percentage,,rhineland palatinate,code07,,20.312
1996,percentage,,rhineland palatinate,code07,,20.869
1997,percentage,,rhineland palatinate,code07,,21.638
1998,percentage,,rhineland palatinate,code07,,22.746
1999,percentage,,rhineland palatinate,code07,,23.212
2000,percentage,,rhineland palatinate,code07,,23.582
2001,percentage,,rhineland palatinate,code07,,24.11
2002,percentage,,rhineland palatinate,code07,,25.03
2003,percentage,,rhineland palatinate,code07,,26.316
2004,percentage,,rhineland palatinate,code07,,26.993
2005,percentage,,rhineland palatinate,code07,,28.096
2006,percentage,,rhineland palatinate,code07,,28.454
2007,percentage,,rhineland palatinate,code07,,29.385
2008,percentage,,rhineland palatinate,code07,,29.162
2009,percentage,,rhineland palatinate,code07,,31.525
2010,percentage,,rhineland palatinate,code07,,36.75
2011,percentage,r,rhineland palatinate,code07,p,36.872
2012,percentage,r,rhineland palatinate,code07,p,36.962
2013,percentage,r,rhineland palatinate,code07,p,36.39
2014,percentage,r,rhineland palatinate,code07,p,35.478
2015,percentage,r,rhineland palatinate,code07,p,34.278
2016,percentage,r,rhineland palatinate,code07,p,33.741
2017,percentage,r,rhineland palatinate,code07,p,32.161
2018,percentage,r,rhineland palatinate,code07,p,30.253
2019,percentage,r,rhineland palatinate,code07,p,29.198
2020,percentage,r,rhineland palatinate,code07,p,30.379
2021,percentage,r,rhineland palatinate,code07,p,25.196
2022,percentage,p,rhineland palatinate,code07,,23.63
2023,percentage,,rhineland palatinate,code07,,22.482
2024,percentage,…,rhineland palatinate,code07,,
1991,percentage,,saarland,code10,,36.505
1992,percentage,,saarland,code10,,37.966
1993,percentage,,saarland,code10,,38.502
1994,percentage,,saarland,code10,,39.569
1995,percentage,,saarland,code10,,36.928
1996,percentage,,saarland,code10,,37.365
1997,percentage,,saarland,code10,,36.047
1998,percentage,,saarland,code10,,34.298
1999,percentage,,saarland,code10,,32.864
2000,percentage,,saarland,code10,,31.912
2001,percentage,,saarland,code10,,30.803
2002,percentage,,saarland,code10,,27.476
2003,percentage,,saarland,code10,,28.609
2004,percentage,,saarland,code10,,28.946
2005,percentage,,saarland,code10,,28.95
2006,percentage,,saarland,code10,,30.203
2007,percentage,,saarland,code10,,32.432
2008,percentage,,saarland,code10,,33.426
2009,percentage,,saarland,code10,,40.626
2010,percentage,,saarland,code10,,48.386
2011,percentage,r,saarland,code10,p,47.712
2012,percentage,r,saarland,code10,p,49.997
2013,percentage,r,saarland,code10,p,52.723
2014,percentage,r,saarland,code10,p,52.507
2015,percentage,r,saarland,code10,p,52.368
2016,percentage,r,saarland,code10,p,52.126
2017,percentage,r,saarland,code10,p,50.147
2018,percentage,r,saarland,code10,p,48.606
2019,percentage,r,saarland,code10,p,48.607
2020,percentage,r,saarland,code10,p,50.952
2021,percentage,r,saarland,code10,p,47.484
2022,percentage,p,saarland,code10,,41.92
2023,percentage,,saarland,code10,,38.511
2024,percentage,…,saarland,code10,,
1991,percentage,,saxony,code14,,5.001
1992,percentage,,saxony,code14,,10.367
1993,percentage,,saxony,code14,,8.542
1994,percentage,,saxony,code14,,13.188
1995,percentage,,saxony,code14,,14.904
1996,percentage,,saxony,code14,,17.628
1997,percentage,,saxony,code14,,19.625
1998,percentage,,saxony,code14,,20.929
1999,percentage,,saxony,code14,,21.246
2000,percentage,,saxony,code14,,21.073
2001,percentage,,saxony,code14,,20.766
2002,percentage,,saxony,code14,,20.129
2003,percentage,,saxony,code14,,20.055
2004,percentage,,saxony,code14,,20.065
2005,percentage,,saxony,code14,,20.635
2006,percentage,,saxony,code14,,19.702
2007,percentage,,saxony,code14,,15.999
2008,percentage,,saxony,code14,,13.26
2009,percentage,,saxony,code14,,11.654
2010,percentage,,saxony,code14,,10.655
2011,percentage,r,saxony,code14,p,9.142
2012,percentage,r,saxony,code14,p,9.194
2013,percentage,r,saxony,code14,p,8.096
2014,percentage,r,saxony,code14,p,6.83
2015,percentage,r,saxony,code14,p,5.759
2016,percentage,r,saxony,code14,p,4.528
2017,percentage,r,saxony,code14,p,3.84
2018,percentage,r,saxony,code14,p,3.389
2019,percentage,r,saxony,code14,p,2.89
2020,percentage,r,saxony,code14,p,5.741
2021,percentage,r,saxony,code14,p,6.282
2022,percentage,p,saxony,code14,,5.609
2023,percentage,,saxony,code14,,5.65
2024,percentage,…,saxony,code14,,
1991,percentage,,saxony-anhalt,code15,,5.354
1992,percentage,,saxony-anhalt,code15,,15.923
1993,percentage,,saxony-anhalt,code15,,12.951
1994,percentage,,saxony-anhalt,code15,,19.089
1995,percentage,,saxony-anhalt,code15,,23.09
1996,percentage,,saxony-anhalt,code15,,27.225
1997,percentage,,saxony-anhalt,code15,,32.803
1998,percentage,,saxony-anhalt,code15,,36.12
1999,percentage,,saxony-anhalt,code15,,39.357
2000,percentage,,saxony-anhalt,code15,,41.829
2001,percentage,,saxony-anhalt,code15,,39.054
2002,percentage,,saxony-anhalt,code15,,39.874
2003,percentage,,saxony-anhalt,code15,,42.486
2004,percentage,,saxony-anhalt,code15,,43.916
2005,percentage,,saxony-anhalt,code15,,46.922
2006,percentage,,saxony-anhalt,code15,,47.202
2007,percentage,,saxony-anhalt,code15,,46.378
2008,percentage,,saxony-anhalt,code15,,44.882
2009,percentage,,saxony-anhalt,code15,,46.768
2010,percentage,,saxony-anhalt,code15,,47.426
2011,percentage,r,saxony-anhalt,code15,p,46.364
2012,percentage,r,saxony-anhalt,code15,p,44.206
2013,percentage,r,saxony-anhalt,code15,p,42.377
2014,percentage,r,saxony-anhalt,code15,p,41.623
2015,percentage,r,saxony-anhalt,code15,p,41.471
2016,percentage,r,saxony-anhalt,code15,p,39.489
2017,percentage,r,saxony-anhalt,code15,p,38.672
2018,percentage,r,saxony-anhalt,code15,p,36.419
2019,percentage,r,saxony-anhalt,code15,p,36.284
2020,percentage,r,saxony-anhalt,code15,p,36.911
2021,percentage,r,saxony-anhalt,code15,p,36.187
2022,percentage,p,saxony-anhalt,code15,,34.642
2023,percentage,,saxony-anhalt,code15,,32.106
2024,percentage,…,saxony-anhalt,code15,,
1991,percentage,,schleswig-holstein,code01,,23.651
1992,percentage,,schleswig-holstein,code01,,23.559
1993,percentage,,schleswig-holstein,code01,,23.083
1994,percentage,,schleswig-holstein,code01,,24.224
1995,percentage,,schleswig-holstein,code01,,24.296
1996,percentage,,schleswig-holstein,code01,,25.413
1997,percentage,,schleswig-holstein,code01,,26.068
1998,percentage,,schleswig-holstein,code01,,26.974
1999,percentage,,schleswig-holstein,code01,,27.303
2000,percentage,,schleswig-holstein,code01,,27.462
2001,percentage,,schleswig-holstein,code01,,27.149
2002,percentage,,schleswig-holstein,code01,,28.589
2003,percentage,,schleswig-holstein,code01,,29.86
2004,percentage,,schleswig-holstein,code01,,31.335
2005,percentage,,schleswig-holstein,code01,,32.73
2006,percentage,,schleswig-holstein,code01,,33.766
2007,percentage,,schleswig-holstein,code01,,34.327
2008,percentage,,schleswig-holstein,code01,,33.564
2009,percentage,,schleswig-holstein,code01,,38.942
2010,percentage,,schleswig-holstein,code01,,42.092
2011,percentage,r,schleswig-holstein,code01,p,41.634
2012,percentage,r,schleswig-holstein,code01,p,40.737
2013,percentage,r,schleswig-holstein,code01,p,39.597
2014,percentage,r,schleswig-holstein,code01,p,38.709
2015,percentage,r,schleswig-holstein,code01,p,37.625
2016,percentage,r,schleswig-holstein,code01,p,38.486
2017,percentage,r,schleswig-holstein,code01,p,36.206
2018,percentage,r,schleswig-holstein,code01,p,37.005
2019,percentage,r,schleswig-holstein,code01,p,35.226
2020,percentage,r,schleswig-holstein,code01,p,36.515
2021,percentage,r,schleswig-holstein,code01,p,35.937
2022,percentage,p,schleswig-holstein,code01,,33.312
2023,percentage,,schleswig-holstein,code01,,31.269
2024,percentage,…,schleswig-holstein,code01,,
1991,percentage,,thuringia,code16,,6.699
1992,percentage,,thuringia,code16,,12.665
1993,percentage,,thuringia,code16,,10.323
1994,percentage,,thuringia,code16,,16.882
1995,percentage,,thuringia,code16,,24.923
1996,percentage,,thuringia,code16,,28.475
1997,percentage,,thuringia,code16,,31.521
1998,percentage,,thuringia,code16,,30.051
1999,percentage,,thuringia,code16,,31.805
2000,percentage,,thuringia,code16,,33.615
2001,percentage,,thuringia,code16,,34.504
2002,percentage,,thuringia,code16,,35.629
2003,percentage,,thuringia,code16,,36.27
2004,percentage,,thuringia,code16,,37.425
2005,percentage,,thuringia,code16,,39.715
2006,percentage,,thuringia,code16,,40.081
2007,percentage,,thuringia,code16,,39.348
2008,percentage,,thuringia,code16,,37.814
2009,percentage,,thuringia,code16,,39.865
2010,percentage,,thuringia,code16,,39.364
2011,percentage,r,thuringia,code16,p,37.121
2012,percentage,r,thuringia,code16,p,35.986
2013,percentage,r,thuringia,code16,p,35.734
2014,percentage,r,thuringia,code16,p,33.319
2015,percentage,r,thuringia,code16,p,32.167
2016,percentage,r,thuringia,code16,p,30.682
2017,percentage,r,thuringia,code16,p,30.199
2018,percentage,r,thuringia,code16,p,27.391
2019,percentage,r,thuringia,code16,p,26.466
2020,percentage,r,thuringia,code16,p,28.177
2021,percentage,r,thuringia,code16,p,27.794
2022,percentage,p,thuringia,code16,,24.689
2023,percentage,,thuringia,code16,,22.597
2024,percentage,…,thuringia,code16,,
