Year,Units,time series,federal state,GeoCode,Value
2005,percentage,government deficit,,,-3.319
2006,percentage,government deficit,,,-1.653
2007,percentage,government deficit,,,0.261
2008,percentage,government deficit,,,-0.116
2009,percentage,government deficit,,,-3.151
2010,percentage,government deficit,,,-4.379
2011,percentage,government deficit,,,-0.881
2012,percentage,government deficit,,,0.009
2013,percentage,government deficit,,,0.04
2014,percentage,government deficit,,,0.58
2015,percentage,government deficit,,,0.961
2016,percentage,government deficit,,,1.16
2017,percentage,government deficit,,,1.336
2018,percentage,government deficit,,,1.95
2019,percentage,government deficit,,,1.526
2020,percentage,government deficit,,,-4.339
2021,percentage,government deficit,,,-3.587
2022,percentage,government deficit,,,-2.5
2023,percentage,government deficit,,,-2.12
2005,percentage,structural deficit,,,-2.2
2006,percentage,structural deficit,,,-1.8
2007,percentage,structural deficit,,,-0.7
2008,percentage,structural deficit,,,-0.6
2009,percentage,structural deficit,,,-0.5
2010,percentage,structural deficit,,,-2.2
2011,percentage,structural deficit,,,-1.2
2012,percentage,structural deficit,,,0.1
2013,percentage,structural deficit,,,0.6
2014,percentage,structural deficit,,,0.9
2015,percentage,structural deficit,,,1.1
2016,percentage,structural deficit,,,1.0
2017,percentage,structural deficit,,,0.7
2018,percentage,structural deficit,,,1.3
2019,percentage,structural deficit,,,0.8
2020,percentage,structural deficit,,,-2.6
2021,percentage,structural deficit,,,-3.0
2022,percentage,structural deficit,,,-2.1
2023,percentage,structural deficit,,,-1.7
2005,percentage,gross domestic product (price-adjusted),,,0.7
2006,percentage,gross domestic product (price-adjusted),,,3.8
2007,percentage,gross domestic product (price-adjusted),,,3.0
2008,percentage,gross domestic product (price-adjusted),,,1.0
2009,percentage,gross domestic product (price-adjusted),,,-5.7
2010,percentage,gross domestic product (price-adjusted),,,4.2
2011,percentage,gross domestic product (price-adjusted),,,3.9
2012,percentage,gross domestic product (price-adjusted),,,0.4
2013,percentage,gross domestic product (price-adjusted),,,0.4
2014,percentage,gross domestic product (price-adjusted),,,2.2
2015,percentage,gross domestic product (price-adjusted),,,1.5
2016,percentage,gross domestic product (price-adjusted),,,2.2
2017,percentage,gross domestic product (price-adjusted),,,2.7
2018,percentage,gross domestic product (price-adjusted),,,1.0
2019,percentage,gross domestic product (price-adjusted),,,1.1
2020,percentage,gross domestic product (price-adjusted),,,-3.8
2021,percentage,gross domestic product (price-adjusted),,,3.2
2022,percentage,gross domestic product (price-adjusted),,,1.8
2023,percentage,gross domestic product (price-adjusted),,,-0.3
2010,percentage,structural deficit,baden-wuerttemberg,code08,-0.396
2011,percentage,structural deficit,baden-wuerttemberg,code08,0.25
2012,percentage,structural deficit,baden-wuerttemberg,code08,0.386
2013,percentage,structural deficit,baden-wuerttemberg,code08,-0.117
2014,percentage,structural deficit,baden-wuerttemberg,code08,-0.042
2015,percentage,structural deficit,baden-wuerttemberg,code08,0.02
2016,percentage,structural deficit,baden-wuerttemberg,code08,0.11
2017,percentage,structural deficit,baden-wuerttemberg,code08,0.275
2018,percentage,structural deficit,baden-wuerttemberg,code08,0.852
2019,percentage,structural deficit,baden-wuerttemberg,code08,0.75
2020,percentage,structural deficit,baden-wuerttemberg,code08,-0.937
2021,percentage,structural deficit,baden-wuerttemberg,code08,0.664
2022,percentage,structural deficit,baden-wuerttemberg,code08,0.558
2010,percentage,structural deficit,bavaria,code09,-0.368
2011,percentage,structural deficit,bavaria,code09,0.318
2012,percentage,structural deficit,bavaria,code09,0.541
2013,percentage,structural deficit,bavaria,code09,0.69
2014,percentage,structural deficit,bavaria,code09,0.648
2015,percentage,structural deficit,bavaria,code09,0.637
2016,percentage,structural deficit,bavaria,code09,0.658
2017,percentage,structural deficit,bavaria,code09,0.926
2018,percentage,structural deficit,bavaria,code09,1.055
2019,percentage,structural deficit,bavaria,code09,0.147
2020,percentage,structural deficit,bavaria,code09,-1.055
2021,percentage,structural deficit,bavaria,code09,0.147
2022,percentage,structural deficit,bavaria,code09,0.435
2010,percentage,structural deficit,berlin,code11,-1.374
2011,percentage,structural deficit,berlin,code11,-0.903
2012,percentage,structural deficit,berlin,code11,0.026
2013,percentage,structural deficit,berlin,code11,0.693
2014,percentage,structural deficit,berlin,code11,0.829
2015,percentage,structural deficit,berlin,code11,0.975
2016,percentage,structural deficit,berlin,code11,1.0
2017,percentage,structural deficit,berlin,code11,1.721
2018,percentage,structural deficit,berlin,code11,1.542
2019,percentage,structural deficit,berlin,code11,0.745
2020,percentage,structural deficit,berlin,code11,-1.086
2021,percentage,structural deficit,berlin,code11,-1.311
2022,percentage,structural deficit,berlin,code11,0.821
2010,percentage,structural deficit,brandenburg,code12,-1.079
2011,percentage,structural deficit,brandenburg,code12,0.145
2012,percentage,structural deficit,brandenburg,code12,0.212
2013,percentage,structural deficit,brandenburg,code12,1.592
2014,percentage,structural deficit,brandenburg,code12,0.904
2015,percentage,structural deficit,brandenburg,code12,1.387
2016,percentage,structural deficit,brandenburg,code12,1.192
2017,percentage,structural deficit,brandenburg,code12,1.41
2018,percentage,structural deficit,brandenburg,code12,1.482
2019,percentage,structural deficit,brandenburg,code12,-0.785
2020,percentage,structural deficit,brandenburg,code12,-1.069
2021,percentage,structural deficit,brandenburg,code12,-0.204
2022,percentage,structural deficit,brandenburg,code12,0.45
2010,percentage,structural deficit,bremen,code04,-4.818
2011,percentage,structural deficit,bremen,code04,-3.202
2012,percentage,structural deficit,bremen,code04,-2.037
2013,percentage,structural deficit,bremen,code04,-1.845
2014,percentage,structural deficit,bremen,code04,-1.54
2015,percentage,structural deficit,bremen,code04,-1.068
2016,percentage,structural deficit,bremen,code04,-0.273
2017,percentage,structural deficit,bremen,code04,0.321
2018,percentage,structural deficit,bremen,code04,0.557
2019,percentage,structural deficit,bremen,code04,0.647
2020,percentage,structural deficit,bremen,code04,-0.859
2021,percentage,structural deficit,bremen,code04,-0.071
2022,percentage,structural deficit,bremen,code04,-0.352
2010,percentage,structural deficit,hamburg,code02,-0.88
2011,percentage,structural deficit,hamburg,code02,-0.404
2012,percentage,structural deficit,hamburg,code02,-1.054
2013,percentage,structural deficit,hamburg,code02,-1.316
2014,percentage,structural deficit,hamburg,code02,0.069
2015,percentage,structural deficit,hamburg,code02,0.142
2016,percentage,structural deficit,hamburg,code02,-0.204
2017,percentage,structural deficit,hamburg,code02,-0.259
2018,percentage,structural deficit,hamburg,code02,-0.508
2019,percentage,structural deficit,hamburg,code02,0.202
2020,percentage,structural deficit,hamburg,code02,-0.832
2021,percentage,structural deficit,hamburg,code02,-0.323
2022,percentage,structural deficit,hamburg,code02,2.292
2010,percentage,structural deficit,hesse,code06,-2.018
2011,percentage,structural deficit,hesse,code06,-1.7
2012,percentage,structural deficit,hesse,code06,-1.52
2013,percentage,structural deficit,hesse,code06,-0.75
2014,percentage,structural deficit,hesse,code06,-0.459
2015,percentage,structural deficit,hesse,code06,-0.123
2016,percentage,structural deficit,hesse,code06,0.323
2017,percentage,structural deficit,hesse,code06,0.553
2018,percentage,structural deficit,hesse,code06,0.555
2019,percentage,structural deficit,hesse,code06,0.62
2020,percentage,structural deficit,hesse,code06,-0.984
2021,percentage,structural deficit,hesse,code06,0.392
2022,percentage,structural deficit,hesse,code06,0.628
2010,percentage,structural deficit,mecklenburg western pomerania,code13,-0.395
2011,percentage,structural deficit,mecklenburg western pomerania,code13,0.466
2012,percentage,structural deficit,mecklenburg western pomerania,code13,-0.316
2013,percentage,structural deficit,mecklenburg western pomerania,code13,1.136
2014,percentage,structural deficit,mecklenburg western pomerania,code13,1.035
2015,percentage,structural deficit,mecklenburg western pomerania,code13,1.818
2016,percentage,structural deficit,mecklenburg western pomerania,code13,2.44
2017,percentage,structural deficit,mecklenburg western pomerania,code13,2.486
2018,percentage,structural deficit,mecklenburg western pomerania,code13,1.858
2019,percentage,structural deficit,mecklenburg western pomerania,code13,0.433
2020,percentage,structural deficit,mecklenburg western pomerania,code13,-0.195
2021,percentage,structural deficit,mecklenburg western pomerania,code13,0.449
2022,percentage,structural deficit,mecklenburg western pomerania,code13,1.263
2010,percentage,structural deficit,lower saxony,code03,-1.097
2011,percentage,structural deficit,lower saxony,code03,-1.005
2012,percentage,structural deficit,lower saxony,code03,-0.061
2013,percentage,structural deficit,lower saxony,code03,0.157
2014,percentage,structural deficit,lower saxony,code03,-0.011
2015,percentage,structural deficit,lower saxony,code03,0.415
2016,percentage,structural deficit,lower saxony,code03,0.784
2017,percentage,structural deficit,lower saxony,code03,0.745
2018,percentage,structural deficit,lower saxony,code03,1.274
2019,percentage,structural deficit,lower saxony,code03,1.088
2020,percentage,structural deficit,lower saxony,code03,-0.465
2021,percentage,structural deficit,lower saxony,code03,0.268
2022,percentage,structural deficit,lower saxony,code03,0.431
2010,percentage,structural deficit,north rhine-westphalia,code05,-1.592
2011,percentage,structural deficit,north rhine-westphalia,code05,-0.98
2012,percentage,structural deficit,north rhine-westphalia,code05,-0.696
2013,percentage,structural deficit,north rhine-westphalia,code05,-0.392
2014,percentage,structural deficit,north rhine-westphalia,code05,-0.49
2015,percentage,structural deficit,north rhine-westphalia,code05,-0.249
2016,percentage,structural deficit,north rhine-westphalia,code05,0.178
2017,percentage,structural deficit,north rhine-westphalia,code05,0.4
2018,percentage,structural deficit,north rhine-westphalia,code05,0.728
2019,percentage,structural deficit,north rhine-westphalia,code05,0.949
2020,percentage,structural deficit,north rhine-westphalia,code05,-1.036
2021,percentage,structural deficit,north rhine-westphalia,code05,0.077
2022,percentage,structural deficit,north rhine-westphalia,code05,-0.585
2010,percentage,structural deficit,rhineland palatinate,code07,-2.326
2011,percentage,structural deficit,rhineland palatinate,code07,-1.978
2012,percentage,structural deficit,rhineland palatinate,code07,-1.033
2013,percentage,structural deficit,rhineland palatinate,code07,-0.717
2014,percentage,structural deficit,rhineland palatinate,code07,-0.755
2015,percentage,structural deficit,rhineland palatinate,code07,-0.348
2016,percentage,structural deficit,rhineland palatinate,code07,0.318
2017,percentage,structural deficit,rhineland palatinate,code07,1.082
2018,percentage,structural deficit,rhineland palatinate,code07,1.016
2019,percentage,structural deficit,rhineland palatinate,code07,1.06
2020,percentage,structural deficit,rhineland palatinate,code07,-0.358
2021,percentage,structural deficit,rhineland palatinate,code07,1.79
2022,percentage,structural deficit,rhineland palatinate,code07,1.165
2010,percentage,structural deficit,saarland,code10,-3.954
2011,percentage,structural deficit,saarland,code10,-3.21
2012,percentage,structural deficit,saarland,code10,-3.24
2013,percentage,structural deficit,saarland,code10,-2.455
2014,percentage,structural deficit,saarland,code10,-2.24
2015,percentage,structural deficit,saarland,code10,-1.289
2016,percentage,structural deficit,saarland,code10,-0.996
2017,percentage,structural deficit,saarland,code10,0.131
2018,percentage,structural deficit,saarland,code10,0.826
2019,percentage,structural deficit,saarland,code10,0.67
2020,percentage,structural deficit,saarland,code10,-0.113
2021,percentage,structural deficit,saarland,code10,-0.221
2022,percentage,structural deficit,saarland,code10,-8.193
2010,percentage,structural deficit,saxony,code14,0.036
2011,percentage,structural deficit,saxony,code14,1.943
2012,percentage,structural deficit,saxony,code14,1.63
2013,percentage,structural deficit,saxony,code14,1.114
2014,percentage,structural deficit,saxony,code14,1.158
2015,percentage,structural deficit,saxony,code14,0.987
2016,percentage,structural deficit,saxony,code14,1.157
2017,percentage,structural deficit,saxony,code14,0.902
2018,percentage,structural deficit,saxony,code14,2.205
2019,percentage,structural deficit,saxony,code14,0.638
2020,percentage,structural deficit,saxony,code14,-2.271
2021,percentage,structural deficit,saxony,code14,0.112
2022,percentage,structural deficit,saxony,code14,0.969
2010,percentage,structural deficit,saxony-anhalt,code15,-1.291
2011,percentage,structural deficit,saxony-anhalt,code15,-0.031
2012,percentage,structural deficit,saxony-anhalt,code15,0.344
2013,percentage,structural deficit,saxony-anhalt,code15,0.678
2014,percentage,structural deficit,saxony-anhalt,code15,0.245
2015,percentage,structural deficit,saxony-anhalt,code15,1.579
2016,percentage,structural deficit,saxony-anhalt,code15,1.838
2017,percentage,structural deficit,saxony-anhalt,code15,1.173
2018,percentage,structural deficit,saxony-anhalt,code15,1.294
2019,percentage,structural deficit,saxony-anhalt,code15,0.805
2020,percentage,structural deficit,saxony-anhalt,code15,-1.008
2021,percentage,structural deficit,saxony-anhalt,code15,0.359
2022,percentage,structural deficit,saxony-anhalt,code15,0.517
2010,percentage,structural deficit,schleswig-holstein,code01,-2.265
2011,percentage,structural deficit,schleswig-holstein,code01,-1.04
2012,percentage,structural deficit,schleswig-holstein,code01,-0.39
2013,percentage,structural deficit,schleswig-holstein,code01,-0.014
2014,percentage,structural deficit,schleswig-holstein,code01,-0.346
2015,percentage,structural deficit,schleswig-holstein,code01,0.275
2016,percentage,structural deficit,schleswig-holstein,code01,-0.487
2017,percentage,structural deficit,schleswig-holstein,code01,0.449
2018,percentage,structural deficit,schleswig-holstein,code01,-1.724
2019,percentage,structural deficit,schleswig-holstein,code01,0.079
2020,percentage,structural deficit,schleswig-holstein,code01,-0.208
2021,percentage,structural deficit,schleswig-holstein,code01,0.206
2022,percentage,structural deficit,schleswig-holstein,code01,0.234
2010,percentage,structural deficit,thuringia,code16,-1.273
2011,percentage,structural deficit,thuringia,code16,-0.388
2012,percentage,structural deficit,thuringia,code16,0.658
2013,percentage,structural deficit,thuringia,code16,0.943
2014,percentage,structural deficit,thuringia,code16,0.749
2015,percentage,structural deficit,thuringia,code16,0.893
2016,percentage,structural deficit,thuringia,code16,1.476
2017,percentage,structural deficit,thuringia,code16,2.136
2018,percentage,structural deficit,thuringia,code16,1.776
2019,percentage,structural deficit,thuringia,code16,1.309
2020,percentage,structural deficit,thuringia,code16,-0.413
2021,percentage,structural deficit,thuringia,code16,0.128
2022,percentage,structural deficit,thuringia,code16,1.893
