Year,Units,COMMENT_OBS_0,COMMENT_OBS_1,länder,GeoCode,Value
1991,percentage,,,,,24.84
1992,percentage,,,,,25.009
1993,percentage,,,,,23.962
1994,percentage,,,,,24.025
1995,percentage,,,,,23.465
1996,percentage,,,,,22.933
1997,percentage,,,,,22.573
1998,percentage,,,,,22.701
1999,percentage,,,,,22.833
2000,percentage,r,,,,22.883
2001,percentage,r,,,,21.543
2002,percentage,r,,,,19.887
2003,percentage,r,,,,19.264
2004,percentage,r,,,,18.831
2005,percentage,r,,,,18.764
2006,percentage,r,,,,19.462
2007,percentage,r,,,,19.715
2008,percentage,r,,,,19.963
2009,percentage,r,,,,18.838
2010,percentage,r,,,,19.186
2011,percentage,r,,,,20.008
2012,percentage,r,,,,19.966
2013,percentage,r,,,,19.577
2014,percentage,r,,,,19.783
2015,percentage,r,,,,19.748
2016,percentage,r,,,,20.044
2017,percentage,r,,,,20.134
2018,percentage,r,,,,20.818
2019,percentage,r,,,,21.152
2020,percentage,r,,,,21.343
2021,percentage,r,,,,21.182
2022,percentage,r,p,,,21.601
2023,percentage,r,p,,,21.192
2024,percentage,r,p,,,20.46
2025,percentage,p,,,,20.263
1991,percentage,,,baden-wuerttemberg,code08,24.53
1992,percentage,,,baden-wuerttemberg,code08,24.045
1993,percentage,,,baden-wuerttemberg,code08,22.891
1994,percentage,,,baden-wuerttemberg,code08,21.669
1995,percentage,,,baden-wuerttemberg,code08,20.388
1996,percentage,,,baden-wuerttemberg,code08,20.326
1997,percentage,,,baden-wuerttemberg,code08,19.782
1998,percentage,,,baden-wuerttemberg,code08,20.237
1999,percentage,,,baden-wuerttemberg,code08,20.31
2000,percentage,r,,baden-wuerttemberg,code08,21.143
2001,percentage,r,,baden-wuerttemberg,code08,21.508
2002,percentage,r,,baden-wuerttemberg,code08,20.413
2003,percentage,r,,baden-wuerttemberg,code08,19.107
2004,percentage,r,,baden-wuerttemberg,code08,19.697
2005,percentage,r,,baden-wuerttemberg,code08,19.093
2006,percentage,r,,baden-wuerttemberg,code08,19.958
2007,percentage,r,,baden-wuerttemberg,code08,20.183
2008,percentage,r,,baden-wuerttemberg,code08,20.971
2009,percentage,r,,baden-wuerttemberg,code08,20.227
2010,percentage,r,,baden-wuerttemberg,code08,19.514
2011,percentage,r,,baden-wuerttemberg,code08,20.342
2012,percentage,r,,baden-wuerttemberg,code08,21.386
2013,percentage,r,,baden-wuerttemberg,code08,20.67
2014,percentage,r,,baden-wuerttemberg,code08,20.398
2015,percentage,r,,baden-wuerttemberg,code08,20.674
2016,percentage,r,,baden-wuerttemberg,code08,20.841
2017,percentage,r,,baden-wuerttemberg,code08,21.775
2018,percentage,r,,baden-wuerttemberg,code08,22.887
2019,percentage,r,,baden-wuerttemberg,code08,23.009
2020,percentage,r,,baden-wuerttemberg,code08,22.784
2021,percentage,r,,baden-wuerttemberg,code08,22.651
2022,percentage,p,,baden-wuerttemberg,code08,22.761
2023,percentage,…,,baden-wuerttemberg,code08,
2024,percentage,…,,baden-wuerttemberg,code08,
2025,percentage,…,,baden-wuerttemberg,code08,
1991,percentage,,,bavaria,code09,28.112
1992,percentage,,,bavaria,code09,27.273
1993,percentage,,,bavaria,code09,24.547
1994,percentage,,,bavaria,code09,25.128
1995,percentage,,,bavaria,code09,24.684
1996,percentage,,,bavaria,code09,24.29
1997,percentage,,,bavaria,code09,22.719
1998,percentage,,,bavaria,code09,23.545
1999,percentage,,,bavaria,code09,23.284
2000,percentage,r,,bavaria,code09,24.045
2001,percentage,r,,bavaria,code09,22.781
2002,percentage,r,,bavaria,code09,21.421
2003,percentage,r,,bavaria,code09,22.044
2004,percentage,r,,bavaria,code09,21.059
2005,percentage,r,,bavaria,code09,20.123
2006,percentage,r,,bavaria,code09,23.307
2007,percentage,r,,bavaria,code09,22.559
2008,percentage,r,,bavaria,code09,22.817
2009,percentage,r,,bavaria,code09,21.069
2010,percentage,r,,bavaria,code09,21.258
2011,percentage,r,,bavaria,code09,22.792
2012,percentage,r,,bavaria,code09,22.495
2013,percentage,r,,bavaria,code09,22.224
2014,percentage,r,,bavaria,code09,22.658
2015,percentage,r,,bavaria,code09,22.771
2016,percentage,r,,bavaria,code09,22.582
2017,percentage,r,,bavaria,code09,23.183
2018,percentage,r,,bavaria,code09,24.036
2019,percentage,r,,bavaria,code09,24.096
2020,percentage,r,,bavaria,code09,24.904
2021,percentage,r,,bavaria,code09,23.622
2022,percentage,p,,bavaria,code09,24.812
2023,percentage,…,,bavaria,code09,
2024,percentage,…,,bavaria,code09,
2025,percentage,…,,bavaria,code09,
1991,percentage,,,berlin,code11,22.441
1992,percentage,,,berlin,code11,22.908
1993,percentage,,,berlin,code11,21.813
1994,percentage,,,berlin,code11,20.3
1995,percentage,,,berlin,code11,20.4
1996,percentage,,,berlin,code11,24.414
1997,percentage,,,berlin,code11,27.947
1998,percentage,,,berlin,code11,22.787
1999,percentage,,,berlin,code11,22.035
2000,percentage,r,,berlin,code11,20.524
2001,percentage,r,,berlin,code11,18.77
2002,percentage,r,,berlin,code11,16.037
2003,percentage,r,,berlin,code11,14.276
2004,percentage,r,,berlin,code11,15.36
2005,percentage,r,,berlin,code11,17.216
2006,percentage,r,,berlin,code11,16.831
2007,percentage,r,,berlin,code11,17.361
2008,percentage,r,,berlin,code11,16.84
2009,percentage,r,,berlin,code11,16.325
2010,percentage,r,,berlin,code11,16.563
2011,percentage,r,,berlin,code11,15.819
2012,percentage,r,,berlin,code11,17.721
2013,percentage,r,,berlin,code11,17.573
2014,percentage,r,,berlin,code11,18.697
2015,percentage,r,,berlin,code11,19.06
2016,percentage,r,,berlin,code11,18.942
2017,percentage,r,,berlin,code11,18.252
2018,percentage,r,,berlin,code11,18.909
2019,percentage,r,,berlin,code11,18.63
2020,percentage,r,,berlin,code11,18.401
2021,percentage,r,,berlin,code11,17.35
2022,percentage,p,,berlin,code11,20.443
2023,percentage,…,,berlin,code11,
2024,percentage,…,,berlin,code11,
2025,percentage,…,,berlin,code11,
1991,percentage,,,brandenburg,code12,41.146
1992,percentage,,,brandenburg,code12,44.446
1993,percentage,,,brandenburg,code12,49.205
1994,percentage,,,brandenburg,code12,51.482
1995,percentage,,,brandenburg,code12,46.586
1996,percentage,,,brandenburg,code12,47.767
1997,percentage,,,brandenburg,code12,44.72
1998,percentage,,,brandenburg,code12,43.569
1999,percentage,,,brandenburg,code12,40.261
2000,percentage,r,,brandenburg,code12,36.753
2001,percentage,r,,brandenburg,code12,30.173
2002,percentage,r,,brandenburg,code12,26.6
2003,percentage,r,,brandenburg,code12,23.601
2004,percentage,r,,brandenburg,code12,23.241
2005,percentage,r,,brandenburg,code12,22.523
2006,percentage,r,,brandenburg,code12,22.692
2007,percentage,r,,brandenburg,code12,21.225
2008,percentage,r,,brandenburg,code12,21.696
2009,percentage,r,,brandenburg,code12,19.266
2010,percentage,r,,brandenburg,code12,19.82
2011,percentage,r,,brandenburg,code12,19.924
2012,percentage,r,,brandenburg,code12,21.625
2013,percentage,r,,brandenburg,code12,20.525
2014,percentage,r,,brandenburg,code12,21.06
2015,percentage,r,,brandenburg,code12,21.789
2016,percentage,r,,brandenburg,code12,23.146
2017,percentage,r,,brandenburg,code12,23.119
2018,percentage,r,,brandenburg,code12,24.301
2019,percentage,r,,brandenburg,code12,23.826
2020,percentage,r,,brandenburg,code12,25.151
2021,percentage,r,,brandenburg,code12,24.572
2022,percentage,p,,brandenburg,code12,23.743
2023,percentage,…,,brandenburg,code12,
2024,percentage,…,,brandenburg,code12,
2025,percentage,…,,brandenburg,code12,
1991,percentage,,,bremen,code04,18.176
1992,percentage,,,bremen,code04,17.472
1993,percentage,,,bremen,code04,18.381
1994,percentage,,,bremen,code04,14.789
1995,percentage,,,bremen,code04,13.989
1996,percentage,,,bremen,code04,14.968
1997,percentage,,,bremen,code04,14.543
1998,percentage,,,bremen,code04,15.594
1999,percentage,,,bremen,code04,17.456
2000,percentage,r,,bremen,code04,17.622
2001,percentage,r,,bremen,code04,16.456
2002,percentage,r,,bremen,code04,16.559
2003,percentage,r,,bremen,code04,12.793
2004,percentage,r,,bremen,code04,15.055
2005,percentage,r,,bremen,code04,13.86
2006,percentage,r,,bremen,code04,14.537
2007,percentage,r,,bremen,code04,14.67
2008,percentage,r,,bremen,code04,14.834
2009,percentage,r,,bremen,code04,13.881
2010,percentage,r,,bremen,code04,14.342
2011,percentage,r,,bremen,code04,13.986
2012,percentage,r,,bremen,code04,18.278
2013,percentage,r,,bremen,code04,16.116
2014,percentage,r,,bremen,code04,13.832
2015,percentage,r,,bremen,code04,16.815
2016,percentage,r,,bremen,code04,16.276
2017,percentage,r,,bremen,code04,14.002
2018,percentage,r,,bremen,code04,15.961
2019,percentage,r,,bremen,code04,16.542
2020,percentage,r,,bremen,code04,15.385
2021,percentage,r,,bremen,code04,15.655
2022,percentage,p,,bremen,code04,15.567
2023,percentage,…,,bremen,code04,
2024,percentage,…,,bremen,code04,
2025,percentage,…,,bremen,code04,
1991,percentage,,,hamburg,code02,16.57
1992,percentage,,,hamburg,code02,18.068
1993,percentage,,,hamburg,code02,17.121
1994,percentage,,,hamburg,code02,15.253
1995,percentage,,,hamburg,code02,13.985
1996,percentage,,,hamburg,code02,13.8
1997,percentage,,,hamburg,code02,14.455
1998,percentage,,,hamburg,code02,15.418
1999,percentage,,,hamburg,code02,14.545
2000,percentage,r,,hamburg,code02,15.982
2001,percentage,r,,hamburg,code02,17.594
2002,percentage,r,,hamburg,code02,18.715
2003,percentage,r,,hamburg,code02,17.913
2004,percentage,r,,hamburg,code02,20.896
2005,percentage,r,,hamburg,code02,21.971
2006,percentage,r,,hamburg,code02,22.778
2007,percentage,r,,hamburg,code02,24.966
2008,percentage,r,,hamburg,code02,25.655
2009,percentage,r,,hamburg,code02,19.494
2010,percentage,r,,hamburg,code02,23.569
2011,percentage,r,,hamburg,code02,20.492
2012,percentage,r,,hamburg,code02,20.132
2013,percentage,r,,hamburg,code02,20.361
2014,percentage,r,,hamburg,code02,20.927
2015,percentage,r,,hamburg,code02,21.049
2016,percentage,r,,hamburg,code02,19.339
2017,percentage,r,,hamburg,code02,15.311
2018,percentage,r,,hamburg,code02,17.327
2019,percentage,r,,hamburg,code02,17.563
2020,percentage,r,,hamburg,code02,17.365
2021,percentage,r,,hamburg,code02,16.16
2022,percentage,p,,hamburg,code02,15.892
2023,percentage,…,,hamburg,code02,
2024,percentage,…,,hamburg,code02,
2025,percentage,…,,hamburg,code02,
1991,percentage,,,hesse,code06,21.945
1992,percentage,,,hesse,code06,21.27
1993,percentage,,,hesse,code06,20.439
1994,percentage,,,hesse,code06,18.378
1995,percentage,,,hesse,code06,18.767
1996,percentage,,,hesse,code06,17.483
1997,percentage,,,hesse,code06,18.064
1998,percentage,,,hesse,code06,18.359
1999,percentage,,,hesse,code06,18.542
2000,percentage,r,,hesse,code06,18.273
2001,percentage,r,,hesse,code06,18.63
2002,percentage,r,,hesse,code06,16.866
2003,percentage,r,,hesse,code06,16.06
2004,percentage,r,,hesse,code06,16.134
2005,percentage,r,,hesse,code06,17.667
2006,percentage,r,,hesse,code06,17.138
2007,percentage,r,,hesse,code06,18.023
2008,percentage,r,,hesse,code06,19.712
2009,percentage,r,,hesse,code06,16.392
2010,percentage,r,,hesse,code06,17.278
2011,percentage,r,,hesse,code06,18.756
2012,percentage,r,,hesse,code06,17.478
2013,percentage,r,,hesse,code06,17.513
2014,percentage,r,,hesse,code06,17.015
2015,percentage,r,,hesse,code06,16.745
2016,percentage,r,,hesse,code06,17.615
2017,percentage,r,,hesse,code06,18.043
2018,percentage,r,,hesse,code06,18.22
2019,percentage,r,,hesse,code06,18.329
2020,percentage,r,,hesse,code06,19.577
2021,percentage,r,,hesse,code06,18.878
2022,percentage,p,,hesse,code06,21.059
2023,percentage,…,,hesse,code06,
2024,percentage,…,,hesse,code06,
2025,percentage,…,,hesse,code06,
1991,percentage,,,mecklenburg western pomerania,code13,49.215
1992,percentage,,,mecklenburg western pomerania,code13,61.057
1993,percentage,,,mecklenburg western pomerania,code13,59.628
1994,percentage,,,mecklenburg western pomerania,code13,57.037
1995,percentage,,,mecklenburg western pomerania,code13,54.571
1996,percentage,,,mecklenburg western pomerania,code13,47.757
1997,percentage,,,mecklenburg western pomerania,code13,43.358
1998,percentage,,,mecklenburg western pomerania,code13,40.225
1999,percentage,,,mecklenburg western pomerania,code13,36.941
2000,percentage,r,,mecklenburg western pomerania,code13,34.794
2001,percentage,r,,mecklenburg western pomerania,code13,29.72
2002,percentage,r,,mecklenburg western pomerania,code13,25.874
2003,percentage,r,,mecklenburg western pomerania,code13,25.004
2004,percentage,r,,mecklenburg western pomerania,code13,24.649
2005,percentage,r,,mecklenburg western pomerania,code13,26.35
2006,percentage,r,,mecklenburg western pomerania,code13,26.982
2007,percentage,r,,mecklenburg western pomerania,code13,22.484
2008,percentage,r,,mecklenburg western pomerania,code13,23.203
2009,percentage,r,,mecklenburg western pomerania,code13,20.432
2010,percentage,r,,mecklenburg western pomerania,code13,21.7
2011,percentage,r,,mecklenburg western pomerania,code13,23.633
2012,percentage,r,,mecklenburg western pomerania,code13,23.183
2013,percentage,r,,mecklenburg western pomerania,code13,20.199
2014,percentage,r,,mecklenburg western pomerania,code13,21.133
2015,percentage,r,,mecklenburg western pomerania,code13,21.572
2016,percentage,r,,mecklenburg western pomerania,code13,23.632
2017,percentage,r,,mecklenburg western pomerania,code13,22.314
2018,percentage,r,,mecklenburg western pomerania,code13,24.849
2019,percentage,r,,mecklenburg western pomerania,code13,26.456
2020,percentage,r,,mecklenburg western pomerania,code13,25.531
2021,percentage,r,,mecklenburg western pomerania,code13,22.082
2022,percentage,p,,mecklenburg western pomerania,code13,25.907
2023,percentage,…,,mecklenburg western pomerania,code13,
2024,percentage,…,,mecklenburg western pomerania,code13,
2025,percentage,…,,mecklenburg western pomerania,code13,
1991,percentage,,,lower saxony,code03,27.782
1992,percentage,,,lower saxony,code03,26.2
1993,percentage,,,lower saxony,code03,23.947
1994,percentage,,,lower saxony,code03,23.642
1995,percentage,,,lower saxony,code03,23.41
1996,percentage,,,lower saxony,code03,22.871
1997,percentage,,,lower saxony,code03,23.6
1998,percentage,,,lower saxony,code03,24.666
1999,percentage,,,lower saxony,code03,26.078
2000,percentage,r,,lower saxony,code03,26.378
2001,percentage,r,,lower saxony,code03,25.058
2002,percentage,r,,lower saxony,code03,23.605
2003,percentage,r,,lower saxony,code03,24.49
2004,percentage,r,,lower saxony,code03,21.472
2005,percentage,r,,lower saxony,code03,19.668
2006,percentage,r,,lower saxony,code03,20.443
2007,percentage,r,,lower saxony,code03,21.209
2008,percentage,r,,lower saxony,code03,20.482
2009,percentage,r,,lower saxony,code03,22.326
2010,percentage,r,,lower saxony,code03,21.981
2011,percentage,r,,lower saxony,code03,23.667
2012,percentage,r,,lower saxony,code03,23.955
2013,percentage,r,,lower saxony,code03,24.099
2014,percentage,r,,lower saxony,code03,24.228
2015,percentage,r,,lower saxony,code03,24.734
2016,percentage,r,,lower saxony,code03,24.482
2017,percentage,r,,lower saxony,code03,25.209
2018,percentage,r,,lower saxony,code03,24.774
2019,percentage,r,,lower saxony,code03,27.087
2020,percentage,r,,lower saxony,code03,27.034
2021,percentage,r,,lower saxony,code03,29.734
2022,percentage,p,,lower saxony,code03,29.826
2023,percentage,…,,lower saxony,code03,
2024,percentage,…,,lower saxony,code03,
2025,percentage,…,,lower saxony,code03,
1991,percentage,,,north rhine-westphalia,code05,20.45
1992,percentage,,,north rhine-westphalia,code05,20.05
1993,percentage,,,north rhine-westphalia,code05,18.28
1994,percentage,,,north rhine-westphalia,code05,17.807
1995,percentage,,,north rhine-westphalia,code05,17.038
1996,percentage,,,north rhine-westphalia,code05,17.113
1997,percentage,,,north rhine-westphalia,code05,17.0
1998,percentage,,,north rhine-westphalia,code05,17.624
1999,percentage,,,north rhine-westphalia,code05,19.042
2000,percentage,r,,north rhine-westphalia,code05,19.472
2001,percentage,r,,north rhine-westphalia,code05,18.796
2002,percentage,r,,north rhine-westphalia,code05,16.893
2003,percentage,r,,north rhine-westphalia,code05,16.056
2004,percentage,r,,north rhine-westphalia,code05,15.493
2005,percentage,r,,north rhine-westphalia,code05,16.421
2006,percentage,r,,north rhine-westphalia,code05,15.89
2007,percentage,r,,north rhine-westphalia,code05,16.027
2008,percentage,r,,north rhine-westphalia,code05,16.011
2009,percentage,r,,north rhine-westphalia,code05,15.567
2010,percentage,r,,north rhine-westphalia,code05,15.736
2011,percentage,r,,north rhine-westphalia,code05,16.357
2012,percentage,r,,north rhine-westphalia,code05,15.729
2013,percentage,r,,north rhine-westphalia,code05,15.615
2014,percentage,r,,north rhine-westphalia,code05,15.892
2015,percentage,r,,north rhine-westphalia,code05,15.534
2016,percentage,r,,north rhine-westphalia,code05,15.943
2017,percentage,r,,north rhine-westphalia,code05,16.356
2018,percentage,r,,north rhine-westphalia,code05,16.677
2019,percentage,r,,north rhine-westphalia,code05,16.525
2020,percentage,r,,north rhine-westphalia,code05,16.52
2021,percentage,r,,north rhine-westphalia,code05,16.953
2022,percentage,p,,north rhine-westphalia,code05,16.225
2023,percentage,…,,north rhine-westphalia,code05,
2024,percentage,…,,north rhine-westphalia,code05,
2025,percentage,…,,north rhine-westphalia,code05,
1991,percentage,,,rhineland palatinate,code07,23.465
1992,percentage,,,rhineland palatinate,code07,22.405
1993,percentage,,,rhineland palatinate,code07,21.714
1994,percentage,,,rhineland palatinate,code07,22.493
1995,percentage,,,rhineland palatinate,code07,22.657
1996,percentage,,,rhineland palatinate,code07,20.905
1997,percentage,,,rhineland palatinate,code07,21.521
1998,percentage,,,rhineland palatinate,code07,22.573
1999,percentage,,,rhineland palatinate,code07,22.915
2000,percentage,r,,rhineland palatinate,code07,23.557
2001,percentage,r,,rhineland palatinate,code07,21.535
2002,percentage,r,,rhineland palatinate,code07,21.422
2003,percentage,r,,rhineland palatinate,code07,19.15
2004,percentage,r,,rhineland palatinate,code07,18.454
2005,percentage,r,,rhineland palatinate,code07,18.214
2006,percentage,r,,rhineland palatinate,code07,18.994
2007,percentage,r,,rhineland palatinate,code07,19.803
2008,percentage,r,,rhineland palatinate,code07,19.616
2009,percentage,r,,rhineland palatinate,code07,20.021
2010,percentage,r,,rhineland palatinate,code07,19.444
2011,percentage,r,,rhineland palatinate,code07,20.592
2012,percentage,r,,rhineland palatinate,code07,19.999
2013,percentage,r,,rhineland palatinate,code07,20.643
2014,percentage,r,,rhineland palatinate,code07,20.979
2015,percentage,r,,rhineland palatinate,code07,20.646
2016,percentage,r,,rhineland palatinate,code07,20.293
2017,percentage,r,,rhineland palatinate,code07,20.826
2018,percentage,r,,rhineland palatinate,code07,22.714
2019,percentage,r,,rhineland palatinate,code07,21.759
2020,percentage,r,,rhineland palatinate,code07,21.791
2021,percentage,r,,rhineland palatinate,code07,21.981
2022,percentage,p,,rhineland palatinate,code07,22.656
2023,percentage,…,,rhineland palatinate,code07,
2024,percentage,…,,rhineland palatinate,code07,
2025,percentage,…,,rhineland palatinate,code07,
1991,percentage,,,saarland,code10,20.734
1992,percentage,,,saarland,code10,20.247
1993,percentage,,,saarland,code10,18.602
1994,percentage,,,saarland,code10,19.615
1995,percentage,,,saarland,code10,20.562
1996,percentage,,,saarland,code10,20.974
1997,percentage,,,saarland,code10,21.118
1998,percentage,,,saarland,code10,24.433
1999,percentage,,,saarland,code10,23.387
2000,percentage,r,,saarland,code10,23.128
2001,percentage,r,,saarland,code10,18.438
2002,percentage,r,,saarland,code10,18.712
2003,percentage,r,,saarland,code10,18.527
2004,percentage,r,,saarland,code10,15.568
2005,percentage,r,,saarland,code10,14.889
2006,percentage,r,,saarland,code10,15.925
2007,percentage,r,,saarland,code10,16.397
2008,percentage,r,,saarland,code10,16.174
2009,percentage,r,,saarland,code10,14.642
2010,percentage,r,,saarland,code10,17.724
2011,percentage,r,,saarland,code10,17.055
2012,percentage,r,,saarland,code10,16.516
2013,percentage,r,,saarland,code10,17.319
2014,percentage,r,,saarland,code10,17.512
2015,percentage,r,,saarland,code10,17.941
2016,percentage,r,,saarland,code10,16.986
2017,percentage,r,,saarland,code10,16.19
2018,percentage,r,,saarland,code10,17.36
2019,percentage,r,,saarland,code10,18.975
2020,percentage,r,,saarland,code10,17.351
2021,percentage,r,,saarland,code10,18.085
2022,percentage,p,,saarland,code10,18.057
2023,percentage,…,,saarland,code10,
2024,percentage,…,,saarland,code10,
2025,percentage,…,,saarland,code10,
1991,percentage,,,saxony,code14,42.38
1992,percentage,,,saxony,code14,41.203
1993,percentage,,,saxony,code14,39.082
1994,percentage,,,saxony,code14,46.114
1995,percentage,,,saxony,code14,45.759
1996,percentage,,,saxony,code14,45.27
1997,percentage,,,saxony,code14,42.805
1998,percentage,,,saxony,code14,38.773
1999,percentage,,,saxony,code14,35.884
2000,percentage,r,,saxony,code14,34.958
2001,percentage,r,,saxony,code14,26.924
2002,percentage,r,,saxony,code14,22.794
2003,percentage,r,,saxony,code14,22.512
2004,percentage,r,,saxony,code14,22.86
2005,percentage,r,,saxony,code14,20.947
2006,percentage,r,,saxony,code14,20.497
2007,percentage,r,,saxony,code14,23.273
2008,percentage,r,,saxony,code14,21.796
2009,percentage,r,,saxony,code14,20.487
2010,percentage,r,,saxony,code14,22.212
2011,percentage,r,,saxony,code14,23.31
2012,percentage,r,,saxony,code14,22.688
2013,percentage,r,,saxony,code14,21.043
2014,percentage,r,,saxony,code14,20.632
2015,percentage,r,,saxony,code14,19.031
2016,percentage,r,,saxony,code14,20.773
2017,percentage,r,,saxony,code14,19.503
2018,percentage,r,,saxony,code14,20.058
2019,percentage,r,,saxony,code14,21.386
2020,percentage,r,,saxony,code14,21.756
2021,percentage,r,,saxony,code14,21.083
2022,percentage,p,,saxony,code14,21.386
2023,percentage,…,,saxony,code14,
2024,percentage,…,,saxony,code14,
2025,percentage,…,,saxony,code14,
1991,percentage,,,saxony-anhalt,code15,42.626
1992,percentage,,,saxony-anhalt,code15,53.813
1993,percentage,,,saxony-anhalt,code15,53.135
1994,percentage,,,saxony-anhalt,code15,54.537
1995,percentage,,,saxony-anhalt,code15,52.623
1996,percentage,,,saxony-anhalt,code15,44.62
1997,percentage,,,saxony-anhalt,code15,41.495
1998,percentage,,,saxony-anhalt,code15,40.727
1999,percentage,,,saxony-anhalt,code15,36.302
2000,percentage,r,,saxony-anhalt,code15,33.373
2001,percentage,r,,saxony-anhalt,code15,25.513
2002,percentage,r,,saxony-anhalt,code15,22.816
2003,percentage,r,,saxony-anhalt,code15,21.876
2004,percentage,r,,saxony-anhalt,code15,21.978
2005,percentage,r,,saxony-anhalt,code15,20.222
2006,percentage,r,,saxony-anhalt,code15,18.72
2007,percentage,r,,saxony-anhalt,code15,19.217
2008,percentage,r,,saxony-anhalt,code15,19.32
2009,percentage,r,,saxony-anhalt,code15,20.926
2010,percentage,r,,saxony-anhalt,code15,19.526
2011,percentage,r,,saxony-anhalt,code15,18.526
2012,percentage,r,,saxony-anhalt,code15,19.188
2013,percentage,r,,saxony-anhalt,code15,18.486
2014,percentage,r,,saxony-anhalt,code15,18.193
2015,percentage,r,,saxony-anhalt,code15,18.908
2016,percentage,r,,saxony-anhalt,code15,19.019
2017,percentage,r,,saxony-anhalt,code15,18.822
2018,percentage,r,,saxony-anhalt,code15,18.926
2019,percentage,r,,saxony-anhalt,code15,20.046
2020,percentage,r,,saxony-anhalt,code15,19.576
2021,percentage,r,,saxony-anhalt,code15,21.484
2022,percentage,p,,saxony-anhalt,code15,20.593
2023,percentage,…,,saxony-anhalt,code15,
2024,percentage,…,,saxony-anhalt,code15,
2025,percentage,…,,saxony-anhalt,code15,
1991,percentage,,,schleswig-holstein,code01,21.691
1992,percentage,,,schleswig-holstein,code01,22.2
1993,percentage,,,schleswig-holstein,code01,21.168
1994,percentage,,,schleswig-holstein,code01,21.935
1995,percentage,,,schleswig-holstein,code01,22.8
1996,percentage,,,schleswig-holstein,code01,21.253
1997,percentage,,,schleswig-holstein,code01,21.649
1998,percentage,,,schleswig-holstein,code01,22.918
1999,percentage,,,schleswig-holstein,code01,23.618
2000,percentage,r,,schleswig-holstein,code01,22.658
2001,percentage,r,,schleswig-holstein,code01,20.331
2002,percentage,r,,schleswig-holstein,code01,18.183
2003,percentage,r,,schleswig-holstein,code01,18.002
2004,percentage,r,,schleswig-holstein,code01,17.09
2005,percentage,r,,schleswig-holstein,code01,17.142
2006,percentage,r,,schleswig-holstein,code01,19.589
2007,percentage,r,,schleswig-holstein,code01,19.59
2008,percentage,r,,schleswig-holstein,code01,19.637
2009,percentage,r,,schleswig-holstein,code01,18.222
2010,percentage,r,,schleswig-holstein,code01,20.952
2011,percentage,r,,schleswig-holstein,code01,22.437
2012,percentage,r,,schleswig-holstein,code01,21.34
2013,percentage,r,,schleswig-holstein,code01,18.685
2014,percentage,r,,schleswig-holstein,code01,21.449
2015,percentage,r,,schleswig-holstein,code01,20.553
2016,percentage,r,,schleswig-holstein,code01,23.16
2017,percentage,r,,schleswig-holstein,code01,21.433
2018,percentage,r,,schleswig-holstein,code01,21.576
2019,percentage,r,,schleswig-holstein,code01,23.165
2020,percentage,r,,schleswig-holstein,code01,22.76
2021,percentage,r,,schleswig-holstein,code01,21.73
2022,percentage,p,,schleswig-holstein,code01,23.222
2023,percentage,…,,schleswig-holstein,code01,
2024,percentage,…,,schleswig-holstein,code01,
2025,percentage,…,,schleswig-holstein,code01,
1991,percentage,,,thuringia,code16,45.474
1992,percentage,,,thuringia,code16,52.043
1993,percentage,,,thuringia,code16,55.189
1994,percentage,,,thuringia,code16,55.189
1995,percentage,,,thuringia,code16,49.86
1996,percentage,,,thuringia,code16,39.337
1997,percentage,,,thuringia,code16,38.545
1998,percentage,,,thuringia,code16,36.529
1999,percentage,,,thuringia,code16,37.698
2000,percentage,r,,thuringia,code16,33.625
2001,percentage,r,,thuringia,code16,31.276
2002,percentage,r,,thuringia,code16,26.061
2003,percentage,r,,thuringia,code16,26.068
2004,percentage,r,,thuringia,code16,22.066
2005,percentage,r,,thuringia,code16,22.616
2006,percentage,r,,thuringia,code16,22.947
2007,percentage,r,,thuringia,code16,23.58
2008,percentage,r,,thuringia,code16,25.692
2009,percentage,r,,thuringia,code16,21.66
2010,percentage,r,,thuringia,code16,20.94
2011,percentage,r,,thuringia,code16,21.547
2012,percentage,r,,thuringia,code16,21.221
2013,percentage,r,,thuringia,code16,19.573
2014,percentage,r,,thuringia,code16,19.604
2015,percentage,r,,thuringia,code16,18.717
2016,percentage,r,,thuringia,code16,20.275
2017,percentage,r,,thuringia,code16,18.497
2018,percentage,r,,thuringia,code16,19.479
2019,percentage,r,,thuringia,code16,19.631
2020,percentage,r,,thuringia,code16,19.97
2021,percentage,r,,thuringia,code16,19.484
2022,percentage,p,,thuringia,code16,19.86
2023,percentage,…,,thuringia,code16,
2024,percentage,…,,thuringia,code16,
2025,percentage,…,,thuringia,code16,
